Ec,Xi,Eta,k,Fval,Gval,combo,p_Fval,p_Gval,,F_Error,G_Error
-1,0,0,1,0,1,-1_0,-0.00892365,0.95269656,,0.00892365,0.04730344
-1,0,0.02,1,0.11532,0.97134,-1_0,0.112309694,0.94113445,,0.003010306,0.03020555
-1,0,0.04,1,0.22329,0.9417,-1_0,0.22453976,0.92559767,,-0.00124976,0.01610233
-1,0,0.06,1,0.32412,0.91121,-1_0,0.3281119,0.906235,,-0.0039919,0.004975
-1,0,0.08,1,0.41803,0.88001,-1_0,0.42345023,0.88330066,,-0.00542023,-0.00329066
-1,0,0.1,1,0.50527,0.84823,-1_0,0.51102304,0.8571434,,-0.00575304,-0.0089134
-1,0,0.12,1,0.58607,0.816,-1_0,0.5913291,0.82818985,,-0.0052591,-0.01218985
-1,0,0.14,1,0.66067,0.78344,-1_0,0.664869,0.79693055,,-0.004199,-0.01349055
-1,0,0.16,1,0.72933,0.75067,-1_0,0.73213077,0.7638972,,-0.00280077,-0.0132272
-1,0,0.18,1,0.7923,0.71782,-1_0,0.79358375,0.7296325,,-0.00128375,-0.0118125
-1,0,0.2,1,0.84983,0.685,-1_0,0.8496628,0.6946689,,0.0001672,-0.0096689
-1,0,0.22,1,0.90219,0.65233,-1_0,0.9007681,0.65949523,,0.0014219,-0.00716523
-1,0,0.24,1,0.94964,0.61992,-1_0,0.9472607,0.62453365,,0.0023793,-0.00461365
-1,0,0.26,1,0.99243,0.58786,-1_0,0.98946506,0.5901265,,0.00296494,-0.0022665
-1,0,0.28,1,1.03081,0.55627,-1_0,1.0276638,0.5565295,,0.0031462,-0.0002595
-1,0,0.3,1,1.06505,0.52523,-1_0,1.0621024,0.52391946,,0.0029476,0.00131054
-1,0,0.32,1,1.0954,0.49484,-1_0,1.0929866,0.49240968,,0.0024134,0.00243032
-1,0,0.34,1,1.12209,0.46517,-1_0,1.1204865,0.46206623,,0.0016035,0.00310377
-1,0,0.36,1,1.14538,0.4363,-1_0,1.1447449,0.4329242,,0.0006351,0.0033758
-1,0,0.38,1,1.16549,0.4083,-1_0,1.165885,0.4049968,,-0.000395,0.0033032
-1,0,0.4,1,1.18267,0.38122,-1_0,1.1840259,0.37828058,,-0.0013559,0.00293942
-1,0,0.42,1,1.19712,0.35512,-1_0,1.1992943,0.35276034,,-0.0021743,0.00235966
-1,0,0.44,1,1.20907,0.33005,-1_0,1.2118315,0.32840782,,-0.0027615,0.00164218
-1,0,0.46,1,1.21873,0.30603,-1_0,1.2218015,0.30518407,,-0.0030715,0.00084593
-1,0,0.48,1,1.22628,0.28309,-1_0,1.2293873,0.283045,,-0.0031073,4.5E-05
-1,0,0.5,1,1.23193,0.26126,-1_0,1.2347884,0.26194334,,-0.0028584,-0.00068334
-1,0,0.52,1,1.23584,0.24054,-1_0,1.2382174,0.2418318,,-0.0023774,-0.0012918
-1,0,0.54,1,1.2382,0.22093,-1_0,1.2398927,0.22266872,,-0.0016927,-0.00173872
-1,0,0.56,1,1.23916,0.20244,-1_0,1.2400322,0.20442106,,-0.0008722,-0.00198106
-1,0,0.58,1,1.23887,0.18506,-1_0,1.2388482,0.18706682,,2.18E-05,-0.00200682
-1,0,0.6,1,1.23748,0.16876,-1_0,1.236545,0.17059809,,0.000935,-0.00183809
-1,0,0.62,1,1.23512,0.15353,-1_0,1.233313,0.15502414,,0.001807,-0.00149414
-1,0,0.64,1,1.23192,0.13933,-1_0,1.229329,0.14036718,,0.002591,-0.00103718
-1,0,0.66,1,1.22798,0.12614,-1_0,1.224751,0.12666045,,0.003229,-0.00052045
-1,0,0.68,1,1.22341,0.11393,-1_0,1.2197168,0.1139397,,0.0036932,-9.7E-06
-1,0,0.7,1,1.21832,0.10265,-1_0,1.2143403,0.10223365,,0.0039797,0.00041635
-1,0,0.72,1,1.21279,0.09226,-1_0,1.20871,0.09155449,,0.00408,0.00070551
-1,0,0.74,1,1.20689,0.08273,-1_0,1.202889,0.08189121,,0.004001,0.00083879
-1,0,0.76,1,1.20072,0.074,-1_0,1.19692,0.073208004,,0.0038,0.000791996
-1,0,0.78,1,1.19432,0.06603,-1_0,1.1908307,0.06544708,,0.0034893,0.00058292
-1,0,0.8,1,1.18777,0.05878,-1_0,1.1846399,0.05853522,,0.0031301,0.00024478
-1,0,0.82,1,1.18111,0.0522,-1_0,1.1783644,0.052391417,,0.0027456,-0.000191417
-1,0,0.84,1,1.17439,0.04624,-1_0,1.1720225,0.04693332,,0.0023675,-0.00069332
-1,0,0.86,1,1.16766,0.04087,-1_0,1.1656358,0.04208258,,0.0020242,-0.00121258
-1,0,0.88,1,1.16095,0.03604,-1_0,1.1592296,0.0377675,,0.0017204,-0.0017275
-1,0,0.9,1,1.15429,0.0317,-1_0,1.1528313,0.033924017,,0.0014587,-0.002224017
-1,0,0.92,1,1.14772,0.02781,-1_0,1.1464695,0.030496117,,0.0012505,-0.002686117
-1,0,0.94,1,1.14125,0.02435,-1_0,1.1401726,0.027434908,,0.0010774,-0.003084908
-1,0,0.96,1,1.1349,0.02127,-1_0,1.1339669,0.024697933,,0.0009331,-0.003427933
-1,0,0.98,1,1.1287,0.01853,-1_0,1.127877,0.02224809,,0.000823,-0.00371809
-1,0,1,1,1.12265,0.01611,-1_0,1.1219237,0.020053152,,0.0007263,-0.003943152
-1,0,1.02,1,1.11677,0.01397,-1_0,1.1161255,0.01808481,,0.0006445,-0.00411481
-1,0,1.04,1,1.11107,0.01208,-1_0,1.1104968,0.01631803,,0.0005732,-0.00423803
-1,0,1.06,1,1.10554,0.01043,-1_0,1.1050495,0.014730915,,0.0004905,-0.004300915
-1,0,1.08,1,1.10021,0.00898,-1_0,1.0997925,0.013303988,,0.0004175,-0.004323988
-1,0,1.1,1,1.09507,0.00772,-1_0,1.0947317,0.012019992,,0.0003383,-0.004299992
-1,0,1.12,1,1.09012,0.00662,-1_0,1.0898707,0.01086358,,0.0002493,-0.00424358
-1,0,1.14,1,1.08536,0.00566,-1_0,1.0852113,0.009821206,,0.0001487,-0.004161206
-1,0,1.16,1,1.08079,0.00483,-1_0,1.0807528,0.008880742,,3.72E-05,-0.004050742
-1,0,1.18,1,1.07641,0.00411,-1_0,1.0764939,0.008031435,,-8.39E-05,-0.003921435
-1,0,1.2,1,1.07222,0.00349,-1_0,1.0724311,0.007263728,,-0.0002111,-0.003773728
-1,0,1.22,1,1.06822,0.00296,-1_0,1.0685606,0.006569117,,-0.0003406,-0.003609117
-1,0,1.24,1,1.06439,0.00251,-1_0,1.064877,0.005939983,,-0.000487,-0.003429983
-1,0,1.26,1,1.06074,0.00211,-1_0,1.0613751,0.005369604,,-0.0006351,-0.003259604
-1,0,1.28,1,1.05726,0.00178,-1_0,1.0580486,0.00485193,,-0.0007886,-0.00307193
-1,0,1.3,1,1.05395,0.0015,-1_0,1.0548911,0.004381672,,-0.0009411,-0.002881672
-1,0,1.32,1,1.0508,0.00126,-1_0,1.0518959,0.003953964,,-0.0010959,-0.002693964
-1,0,1.34,1,1.04781,0.00105,-1_0,1.0490562,0.003564604,,-0.0012462,-0.002514604
-1,0,1.36,1,1.04497,0.00088,-1_0,1.0463653,0.003209792,,-0.0013953,-0.002329792
-1,0,1.38,1,1.04227,0.00073,-1_0,1.0438163,0.002886109,,-0.0015463,-0.002156109
-1,0,1.4,1,1.03971,0.00061,-1_0,1.0414026,0.002590567,,-0.0016926,-0.001980567
-1,0,1.42,1,1.03729,0.0005,-1_0,1.0391176,0.002320416,,-0.0018276,-0.001820416
-1,0,1.44,1,1.035,0.00042,-1_0,1.036955,0.002073281,,-0.001955,-0.001653281
-1,0,1.46,1,1.03283,0.00035,-1_0,1.0349085,0.001846947,,-0.0020785,-0.001496947
-1,0,1.48,1,1.03078,0.00029,-1_0,1.0329722,0.001639545,,-0.0021922,-0.001349545
-1,0,1.5,1,1.02884,0.00024,-1_0,1.0311404,0.001449257,,-0.0023004,-0.001209257
-1,0,1.52,1,1.02701,0.00019,-1_0,1.0294077,0.001274571,,-0.0023977,-0.001084571
-1,0,1.54,1,1.02528,0.00016,-1_0,1.0277686,0.001114063,,-0.0024886,-0.000954063
-1,0,1.56,1,1.02365,0.00013,-1_0,1.0262183,0.000966489,,-0.0025683,-0.000836489
-1,0,1.58,1,1.02211,0.00011,-1_0,1.0247519,0.000830703,,-0.0026419,-0.000720703
-1,0,1.6,1,1.02066,9.00E-05,-1_0,1.0233649,0.000705719,,-0.0027049,-0.000615719
-1,0,1.62,1,1.0193,7.00E-05,-1_0,1.022053,0.000590555,,-0.002753,-0.000520555
-1,0,1.64,1,1.01802,6.00E-05,-1_0,1.0208122,0.000484444,,-0.0027922,-0.000424444
-1,0,1.66,1,1.01681,5.00E-05,-1_0,1.0196385,0.000386573,,-0.0028285,-0.000336573
-1,0,1.68,1,1.01568,4.00E-05,-1_0,1.0185283,0.00029631,,-0.0028483,-0.00025631
-1,0,1.7,1,1.01461,3.00E-05,-1_0,1.0174782,0.000213027,,-0.0028682,-0.000183027
-1,0,1.72,1,1.01361,3.00E-05,-1_0,1.0164849,0.000136159,,-0.0028749,-0.000106159
-1,0,1.74,1,1.01267,2.00E-05,-1_0,1.0155452,6.52E-05,,-0.0028752,-4.51926E-05
-1,0,1.76,1,1.01179,2.00E-05,-1_0,1.0146564,-3.05E-07,,-0.0028664,2.03055E-05
-1,0,1.78,1,1.01097,1.00E-05,-1_0,1.0138156,-6.08E-05,,-0.0028456,7.07818E-05
-1,0,1.8,1,1.0102,1.00E-05,-1_0,1.0130203,-0.000116594,,-0.0028203,0.000126594
-1,0,1.82,1,1.00947,1.00E-05,-1_0,1.012268,-0.00016813,,-0.002798,0.00017813
-1,0,1.84,1,1.00879,1.00E-05,-1_0,1.0115564,-0.000215657,,-0.0027664,0.000225657
-1,0,1.86,1,1.00816,1.00E-05,-1_0,1.0108832,-0.000259481,,-0.0027232,0.000269481
-1,0,1.88,1,1.00757,0,-1_0,1.0102465,-0.000299878,,-0.0026765,0.000299878
-1,0,1.9,1,1.00702,0,-1_0,1.0096444,-0.000337124,,-0.0026244,0.000337124
-1,0,1.92,1,1.0065,0,-1_0,1.0090749,-0.000371352,,-0.0025749,0.000371352
-1,0,1.94,1,1.00602,0,-1_0,1.0085365,-0.000402838,,-0.0025165,0.000402838
-1,0,1.96,1,1.00556,0,-1_0,1.0080274,-0.000431739,,-0.0024674,0.000431739
-1,0,1.98,1,1.00514,0,-1_0,1.0075461,-0.000458226,,-0.0024061,0.000458226
-1,0,2,1,1.00475,0,-1_0,1.0070912,-0.000482492,,-0.0023412,0.000482492
-1,0,2.02,1,1.00439,0,-1_0,1.0066612,-0.000504673,,-0.0022712,0.000504673
-1,0,2.04,1,1.00405,0,-1_0,1.006255,-0.000524856,,-0.002205,0.000524856
-1,0,2.06,1,1.00373,0,-1_0,1.0058712,-0.000543244,,-0.0021412,0.000543244
-1,0,2.08,1,1.00344,0,-1_0,1.0055088,-0.000559866,,-0.0020688,0.000559866
-1,0,2.1,1,1.00317,0,-1_0,1.0051666,-0.000574857,,-0.0019966,0.000574857
-1,0,2.12,1,1.00291,0,-1_0,1.0048437,-0.000588387,,-0.0019337,0.000588387
-1,0,2.14,1,1.00268,0,-1_0,1.0045389,-0.00060045,,-0.0018589,0.00060045
-1,0,2.16,1,1.00246,0,-1_0,1.0042515,-0.000611179,,-0.0017915,0.000611179
-1,0,2.18,1,1.00225,0,-1_0,1.0039805,-0.000620648,,-0.0017305,0.000620648
-1,0,2.2,1,1.00207,0,-1_0,1.0037252,-0.000628941,,-0.0016552,0.000628941
-1,0,2.22,1,1.00189,0,-1_0,1.0034846,-0.000636093,,-0.0015946,0.000636093
-1,0,2.24,1,1.00173,0,-1_0,1.0032582,-0.00064218,,-0.0015282,0.00064218
-1,0,2.26,1,1.00158,0,-1_0,1.0030452,-0.000647306,,-0.0014652,0.000647306
-1,0,2.28,1,1.00144,0,-1_0,1.0028448,-0.000651434,,-0.0014048,0.000651434
-1,0,2.3,1,1.00131,0,-1_0,1.0026566,-0.000654705,,-0.0013466,0.000654705
-1,0,2.32,1,1.00119,0,-1_0,1.0024799,-0.000657134,,-0.0012899,0.000657134
-1,0,2.34,1,1.00109,0,-1_0,1.0023141,-0.000658743,,-0.0012241,0.000658743
-1,0,2.36,1,1.00099,0,-1_0,1.0021588,-0.0006596,,-0.0011688,0.0006596
-1,0,2.38,1,1.00089,0,-1_0,1.0020132,-0.000659734,,-0.0011232,0.000659734
-1,0,2.4,1,1.00081,0,-1_0,1.0018771,-0.00065919,,-0.0010671,0.00065919
-1,0,2.42,1,1.00073,0,-1_0,1.0017499,-0.000657991,,-0.0010199,0.000657991
-1,0,2.44,1,1.00066,0,-1_0,1.0016313,-0.000656195,,-0.0009713,0.000656195
-1,0,2.46,1,1.00059,0,-1_0,1.0015206,-0.000653803,,-0.0009306,0.000653803
-1,0,2.48,1,1.00053,0,-1_0,1.0014178,-0.000650831,,-0.0008878,0.000650831
-1,0,2.5,1,1.00047,0,-1_0,1.0013222,-0.000647359,,-0.0008522,0.000647359
-1,0,2.52,1,1.00042,0,-1_0,1.0012335,-0.000643365,,-0.0008135,0.000643365
-1,0,2.54,1,1.00037,0,-1_0,1.0011514,-0.00063891,,-0.0007814,0.00063891
-1,0,2.56,1,1.00032,0,-1_0,1.0010757,-0.000633992,,-0.0007557,0.000633992
-1,0,2.58,1,1.00028,0,-1_0,1.0010059,-0.000628628,,-0.0007259,0.000628628
-1,0,2.6,1,1.00024,0,-1_0,1.0009419,-0.000622816,,-0.0007019,0.000622816
-1,0,2.62,1,1.00021,0,-1_0,1.0008831,-0.000616632,,-0.0006731,0.000616632
-1,0,2.64,1,1.00017,0,-1_0,1.0008296,-0.000610068,,-0.0006596,0.000610068
-1,0,2.66,1,1.00015,0,-1_0,1.0007808,-0.000603139,,-0.0006308,0.000603139
-1,0,2.68,1,1.00012,0,-1_0,1.0007368,-0.000595868,,-0.0006168,0.000595868
-1,0,2.7,1,1.00009,0,-1_0,1.0006971,-0.000588216,,-0.0006071,0.000588216
-1,0,2.72,1,1.00007,0,-1_0,1.0006616,-0.000580303,,-0.0005916,0.000580303
-1,0,2.74,1,1.00005,0,-1_0,1.0006301,-0.000572048,,-0.0005801,0.000572048
-1,0,2.76,1,1.00004,0,-1_0,1.0006024,-0.000563487,,-0.0005624,0.000563487
-1,0,2.78,1,1.00002,0,-1_0,1.0005782,-0.000554659,,-0.0005582,0.000554659
-1,0,2.8,1,1.00001,0,-1_0,1.0005573,-0.000545546,,-0.0005473,0.000545546
-1,0,2.82,1,0.99999,0,-1_0,1.0005397,-0.000536196,,-0.0005497,0.000536196
-1,0,2.84,1,0.99998,0,-1_0,1.0005252,-0.000526592,,-0.0005452,0.000526592
-1,0,2.86,1,0.99997,0,-1_0,1.0005134,-0.000516698,,-0.0005434,0.000516698
-1,0,2.88,1,0.99996,0,-1_0,1.0005045,-0.00050661,,-0.0005445,0.00050661
-1,0,2.9,1,0.99995,0,-1_0,1.000498,-0.000496291,,-0.000548,0.000496291
-1,0,2.92,1,0.99995,0,-1_0,1.0004941,-0.000485756,,-0.0005441,0.000485756
-1,0,2.94,1,0.99994,0,-1_0,1.0004923,-0.000475012,,-0.0005523,0.000475012
-1,0,2.96,1,0.99994,0,-1_0,1.0004928,-0.000464022,,-0.0005528,0.000464022
-1,0,2.98,1,0.99993,0,-1_0,1.0004953,-0.000452876,,-0.0005653,0.000452876
-1,0,3,1,0.99993,0,-1_0,1.0004997,-0.000441559,,-0.0005697,0.000441559
-1,0,3.02,1,0.99993,0,-1_0,1.000506,-0.00043001,,-0.000576,0.00043001
-1,0,3.04,1,0.99993,0,-1_0,1.0005139,-0.000418328,,-0.0005839,0.000418328
-1,0,3.06,1,0.99993,0,-1_0,1.0005233,-0.000406429,,-0.0005933,0.000406429
-1,0,3.08,1,0.99992,0,-1_0,1.0005343,-0.000394396,,-0.0006143,0.000394396
-1,0,3.1,1,0.99992,0,-1_0,1.0005467,-0.000382185,,-0.0006267,0.000382185
-1,0,3.12,1,0.99992,0,-1_0,1.0005603,-0.000369832,,-0.0006403,0.000369832
-1,0,3.14,1,0.99992,0,-1_0,1.0005751,-0.000357308,,-0.0006551,0.000357308
-1,0,3.16,1,0.99992,0,-1_0,1.000591,-0.000344619,,-0.000671,0.000344619
-1,0,3.18,1,0.99992,0,-1_0,1.000608,-0.000331804,,-0.000688,0.000331804
-1,0,3.2,1,0.99992,0,-1_0,1.0006258,-0.000318848,,-0.0007058,0.000318848
-1,0,3.22,1,0.99992,0,-1_0,1.0006447,-0.000305749,,-0.0007247,0.000305749
-1,0,3.24,1,0.99993,0,-1_0,1.0006642,-0.000292525,,-0.0007342,0.000292525
-1,0,3.26,1,0.99993,0,-1_0,1.0006845,-0.000279151,,-0.0007545,0.000279151
-1,0,3.28,1,0.99993,0,-1_0,1.0007054,-0.000265643,,-0.0007754,0.000265643
-1,0,3.3,1,0.99993,0,-1_0,1.0007268,-0.000252038,,-0.0007968,0.000252038
-1,0,3.32,1,0.99993,0,-1_0,1.0007489,-0.000238299,,-0.0008189,0.000238299
-1,0,3.34,1,0.99994,0,-1_0,1.0007714,-0.000224434,,-0.0008314,0.000224434
-1,0,3.36,1,0.99994,0,-1_0,1.0007942,-0.000210427,,-0.0008542,0.000210427
-1,0,3.38,1,0.99994,0,-1_0,1.0008174,-0.00019633,,-0.0008774,0.00019633
-1,0,3.4,1,0.99994,0,-1_0,1.0008409,-0.000182129,,-0.0009009,0.000182129
-1,0,3.42,1,0.99995,0,-1_0,1.0008645,-0.000167765,,-0.0009145,0.000167765
-1,0,3.44,1,0.99995,0,-1_0,1.0008883,-0.000153318,,-0.0009383,0.000153318
-1,0,3.46,1,0.99995,0,-1_0,1.0009123,-0.000138745,,-0.0009623,0.000138745
-1,0,3.48,1,0.99996,0,-1_0,1.0009364,-0.000124097,,-0.0009764,0.000124097
-1,0,3.5,1,0.99996,0,-1_0,1.0009604,-0.000109293,,-0.0010004,0.000109293
-1,0,3.52,1,0.99996,0,-1_0,1.0009844,-9.44E-05,,-0.0010244,9.44138E-05
-1,0,3.54,1,0.99997,0,-1_0,1.0010083,-7.94E-05,,-0.0010383,7.94306E-05
-1,0,3.56,1,0.99997,0,-1_0,1.0010321,-6.43E-05,,-0.0010621,6.43209E-05
-1,0,3.58,1,0.99997,0,-1_0,1.0010557,-4.91E-05,,-0.0010857,4.9144E-05
-1,0,3.6,1,0.99997,0,-1_0,1.0010792,-3.38E-05,,-0.0011092,3.38405E-05
-1,0,3.62,1,0.99998,0,-1_0,1.0011023,-1.84E-05,,-0.0011223,1.84327E-05
-1,0,3.64,1,0.99998,0,-1_0,1.0011252,-2.94E-06,,-0.0011452,2.93553E-06
-1,0,3.66,1,0.99998,0,-1_0,1.0011477,1.27E-05,,-0.0011677,-1.26958E-05
-1,0,3.68,1,0.99999,0,-1_0,1.0011699,2.84E-05,,-0.0011799,-2.83867E-05
-1,0,3.7,1,0.99999,0,-1_0,1.0011917,4.42E-05,,-0.0012017,-4.42043E-05
-1,0,3.72,1,0.99999,0,-1_0,1.0012131,6.01E-05,,-0.0012231,-6.00964E-05
-1,0,3.74,1,1,0,-1_0,1.0012339,7.61E-05,,-0.0012339,-7.61226E-05
-1,0,3.76,1,1,0,-1_0,1.0012543,9.22E-05,,-0.0012543,-9.22158E-05
-1,0,3.78,1,1,0,-1_0,1.001274,0.000108421,,-0.001274,-0.000108421
-1,0,3.8,1,1.00001,0,-1_0,1.0012932,0.000124767,,-0.0012832,-0.000124767
-1,0,3.82,1,1.00001,0,-1_0,1.0013118,0.000141159,,-0.0013018,-0.000141159
-1,0,3.84,1,1.00001,0,-1_0,1.0013298,0.000157677,,-0.0013198,-0.000157677
-1,0,3.86,1,1.00002,0,-1_0,1.001347,0.000174269,,-0.001327,-0.000174269
-1,0,3.88,1,1.00002,0,-1_0,1.0013634,0.000190996,,-0.0013434,-0.000190996
-1,0,3.9,1,1.00003,0,-1_0,1.0013793,0.000207782,,-0.0013493,-0.000207782
-1,0,3.92,1,1.00003,0,-1_0,1.0013943,0.00022471,,-0.0013643,-0.00022471
-1,0,3.94,1,1.00003,0,-1_0,1.0014085,0.000241734,,-0.0013785,-0.000241734
-1,0,3.96,1,1.00003,0,-1_0,1.0014217,0.000258826,,-0.0013917,-0.000258826
-1,0,3.98,1,1.00004,0,-1_0,1.0014342,0.000276059,,-0.0013942,-0.000276059
-1,0,4,1,1.00004,0,-1_0,1.0014458,0.000293374,,-0.0014058,-0.000293374
-1,0,4.02,1,1.00005,0,-1_0,1.0014564,0.000310823,,-0.0014064,-0.000310823
-1,0,4.04,1,1.00005,0,-1_0,1.001466,0.000328347,,-0.001416,-0.000328347
-1,0,4.06,1,1.00005,0,-1_0,1.0014747,0.000346005,,-0.0014247,-0.000346005
-1,0,4.08,1,1.00006,0,-1_0,1.0014824,0.000363722,,-0.0014224,-0.000363722
-1,0,4.1,1,1.00006,0,-1_0,1.0014889,0.000381581,,-0.0014289,-0.000381581
-1,0,4.12,1,1.00007,0,-1_0,1.0014945,0.000399545,,-0.0014245,-0.000399545
-1,0,4.14,1,1.00007,0,-1_0,1.0014989,0.00041762,,-0.0014289,-0.00041762
-1,0,4.16,1,1.00007,0,-1_0,1.0015022,0.000435807,,-0.0014322,-0.000435807
-1,0,4.18,1,1.00008,0,-1_0,1.0015043,0.000454105,,-0.0014243,-0.000454105
-1,0,4.2,1,1.00008,0,-1_0,1.0015051,0.000472508,,-0.0014251,-0.000472508
-1,0,4.22,1,1.00009,0,-1_0,1.0015048,0.000491038,,-0.0014148,-0.000491038
-1,0,4.24,1,1.00009,0,-1_0,1.0015032,0.000509679,,-0.0014132,-0.000509679
-1,0,4.26,1,1.00009,0,-1_0,1.0015004,0.000528447,,-0.0014104,-0.000528447
-1,0,4.28,1,1.00009,0,-1_0,1.0014962,0.000547312,,-0.0014062,-0.000547312
-1,0,4.3,1,1.00009,0,-1_0,1.0014907,0.000566289,,-0.0014007,-0.000566289
-1,0,4.32,1,1.00009,0,-1_0,1.0014838,0.000585422,,-0.0013938,-0.000585422
-1,0,4.34,1,1.00009,0,-1_0,1.0014755,0.000604659,,-0.0013855,-0.000604659
-1,0,4.36,1,1.00009,0,-1_0,1.0014657,0.000624046,,-0.0013757,-0.000624046
-1,0,4.38001,1,1.00009,0,-1_0,1.0014545,0.000643536,,-0.0013645,-0.000643536
-1,0,4.40001,1,1.00009,0,-1_0,1.0014418,0.000663169,,-0.0013518,-0.000663169
-1,0,4.42001,1,1.00009,0,-1_0,1.0014275,0.000682928,,-0.0013375,-0.000682928
-1,0,4.44001,1,1.00009,0,-1_0,1.0014118,0.000702798,,-0.0013218,-0.000702798
-1,0,4.46001,1,1.00008,0,-1_0,1.0013944,0.00072284,,-0.0013144,-0.00072284
-1,0,4.48001,1,1.00008,0,-1_0,1.0013753,0.000742987,,-0.0012953,-0.000742987
-1,0,4.50001,1,1.00008,0,-1_0,1.0013547,0.00076329,,-0.0012747,-0.00076329
-1,0,4.52001,1,1.00008,0,-1_0,1.0013323,0.000783697,,-0.0012523,-0.000783697
-1,0,4.54001,1,1.00007,0,-1_0,1.0013082,0.000804298,,-0.0012382,-0.000804298
-1,0,4.56001,1,1.00007,0,-1_0,1.0012823,0.00082504,,-0.0012123,-0.00082504
-1,0,4.58001,1,1.00007,0,-1_0,1.0012547,0.000845887,,-0.0011847,-0.000845887
-1,0,4.60001,1,1.00007,0,-1_0,1.0012252,0.000866912,,-0.0011552,-0.000866912
-1,0,4.62001,1,1.00006,0,-1_0,1.0011939,0.000888072,,-0.0011339,-0.000888072
-1,0,4.64001,1,1.00006,0,-1_0,1.0011607,0.000909396,,-0.0011007,-0.000909396
-1,0,4.66001,1,1.00006,0,-1_0,1.0011256,0.00093089,,-0.0010656,-0.00093089
-1,0,4.68001,1,1.00005,0,-1_0,1.0010884,0.000952557,,-0.0010384,-0.000952557
-1,0,4.70001,1,1.00005,0,-1_0,1.0010493,0.00097435,,-0.0009993,-0.00097435
-1,0,4.72001,1,1.00005,0,-1_0,1.001008,0.000996321,,-0.000958,-0.000996321
-1,0,4.74001,1,1.00004,0,-1_0,1.0009648,0.00101845,,-0.0009248,-0.00101845
-1,0,4.76001,1,1.00004,0,-1_0,1.0009193,0.001040757,,-0.0008793,-0.001040757
-1,0,4.78001,1,1.00004,0,-1_0,1.0008718,0.001063243,,-0.0008318,-0.001063243
-1,0,4.80001,1,1.00003,0,-1_0,1.0008221,0.0010859,,-0.0007921,-0.0010859
-1,0,4.82002,1,1.00003,0,-1_0,1.00077,0.001108728,,-0.00074,-0.001108728
-1,0,4.84002,1,1.00003,0,-1_0,1.0007156,0.001131766,,-0.0006856,-0.001131766
-1,0,4.86002,1,1.00002,0,-1_0,1.000659,0.001154989,,-0.000639,-0.001154989
-1,0,4.88002,1,1.00002,0,-1_0,1.0006,0.001178354,,-0.00058,-0.001178354
-1,0,4.90002,1,1.00002,0,-1_0,1.0005385,0.001201965,,-0.0005185,-0.001201965
-1,0,4.92002,1,1.00001,0,-1_0,1.0004746,0.001225755,,-0.0004646,-0.001225755
-1,0,4.94002,1,1.00001,0,-1_0,1.000408,0.001249723,,-0.000398,-0.001249723
-1,0,4.96002,1,1.00001,0,-1_0,1.000339,0.001273893,,-0.000329,-0.001273893
-1,0,4.98002,1,1,0,-1_0,1.0002674,0.001298301,,-0.0002674,-0.001298301
-1,0,5.00002,1,1,0,-1_0,1.000193,0.001322895,,-0.000193,-0.001322895
-1,3,0,2,0,1,-1_3,-0.011901856,1.0062742,,0.011901856,-0.0062742
-1,3,0.02,2,0.12402,0.99591,-1_3,0.120707214,1.0003934,,0.003312786,-0.0044834
-1,3,0.04,2,0.2405,0.98611,-1_3,0.24316788,0.99028206,,-0.00266788,-0.00417206
-1,3,0.06,2,0.34953,0.97127,-1_3,0.35588557,0.976001,,-0.00635557,-0.004731
-1,3,0.08,2,0.45123,0.95206,-1_3,0.45935428,0.95770574,,-0.00812428,-0.00564574
-1,3,0.1,2,0.54573,0.9291,-1_3,0.5541007,0.93563545,,-0.0083707,-0.00653545
-1,3,0.12,2,0.63322,0.90294,-1_3,0.64067733,0.91009676,,-0.00745733,-0.00715676
-1,3,0.14,2,0.7139,0.87412,-1_3,0.71963227,0.8814584,,-0.00573227,-0.0073384
-1,3,0.16,2,0.788,0.84313,-1_3,0.79150057,0.8501413,,-0.00350057,-0.0070113
-1,3,0.18,2,0.85577,0.81042,-1_3,0.8568076,0.81660664,,-0.0010376,-0.00618664
-1,3,0.2,2,0.91745,0.7764,-1_3,0.9160552,0.78134596,,0.0013948,-0.00494596
-1,3,0.22,2,0.97333,0.74145,-1_3,0.9697182,0.744861,,0.0036118,-0.003411
-1,3,0.24,2,1.02368,0.70592,-1_3,1.018235,0.70764196,,0.005445,-0.00172196
-1,3,0.26,2,1.06879,0.67011,-1_3,1.0620055,0.6701442,,0.0067845,-3.42E-05
-1,3,0.28,2,1.10895,0.63429,-1_3,1.101383,0.63276756,,0.007567,0.00152244
-1,3,0.3,2,1.14444,0.59872,-1_3,1.136666,0.59585226,,0.007774,0.00286774
-1,3,0.32,2,1.17556,0.56361,-1_3,1.1681052,0.55967,,0.0074548,0.00394
-1,3,0.34,2,1.2026,0.52916,-1_3,1.1958979,0.52443814,,0.0067021,0.00472186
-1,3,0.36,2,1.22582,0.49552,-1_3,1.2202048,0.49032173,,0.0056152,0.00519827
-1,3,0.38,2,1.24552,0.46283,-1_3,1.2411588,0.4574484,,0.0043612,0.0053816
-1,3,0.4,2,1.26195,0.43121,-1_3,1.258887,0.42590892,,0.003063,0.00530108
-1,3,0.42,2,1.27538,0.40076,-1_3,1.2735281,0.39575928,,0.0018519,0.00500072
-1,3,0.44,2,1.28605,0.37154,-1_3,1.285243,0.36702368,,0.000807,0.00451632
-1,3,0.46,2,1.29422,0.34363,-1_3,1.2942222,0.33969197,,-2.2E-06,0.00393803
-1,3,0.48,2,1.3001,0.31705,-1_3,1.3006855,0.313729,,-0.0005855,0.003321
-1,3,0.5,2,1.30392,0.29183,-1_3,1.3048713,0.2890777,,-0.0009513,0.0027523
-1,3,0.52,2,1.30588,0.26799,-1_3,1.3070279,0.26567176,,-0.0011479,0.00231824
-1,3,0.54,2,1.30619,0.24552,-1_3,1.3074026,0.24344437,,-0.0012126,0.00207563
-1,3,0.56,2,1.30501,0.22442,-1_3,1.3062323,0.22233985,,-0.0012223,0.00208015
-1,3,0.58,2,1.30254,0.20466,-1_3,1.3037415,0.20232472,,-0.0012015,0.00233528
-1,3,0.6,2,1.29892,0.18621,-1_3,1.3001366,0.18339439,,-0.0012166,0.00281561
-1,3,0.62,2,1.29431,0.16904,-1_3,1.2956072,0.16557604,,-0.0012972,0.00346396
-1,3,0.64,2,1.28884,0.15311,-1_3,1.2903215,0.14892331,,-0.0014815,0.00418669
-1,3,0.66,2,1.28264,0.13838,-1_3,1.2844229,0.13350044,,-0.0017829,0.00487956
-1,3,0.68,2,1.27584,0.12478,-1_3,1.2780232,0.11936323,,-0.0021832,0.00541677
-1,3,0.7,2,1.26852,0.11227,-1_3,1.2711998,0.106535874,,-0.0026798,0.005734126
-1,3,0.72,2,1.26081,0.10079,-1_3,1.263999,0.09500002,,-0.003189,0.00578998
-1,3,0.74,2,1.25277,0.09029,-1_3,1.2564452,0.084693015,,-0.0036752,0.005596985
-1,3,0.76,2,1.2445,0.08071,-1_3,1.2485555,0.07551901,,-0.0040555,0.00519099
-1,3,0.78,2,1.23605,0.07199,-1_3,1.2403522,0.06736591,,-0.0043022,0.00462409
-1,3,0.8,2,1.22751,0.06407,-1_3,1.2318693,0.06011891,,-0.0043593,0.00395109
-1,3,0.82,2,1.21891,0.05691,-1_3,1.2231553,0.05367063,,-0.0042453,0.00323937
-1,3,0.84,2,1.21032,0.05044,-1_3,1.21427,0.047926113,,-0.00395,0.002513887
-1,3,0.86,2,1.20178,0.04461,-1_3,1.2052794,0.042802826,,-0.0034994,0.001807174
-1,3,0.88,2,1.19331,0.03937,-1_3,1.1962521,0.03823044,,-0.0029421,0.00113956
-1,3,0.9,2,1.18497,0.03468,-1_3,1.187254,0.03414792,,-0.002284,0.00053208
-1,3,0.92,2,1.17677,0.03049,-1_3,1.1783465,0.030502483,,-0.0015765,-1.2483E-05
-1,3,0.94,2,1.16874,0.02675,-1_3,1.1695839,0.027247474,,-0.0008439,-0.000497474
-1,3,0.96,2,1.1609,0.02342,-1_3,1.1610131,0.024341594,,-0.0001131,-0.000921594
-1,3,0.98,2,1.15326,0.02047,-1_3,1.1526729,0.021747783,,0.0005871,-0.001277783
-1,3,1,2,1.14584,0.01785,-1_3,1.1445944,0.019432839,,0.0012456,-0.001582839
-1,3,1.02,2,1.13865,0.01554,-1_3,1.1368016,0.017366923,,0.0018484,-0.001826923
-1,3,1.04,2,1.1317,0.01351,-1_3,1.1293119,0.015523151,,0.0023881,-0.002013151
-1,3,1.06,2,1.12498,0.01172,-1_3,1.1221365,0.01387731,,0.0028435,-0.00215731
-1,3,1.08,2,1.11851,0.01015,-1_3,1.1152818,0.012407772,,0.0032282,-0.002257772
-1,3,1.1,2,1.11228,0.00877,-1_3,1.1087499,0.011095002,,0.0035301,-0.002325002
-1,3,1.12,2,1.10629,0.00757,-1_3,1.1025388,0.009921677,,0.0037512,-0.002351677
-1,3,1.14,2,1.10056,0.00652,-1_3,1.0966439,0.008872248,,0.0039161,-0.002352248
-1,3,1.16,2,1.09506,0.00561,-1_3,1.0910583,0.007932901,,0.0040017,-0.002322901
-1,3,1.18,2,1.0898,0.00482,-1_3,1.0857729,0.007091336,,0.0040271,-0.002271336
-1,3,1.2,2,1.08477,0.00413,-1_3,1.0807773,0.006336652,,0.0039927,-0.002206652
-1,3,1.22,2,1.07997,0.00354,-1_3,1.0760602,0.005659133,,0.0039098,-0.002119133
-1,3,1.24,2,1.0754,0.00302,-1_3,1.0716099,0.005050272,,0.0037901,-0.002030272
-1,3,1.26,2,1.07104,0.00258,-1_3,1.0674138,0.004502386,,0.0036262,-0.001922386
-1,3,1.28,2,1.06689,0.0022,-1_3,1.0634595,0.004008845,,0.0034305,-0.001808845
-1,3,1.3,2,1.06295,0.00187,-1_3,1.0597347,0.003563702,,0.0032153,-0.001693702
-1,3,1.32,2,1.0592,0.00159,-1_3,1.056227,0.003161676,,0.002973,-0.001571676
-1,3,1.34,2,1.05565,0.00135,-1_3,1.0529246,0.002798155,,0.0027254,-0.001448155
-1,3,1.36,2,1.05228,0.00115,-1_3,1.0498158,0.002469055,,0.0024642,-0.001319055
-1,3,1.38,2,1.04908,0.00097,-1_3,1.0468894,0.002170719,,0.0021906,-0.001200719
-1,3,1.4,2,1.04605,0.00082,-1_3,1.0441349,0.001899988,,0.0019151,-0.001079988
-1,3,1.42,2,1.04319,0.0007,-1_3,1.0415419,0.00165394,,0.0016481,-0.00095394
-1,3,1.44,2,1.04048,0.00059,-1_3,1.0391009,0.001430132,,0.0013791,-0.000840132
-1,3,1.46,2,1.03793,0.0005,-1_3,1.0368026,0.001226299,,0.0011274,-0.000726299
-1,3,1.48,2,1.03551,0.00042,-1_3,1.0346386,0.001040459,,0.0008714,-0.000620459
-1,3,1.5,2,1.03323,0.00036,-1_3,1.0326004,0.000870839,,0.0006296,-0.000510839
-1,3,1.52,2,1.03108,0.0003,-1_3,1.0306804,0.000715889,,0.0003996,-0.000415889
-1,3,1.54,2,1.02906,0.00025,-1_3,1.0288715,0.000574201,,0.0001885,-0.000324201
-1,3,1.56,2,1.02715,0.00021,-1_3,1.0271668,0.000444524,,-1.68E-05,-0.000234524
-1,3,1.58,2,1.02535,0.00018,-1_3,1.02556,0.000325792,,-0.00021,-0.000145792
-1,3,1.6,2,1.02366,0.00015,-1_3,1.0240451,0.000216939,,-0.0003851,-6.69386E-05
-1,3,1.62,2,1.02207,0.00013,-1_3,1.0226166,0.000117123,,-0.0005466,1.28769E-05
-1,3,1.64,2,1.02058,0.00011,-1_3,1.0212691,2.55E-05,,-0.0006891,8.44892E-05
-1,3,1.66,2,1.01918,9.00E-05,-1_3,1.0199978,-5.86E-05,,-0.0008178,0.000148606
-1,3,1.68,2,1.01786,8.00E-05,-1_3,1.0187982,-0.000135839,,-0.0009382,0.000215839
-1,3,1.7,2,1.01663,6.00E-05,-1_3,1.017666,-0.000206783,,-0.001036,0.000266783
-1,3,1.72,2,1.01547,5.00E-05,-1_3,1.016597,-0.000271991,,-0.001127,0.000321991
-1,3,1.74,2,1.01439,4.00E-05,-1_3,1.0155877,-0.000331901,,-0.0011977,0.000371901
-1,3,1.76,2,1.01337,4.00E-05,-1_3,1.0146344,-0.000386946,,-0.0012644,0.000426946
-1,3,1.78,2,1.01242,3.00E-05,-1_3,1.0137339,-0.000437528,,-0.0013139,0.000467528
-1,3,1.8,2,1.01153,3.00E-05,-1_3,1.0128831,-0.000483997,,-0.0013531,0.000513997
-1,3,1.82,2,1.0107,2.00E-05,-1_3,1.0120791,-0.000526629,,-0.0013791,0.000546629
-1,3,1.84,2,1.00992,2.00E-05,-1_3,1.0113194,-0.000565775,,-0.0013994,0.000585775
-1,3,1.86,2,1.00919,2.00E-05,-1_3,1.0106013,-0.000601649,,-0.0014113,0.000621649
-1,3,1.88,2,1.00851,1.00E-05,-1_3,1.0099224,-0.000634521,,-0.0014124,0.000644521
-1,3,1.9,2,1.00788,1.00E-05,-1_3,1.0092804,-0.000664569,,-0.0014004,0.000674569
-1,3,1.92,2,1.00729,1.00E-05,-1_3,1.0086737,-0.00069207,,-0.0013837,0.00070207
-1,3,1.94,2,1.00674,1.00E-05,-1_3,1.0080998,-0.000717096,,-0.0013598,0.000727096
-1,3,1.96,2,1.00623,1.00E-05,-1_3,1.007557,-0.000739895,,-0.001327,0.000749895
-1,3,1.98,2,1.00575,1.00E-05,-1_3,1.0070438,-0.000760645,,-0.0012938,0.000770645
-1,3,2,2,1.00531,0,-1_3,1.0065585,-0.000779383,,-0.0012485,0.000779383
-1,3,2.02,2,1.00489,0,-1_3,1.0060996,-0.00079634,,-0.0012096,0.00079634
-1,3,2.04,2,1.00451,0,-1_3,1.0056654,-0.000811584,,-0.0011554,0.000811584
-1,3,2.06,2,1.00415,0,-1_3,1.005255,-0.000825211,,-0.001105,0.000825211
-1,3,2.08,2,1.00382,0,-1_3,1.0048668,-0.000837363,,-0.0010468,0.000837363
-1,3,2.1,2,1.00351,0,-1_3,1.0044998,-0.000848092,,-0.0009898,0.000848092
-1,3,2.12,2,1.00322,0,-1_3,1.0041528,-0.000857517,,-0.0009328,0.000857517
-1,3,2.14,2,1.00296,0,-1_3,1.0038247,-0.000865728,,-0.0008647,0.000865728
-1,3,2.16,2,1.00271,0,-1_3,1.0035146,-0.000872754,,-0.0008046,0.000872754
-1,3,2.18,2,1.00248,0,-1_3,1.0032216,-0.000878699,,-0.0007416,0.000878699
-1,3,2.2,2,1.00227,0,-1_3,1.0029448,-0.000883609,,-0.0006748,0.000883609
-1,3,2.22,2,1.00208,0,-1_3,1.0026833,-0.000887558,,-0.0006033,0.000887558
-1,3,2.24,2,1.0019,0,-1_3,1.0024363,-0.000890598,,-0.0005363,0.000890598
-1,3,2.26,2,1.00173,0,-1_3,1.0022031,-0.000892788,,-0.0004731,0.000892788
-1,3,2.28,2,1.00158,0,-1_3,1.001983,-0.000894114,,-0.000403,0.000894114
-1,3,2.3,2,1.00143,0,-1_3,1.0017754,-0.000894718,,-0.0003454,0.000894718
-1,3,2.32,2,1.0013,0,-1_3,1.0015796,-0.000894576,,-0.0002796,0.000894576
-1,3,2.34,2,1.00118,0,-1_3,1.001395,-0.000893742,,-0.000215,0.000893742
-1,3,2.36,2,1.00107,0,-1_3,1.0012211,-0.000892237,,-0.0001511,0.000892237
-1,3,2.38,2,1.00097,0,-1_3,1.0010573,-0.000890136,,-8.73E-05,0.000890136
-1,3,2.4,2,1.00087,0,-1_3,1.0009031,-0.000887439,,-3.31E-05,0.000887439
-1,3,2.42,2,1.00078,0,-1_3,1.000758,-0.000884198,,2.2E-05,0.000884198
-1,3,2.44,2,1.0007,0,-1_3,1.0006218,-0.000880413,,7.82E-05,0.000880413
-1,3,2.46,2,1.00063,0,-1_3,1.0004938,-0.000876121,,0.0001362,0.000876121
-1,3,2.48,2,1.00056,0,-1_3,1.0003735,-0.000871338,,0.0001865,0.000871338
-1,3,2.5,2,1.00049,0,-1_3,1.0002608,-0.000866152,,0.0002292,0.000866152
-1,3,2.52,2,1.00043,0,-1_3,1.0001552,-0.00086049,,0.0002748,0.00086049
-1,3,2.54,2,1.00038,0,-1_3,1.0000564,-0.000854433,,0.0003236,0.000854433
-1,3,2.56,2,1.00033,0,-1_3,0.999964,-0.000847928,,0.000366,0.000847928
-1,3,2.58,2,1.00028,0,-1_3,0.99987775,-0.000841118,,0.00040225,0.000841118
-1,3,2.6,2,1.00024,0,-1_3,0.9997973,-0.000833914,,0.0004427,0.000833914
-1,3,2.62,2,1.0002,0,-1_3,0.99972236,-0.000826344,,0.00047764,0.000826344
-1,3,2.64,2,1.00017,0,-1_3,0.9996527,-0.000818513,,0.0005173,0.000818513
-1,3,2.66,2,1.00014,0,-1_3,0.9995881,-0.000810333,,0.0005519,0.000810333
-1,3,2.68,2,1.00011,0,-1_3,0.99952817,-0.000801854,,0.00058183,0.000801854
-1,3,2.7,2,1.00009,0,-1_3,0.9994728,-0.000793107,,0.0006172,0.000793107
-1,3,2.72,2,1.00006,0,-1_3,0.9994218,-0.000784062,,0.0006382,0.000784062
-1,3,2.74,2,1.00004,0,-1_3,0.9993748,-0.000774734,,0.0006652,0.000774734
-1,3,2.76,2,1.00002,0,-1_3,0.9993318,-0.000765197,,0.0006882,0.000765197
-1,3,2.78,2,1.00001,0,-1_3,0.99929243,-0.000755399,,0.00071757,0.000755399
-1,3,2.8,2,0.99999,0,-1_3,0.9992566,-0.000745378,,0.0007334,0.000745378
-1,3,2.82,2,0.99998,0,-1_3,0.9992241,-0.000735149,,0.0007559,0.000735149
-1,3,2.84,2,0.99996,0,-1_3,0.9991948,-0.000724688,,0.0007652,0.000724688
-1,3,2.86,2,0.99995,0,-1_3,0.9991685,-0.000714034,,0.0007815,0.000714034
-1,3,2.88,2,0.99994,0,-1_3,0.9991451,-0.000703186,,0.0007949,0.000703186
-1,3,2.9,2,0.99993,0,-1_3,0.9991244,-0.000692114,,0.0008056,0.000692114
-1,3,2.92,2,0.99993,0,-1_3,0.9991063,-0.000680931,,0.0008237,0.000680931
-1,3,2.94,2,0.99992,0,-1_3,0.99909055,-0.000669502,,0.00082945,0.000669502
-1,3,2.96,2,0.99991,0,-1_3,0.9990772,-0.000657916,,0.0008328,0.000657916
-1,3,2.98,2,0.99991,0,-1_3,0.99906605,-0.000646211,,0.00084395,0.000646211
-1,3,3,2,0.9999,0,-1_3,0.99905694,-0.000634328,,0.00084306,0.000634328
-1,3,3.02,2,0.9999,0,-1_3,0.9990498,-0.000622317,,0.0008502,0.000622317
-1,3,3.04,2,0.99989,0,-1_3,0.99904454,-0.000610121,,0.00084546,0.000610121
-1,3,3.06,2,0.99989,0,-1_3,0.9990411,-0.000597805,,0.0008489,0.000597805
-1,3,3.08,2,0.99989,0,-1_3,0.9990392,-0.000585362,,0.0008508,0.000585362
-1,3,3.1,2,0.99989,0,-1_3,0.9990389,-0.000572786,,0.0008511,0.000572786
-1,3,3.12,2,0.99989,0,-1_3,0.99904007,-0.000560068,,0.00084993,0.000560068
-1,3,3.14,2,0.99989,0,-1_3,0.99904263,-0.000547238,,0.00084737,0.000547238
-1,3,3.16,2,0.99989,0,-1_3,0.9990465,-0.000534304,,0.0008435,0.000534304
-1,3,3.18,2,0.99989,0,-1_3,0.99905163,-0.000521228,,0.00083837,0.000521228
-1,3,3.2,2,0.99989,0,-1_3,0.9990579,-0.00050807,,0.0008321,0.00050807
-1,3,3.22,2,0.99989,0,-1_3,0.99906516,-0.000494786,,0.00082484,0.000494786
-1,3,3.24,2,0.99989,0,-1_3,0.9990735,-0.000481389,,0.0008165,0.000481389
-1,3,3.26,2,0.99989,0,-1_3,0.99908274,-0.000467934,,0.00080726,0.000467934
-1,3,3.28,2,0.9999,0,-1_3,0.9990928,-0.000454359,,0.0008072,0.000454359
-1,3,3.3,2,0.9999,0,-1_3,0.9991037,-0.000440672,,0.0007963,0.000440672
-1,3,3.32,2,0.9999,0,-1_3,0.99911547,-0.000426933,,0.00078453,0.000426933
-1,3,3.34,2,0.9999,0,-1_3,0.9991278,-0.000413075,,0.0007722,0.000413075
-1,3,3.36,2,0.9999,0,-1_3,0.9991408,-0.00039915,,0.0007592,0.00039915
-1,3,3.38,2,0.99991,0,-1_3,0.9991543,-0.000385091,,0.0007557,0.000385091
-1,3,3.4,2,0.99991,0,-1_3,0.99916846,-0.000370987,,0.00074154,0.000370987
-1,3,3.42,2,0.99991,0,-1_3,0.999183,-0.000356801,,0.000727,0.000356801
-1,3,3.44,2,0.99991,0,-1_3,0.99919796,-0.00034257,,0.00071204,0.00034257
-1,3,3.46,2,0.99992,0,-1_3,0.99921334,-0.000328235,,0.00070666,0.000328235
-1,3,3.48,2,0.99992,0,-1_3,0.9992291,-0.000313796,,0.0006909,0.000313796
-1,3,3.5,2,0.99992,0,-1_3,0.99924505,-0.00029932,,0.00067495,0.00029932
-1,3,3.52,2,0.99993,0,-1_3,0.99926126,-0.000284776,,0.00066874,0.000284776
-1,3,3.54,2,0.99993,0,-1_3,0.9992777,-0.000270128,,0.0006523,0.000270128
-1,3,3.56,2,0.99993,0,-1_3,0.99929434,-0.000255458,,0.00063566,0.000255458
-1,3,3.58,2,0.99993,0,-1_3,0.9993111,-0.000240691,,0.0006189,0.000240691
-1,3,3.6,2,0.99994,0,-1_3,0.9993279,-0.000225857,,0.0006121,0.000225857
-1,3,3.62,2,0.99994,0,-1_3,0.9993448,-0.000210978,,0.0005952,0.000210978
-1,3,3.64,2,0.99994,0,-1_3,0.99936175,-0.000196017,,0.00057825,0.000196017
-1,3,3.66,2,0.99995,0,-1_3,0.9993787,-0.000180997,,0.0005713,0.000180997
-1,3,3.68,2,0.99995,0,-1_3,0.9993955,-0.000165939,,0.0005545,0.000165939
-1,3,3.7,2,0.99995,0,-1_3,0.9994123,-0.000150785,,0.0005377,0.000150785
-1,3,3.72,2,0.99995,0,-1_3,0.999429,-0.000135593,,0.000521,0.000135593
-1,3,3.74,2,0.99996,0,-1_3,0.99944556,-0.000120349,,0.00051444,0.000120349
-1,3,3.76,2,0.99996,0,-1_3,0.99946195,-0.000105023,,0.00049805,0.000105023
-1,3,3.78,2,0.99996,0,-1_3,0.99947816,-8.96E-05,,0.00048184,8.96454E-05
-1,3,3.8,2,0.99997,0,-1_3,0.9994942,-7.42E-05,,0.0004758,7.4245E-05
-1,3,3.82,2,0.99997,0,-1_3,0.99950993,-5.87E-05,,0.00046007,5.8718E-05
-1,3,3.84,2,0.99997,0,-1_3,0.9995254,-4.32E-05,,0.0004446,4.31687E-05
-1,3,3.86,2,0.99997,0,-1_3,0.9995406,-2.76E-05,,0.0004294,2.7597E-05
-1,3,3.88,2,0.99998,0,-1_3,0.99955547,-1.20E-05,,0.00042453,1.19507E-05
-1,3,3.9,2,0.99998,0,-1_3,0.9995701,3.76E-06,,0.0004099,-3.76254E-06
-1,3,3.92,2,0.99998,0,-1_3,0.99958426,1.95E-05,,0.00039574,-1.95205E-05
-1,3,3.94,2,0.99999,0,-1_3,0.999598,3.54E-05,,0.000392,-3.53605E-05
-1,3,3.96,2,0.99999,0,-1_3,0.99961144,5.12E-05,,0.00037856,-5.12302E-05
-1,3,3.98,2,0.99999,0,-1_3,0.99962443,6.71E-05,,0.00036557,-6.71446E-05
-1,3,4,2,1,0,-1_3,0.9996369,8.31E-05,,0.0003631,-8.31485E-05
-1,3,4.02,2,1,0,-1_3,0.999649,9.92E-05,,0.000351,-9.91821E-05
-1,3,4.04,2,1,0,-1_3,0.99966055,0.000115283,,0.00033945,-0.000115283
-1,3,4.06,2,1.00001,0,-1_3,0.99967164,0.000131458,,0.00033836,-0.000131458
-1,3,4.08,2,1.00001,0,-1_3,0.9996822,0.000147633,,0.0003278,-0.000147633
-1,3,4.1,2,1.00001,0,-1_3,0.9996922,0.000163913,,0.0003178,-0.000163913
-1,3,4.12,2,1.00002,0,-1_3,0.9997016,0.000180267,,0.0003184,-0.000180267
-1,3,4.14,2,1.00002,0,-1_3,0.9997105,0.000196621,,0.0003095,-0.000196621
-1,3,4.16,2,1.00002,0,-1_3,0.9997188,0.000213057,,0.0003012,-0.000213057
-1,3,4.18,2,1.00003,0,-1_3,0.9997265,0.00022956,,0.0003035,-0.00022956
-1,3,4.2,2,1.00003,0,-1_3,0.9997335,0.000246122,,0.0002965,-0.000246122
-1,3,4.22,2,1.00003,0,-1_3,0.9997399,0.00026273,,0.0002901,-0.00026273
-1,3,4.24,2,1.00004,0,-1_3,0.99974567,0.000279412,,0.00029433,-0.000279412
-1,3,4.26,2,1.00004,0,-1_3,0.99975073,0.000296168,,0.00028927,-0.000296168
-1,3,4.28,2,1.00004,0,-1_3,0.99975514,0.000312977,,0.00028486,-0.000312977
-1,3,4.3,2,1.00005,0,-1_3,0.99975884,0.000329822,,0.00029116,-0.000329822
-1,3,4.32,2,1.00005,0,-1_3,0.99976176,0.000346757,,0.00028824,-0.000346757
-1,3,4.34,2,1.00005,0,-1_3,0.999764,0.000363775,,0.000286,-0.000363775
-1,3,4.36,2,1.00006,0,-1_3,0.9997655,0.000380836,,0.0002945,-0.000380836
-1,3,4.38001,2,1.00006,0,-1_3,0.99976623,0.000397988,,0.00029377,-0.000397988
-1,3,4.40001,2,1.00006,0,-1_3,0.99976623,0.000415199,,0.00029377,-0.000415199
-1,3,4.42001,2,1.00006,0,-1_3,0.9997654,0.000432476,,0.0002946,-0.000432476
-1,3,4.44001,2,1.00006,0,-1_3,0.9997638,0.000449806,,0.0002962,-0.000449806
-1,3,4.46001,2,1.00006,0,-1_3,0.99976134,0.000467233,,0.00029866,-0.000467233
-1,3,4.48001,2,1.00006,0,-1_3,0.9997581,0.000484742,,0.0003019,-0.000484742
-1,3,4.50001,2,1.00005,0,-1_3,0.999754,0.000502333,,0.000296,-0.000502333
-1,3,4.52001,2,1.00005,0,-1_3,0.99974906,0.000519998,,0.00030094,-0.000519998
-1,3,4.54001,2,1.00005,0,-1_3,0.9997433,0.000537716,,0.0003067,-0.000537716
-1,3,4.56001,2,1.00005,0,-1_3,0.9997366,0.000555545,,0.0003134,-0.000555545
-1,3,4.58001,2,1.00005,0,-1_3,0.9997291,0.000573434,,0.0003209,-0.000573434
-1,3,4.60001,2,1.00005,0,-1_3,0.99972063,0.000591435,,0.00032937,-0.000591435
-1,3,4.62001,2,1.00004,0,-1_3,0.9997113,0.000609539,,0.0003287,-0.000609539
-1,3,4.64001,2,1.00004,0,-1_3,0.999701,0.000627704,,0.000339,-0.000627704
-1,3,4.66001,2,1.00004,0,-1_3,0.9996898,0.000645995,,0.0003502,-0.000645995
-1,3,4.68001,2,1.00004,0,-1_3,0.9996777,0.000664331,,0.0003623,-0.000664331
-1,3,4.70001,2,1.00004,0,-1_3,0.9996646,0.000682823,,0.0003754,-0.000682823
-1,3,4.72001,2,1.00003,0,-1_3,0.99965054,0.000701375,,0.00037946,-0.000701375
-1,3,4.74001,2,1.00003,0,-1_3,0.99963546,0.000720069,,0.00039454,-0.000720069
-1,3,4.76001,2,1.00003,0,-1_3,0.9996195,0.000738829,,0.0004105,-0.000738829
-1,3,4.78001,2,1.00003,0,-1_3,0.99960244,0.000757724,,0.00042756,-0.000757724
-1,3,4.80001,2,1.00003,0,-1_3,0.99958444,0.000776716,,0.00044556,-0.000776716
-1,3,4.82002,2,1.00002,0,-1_3,0.99956536,0.000795841,,0.00045464,-0.000795841
-1,3,4.84002,2,1.00002,0,-1_3,0.9995453,0.000815071,,0.0004747,-0.000815071
-1,3,4.86002,2,1.00002,0,-1_3,0.9995242,0.000834443,,0.0004958,-0.000834443
-1,3,4.88002,2,1.00002,0,-1_3,0.999502,0.000853933,,0.000518,-0.000853933
-1,3,4.90002,2,1.00001,0,-1_3,0.99947876,0.000873536,,0.00053124,-0.000873536
-1,3,4.92002,2,1.00001,0,-1_3,0.99945444,0.00089325,,0.00055556,-0.00089325
-1,3,4.94002,2,1.00001,0,-1_3,0.99942905,0.000913121,,0.00058095,-0.000913121
-1,3,4.96002,2,1.00001,0,-1_3,0.9994026,0.000933148,,0.0006074,-0.000933148
-1,3,4.98002,2,1,0,-1_3,0.9993749,0.000953294,,0.0006251,-0.000953294
-1,3,5.00002,2,1,0,-1_3,0.9993462,0.000973582,,0.0006538,-0.000973582
5,0,0,3,0,1,5_0,-0.014003992,1.0571926,,0.014003992,-0.0571926
5,0,0.02,3,0.13538,1.02977,5_0,0.12969995,1.0593033,,0.00568005,-0.0295333
5,0,0.04,3,0.26299,1.04721,5_0,0.26305956,1.0569581,,-6.956E-05,-0.0097481
5,0,0.06,3,0.38271,1.05374,5_0,0.38632768,1.0500886,,-0.00361768,0.0036514
5,0,0.08,3,0.49451,1.05072,5_0,0.49988824,1.0387381,,-0.00537824,0.0119819
5,0,0.1,3,0.59841,1.03943,5_0,0.6041894,1.02304,,-0.0057794,0.01639
5,0,0.12,3,0.69452,1.02107,5_0,0.6997268,1.0031973,,-0.0052068,0.0178727
5,0,0.14,3,0.78299,0.99676,5_0,0.7870017,0.97946954,,-0.0040117,0.01729046
5,0,0.16,3,0.86402,0.96753,5_0,0.86650705,0.9521637,,-0.00248705,0.0153663
5,0,0.18,3,0.93784,0.93431,5_0,0.938723,0.9216318,,-0.000883,0.0126782
5,0,0.2,3,1.00472,0.89797,5_0,1.0041163,0.88826334,,0.0006037,0.00970666
5,0,0.22,3,1.06495,0.85927,5_0,1.0631286,0.85248744,,0.0018214,0.00678256
5,0,0.24,3,1.11886,0.8189,5_0,1.1161798,0.81476235,,0.0026802,0.00413765
5,0,0.26,3,1.16676,0.77747,5_0,1.1636627,0.77556014,,0.0030973,0.00190986
5,0,0.28,3,1.20899,0.73551,5_0,1.2059327,0.735358,,0.0030573,0.000152
5,0,0.3,3,1.24589,0.69348,5_0,1.2433056,0.69462097,,0.0025844,-0.00114097
5,0,0.32,3,1.27781,0.65177,5_0,1.2760552,0.65378845,,0.0017548,-0.00201845
5,0,0.34,3,1.30509,0.61072,5_0,1.3044121,0.6132661,,0.0006779,-0.0025461
5,0,0.36,3,1.32806,0.5706,5_0,1.3285755,0.57342255,,-0.0005155,-0.00282255
5,0,0.38,3,1.34705,0.53165,5_0,1.3487257,0.5345788,,-0.0016757,-0.0029288
5,0,0.4,3,1.36238,0.49405,5_0,1.3650463,0.49700704,,-0.0026663,-0.00295704
5,0,0.42,3,1.37437,0.45794,5_0,1.3777457,0.460921,,-0.0033757,-0.002981
5,0,0.44,3,1.3833,0.42342,5_0,1.3870664,0.42647165,,-0.0037664,-0.00305165
5,0,0.46,3,1.38946,0.39057,5_0,1.3932912,0.3937472,,-0.0038312,-0.0031772
5,0,0.48,3,1.39313,0.35943,5_0,1.3967326,0.3627803,,-0.0036026,-0.0033503
5,0,0.5,3,1.39455,0.33004,5_0,1.3977203,0.33356097,,-0.0031703,-0.00352097
5,0,0.52,3,1.39398,0.30238,5_0,1.3965805,0.30604947,,-0.0026005,-0.00366947
5,0,0.54,3,1.39162,0.27645,5_0,1.3936235,0.28019464,,-0.0020035,-0.00374464
5,0,0.56,3,1.38771,0.25221,5_0,1.3891339,0.25594383,,-0.0014239,-0.00373383
5,0,0.58,3,1.38243,0.22963,5_0,1.3833637,0.23325384,,-0.0009337,-0.00362384
5,0,0.6,3,1.37597,0.20864,5_0,1.3765329,0.21209104,,-0.0005629,-0.00345104
5,0,0.62,3,1.3685,0.1892,5_0,1.3688271,0.19243214,,-0.0003271,-0.00323214
5,0,0.64,3,1.36017,0.17124,5_0,1.3604012,0.17425564,,-0.0002312,-0.00301564
5,0,0.66,3,1.35112,0.15469,5_0,1.3513789,0.1575322,,-0.0002589,-0.0028422
5,0,0.68,3,1.34148,0.13947,5_0,1.3418574,0.14221933,,-0.0003774,-0.00274933
5,0,0.7,3,1.33138,0.12552,5_0,1.3319128,0.12825601,,-0.0005328,-0.00273601
5,0,0.72,3,1.32091,0.11276,5_0,1.3216078,0.115565866,,-0.0006978,-0.002805866
5,0,0.74,3,1.31018,0.10111,5_0,1.310998,0.10406053,,-0.000818,-0.00295053
5,0,0.76,3,1.29927,0.0905,5_0,1.3001367,0.09364594,,-0.0008667,-0.00314594
5,0,0.78,3,1.28825,0.08087,5_0,1.2890809,0.084229045,,-0.0008309,-0.003359045
5,0,0.8,3,1.2772,0.07213,5_0,1.2778897,0.07572031,,-0.0006897,-0.00359031
5,0,0.82,3,1.26617,0.06423,5_0,1.2666261,0.0680372,,-0.0004561,-0.0038072
5,0,0.84,3,1.25523,0.0571,5_0,1.2553527,0.061103836,,-0.0001227,-0.004003836
5,0,0.86,3,1.2444,0.05068,5_0,1.2441312,0.054851443,,0.0002688,-0.004171443
5,0,0.88,3,1.23374,0.0449,5_0,1.2330205,0.049217757,,0.0007195,-0.004317757
5,0,0.9,3,1.22327,0.03972,5_0,1.2220742,0.044145714,,0.0011958,-0.004425714
5,0,0.92,3,1.21303,0.03509,5_0,1.2113404,0.039583247,,0.0016896,-0.004493247
5,0,0.94,3,1.20303,0.03094,5_0,1.2008609,0.0354825,,0.0021691,-0.0045425
5,0,0.96,3,1.19331,0.02724,5_0,1.1906706,0.031799622,,0.0026394,-0.004559622
5,0,0.98,3,1.18386,0.02395,5_0,1.1807984,0.028494217,,0.0030616,-0.004544217
5,0,1,3,1.17471,0.02103,5_0,1.1712662,0.025529094,,0.0034438,-0.004499094
5,0,1.02,3,1.16586,0.01844,5_0,1.1620907,0.022870407,,0.0037693,-0.004430407
5,0,1.04,3,1.15732,0.01614,5_0,1.1532828,0.020487025,,0.0040372,-0.004347025
5,0,1.06,3,1.1491,0.01411,5_0,1.1448492,0.01835081,,0.0042508,-0.00424081
5,0,1.08,3,1.14119,0.01232,5_0,1.1367921,0.016435988,,0.0043979,-0.004115988
5,0,1.1,3,1.13359,0.01074,5_0,1.1291101,0.01471936,,0.0044799,-0.00397936
5,0,1.12,3,1.1263,0.00936,5_0,1.1217991,0.013179973,,0.0045009,-0.003819973
5,0,1.14,3,1.11933,0.00814,5_0,1.1148522,0.011798933,,0.0044778,-0.003658933
5,0,1.16,3,1.11266,0.00707,5_0,1.1082606,0.010559328,,0.0043994,-0.003489328
5,0,1.18,3,1.10628,0.00613,5_0,1.1020138,0.009445958,,0.0042662,-0.003315958
5,0,1.2,3,1.1002,0.00532,5_0,1.0961004,0.008445211,,0.0040996,-0.003125211
5,0,1.22,3,1.09441,0.0046,5_0,1.0905077,0.007545047,,0.0039023,-0.002945047
5,0,1.24,3,1.08889,0.00398,5_0,1.0852228,0.006734602,,0.0036672,-0.002754602
5,0,1.26,3,1.08364,0.00344,5_0,1.0802323,0.006004289,,0.0034077,-0.002564289
5,0,1.28,3,1.07866,0.00297,5_0,1.0755223,0.005345553,,0.0031377,-0.002375553
5,0,1.3,3,1.07392,0.00256,5_0,1.0710794,0.004750766,,0.0028406,-0.002190766
5,0,1.32,3,1.06943,0.00221,5_0,1.0668902,0.004213199,,0.0025398,-0.002003199
5,0,1.34,3,1.06518,0.0019,5_0,1.0629416,0.003726751,,0.0022384,-0.001826751
5,0,1.36,3,1.06115,0.00163,5_0,1.0592206,0.003286183,,0.0019294,-0.001656183
5,0,1.38,3,1.05733,0.0014,5_0,1.0557148,0.002886713,,0.0016152,-0.001486713
5,0,1.4,3,1.05373,0.00121,5_0,1.0524125,0.002524138,,0.0013175,-0.001314138
5,0,1.42,3,1.05032,0.00103,5_0,1.049302,0.00219468,,0.001018,-0.00116468
5,0,1.44,3,1.0471,0.00089,5_0,1.0463724,0.001895011,,0.0007276,-0.001005011
5,0,1.46,3,1.04407,0.00076,5_0,1.0436133,0.001622185,,0.0004567,-0.000862185
5,0,1.48,3,1.04121,0.00065,5_0,1.0410148,0.001373529,,0.0001952,-0.000723529
5,0,1.5,3,1.03852,0.00056,5_0,1.0385673,0.001146711,,-4.73E-05,-0.000586711
5,0,1.52,3,1.03598,0.00048,5_0,1.036262,0.0009396,,-0.000282,-0.0004596
5,0,1.54,3,1.03359,0.00041,5_0,1.0340906,0.000750348,,-0.0005006,-0.000340348
5,0,1.56,3,1.03135,0.00035,5_0,1.032045,0.000577249,,-0.000695,-0.000227249
5,0,1.58,3,1.02924,0.0003,5_0,1.0301178,0.00041882,,-0.0008778,-0.00011882
5,0,1.6,3,1.02726,0.00025,5_0,1.0283018,0.000273719,,-0.0010418,-2.37194E-05
5,0,1.62,3,1.0254,0.00022,5_0,1.0265906,0.000140704,,-0.0011906,7.92958E-05
5,0,1.64,3,1.02366,0.00018,5_0,1.0249779,1.87E-05,,-0.0013179,0.000161269
5,0,1.66,3,1.02202,0.00016,5_0,1.0234578,-9.32E-05,,-0.0014378,0.00025317
5,0,1.68,3,1.02049,0.00013,5_0,1.0220246,-0.000195913,,-0.0015346,0.000325913
5,0,1.7,3,1.01906,0.00011,5_0,1.0206736,-0.000290267,,-0.0016136,0.000400267
5,0,1.72,3,1.01771,0.0001,5_0,1.0193996,-0.000376932,,-0.0016896,0.000476932
5,0,1.74,3,1.01646,8.00E-05,5_0,1.0181983,-0.000456549,,-0.0017383,0.000536549
5,0,1.76,3,1.01529,7.00E-05,5_0,1.0170652,-0.000529721,,-0.0017752,0.000599721
5,0,1.78,3,1.01419,6.00E-05,5_0,1.0159965,-0.000596963,,-0.0018065,0.000656963
5,0,1.8,3,1.01316,5.00E-05,5_0,1.0149882,-0.000658721,,-0.0018282,0.000708721
5,0,1.82,3,1.01221,4.00E-05,5_0,1.0140371,-0.000715517,,-0.0018271,0.000755517
5,0,1.84,3,1.01132,4.00E-05,5_0,1.0131397,-0.000767663,,-0.0018197,0.000807663
5,0,1.86,3,1.01049,3.00E-05,5_0,1.012293,-0.000815496,,-0.001803,0.000845496
5,0,1.88,3,1.00972,3.00E-05,5_0,1.011494,-0.000859425,,-0.001774,0.000889425
5,0,1.9,3,1.009,2.00E-05,5_0,1.0107402,-0.000899687,,-0.0017402,0.000919687
5,0,1.92,3,1.00833,2.00E-05,5_0,1.0100287,-0.000936583,,-0.0016987,0.000956583
5,0,1.94,3,1.0077,2.00E-05,5_0,1.0093573,-0.000970349,,-0.0016573,0.000990349
5,0,1.96,3,1.00712,1.00E-05,5_0,1.0087237,-0.001001179,,-0.0016037,0.001011179
5,0,1.98,3,1.00659,1.00E-05,5_0,1.0081259,-0.00102935,,-0.0015359,0.00103935
5,0,2,3,1.00609,1.00E-05,5_0,1.0075617,-0.001054965,,-0.0014717,0.001064965
5,0,2.02,3,1.00562,1.00E-05,5_0,1.0070293,-0.001078285,,-0.0014093,0.001088285
5,0,2.04,3,1.0052,1.00E-05,5_0,1.0065271,-0.001099438,,-0.0013271,0.001109438
5,0,2.06,3,1.0048,1.00E-05,5_0,1.0060532,-0.001118541,,-0.0012532,0.001128541
5,0,2.08,3,1.00443,0,5_0,1.0056062,-0.001135804,,-0.0011762,0.001135804
5,0,2.1,3,1.00409,0,5_0,1.0051845,-0.001151249,,-0.0010945,0.001151249
5,0,2.12,3,1.00377,0,5_0,1.0047868,-0.001165099,,-0.0010168,0.001165099
5,0,2.14,3,1.00348,0,5_0,1.0044119,-0.001177356,,-0.0009319,0.001177356
5,0,2.16,3,1.00321,0,5_0,1.0040584,-0.001188204,,-0.0008484,0.001188204
5,0,2.18,3,1.00296,0,5_0,1.0037252,-0.001197681,,-0.0007652,0.001197681
5,0,2.2,3,1.00273,0,5_0,1.0034112,-0.001205884,,-0.0006812,0.001205884
5,0,2.22,3,1.00252,0,5_0,1.0031154,-0.001212955,,-0.0005954,0.001212955
5,0,2.24,3,1.00232,0,5_0,1.002837,-0.001218885,,-0.000517,0.001218885
5,0,2.26,3,1.00214,0,5_0,1.0025747,-0.001223773,,-0.0004347,0.001223773
5,0,2.28,3,1.00198,0,5_0,1.0023278,-0.001227677,,-0.0003478,0.001227677
5,0,2.3,3,1.00182,0,5_0,1.0020956,-0.001230657,,-0.0002756,0.001230657
5,0,2.32,3,1.00168,0,5_0,1.0018773,-0.001232773,,-0.0001973,0.001232773
5,0,2.34,3,1.00155,0,5_0,1.001672,-0.00123407,,-0.000122,0.00123407
5,0,2.36,3,1.00144,0,5_0,1.0014793,-0.001234584,,-3.93E-05,0.001234584
5,0,2.38,3,1.00133,0,5_0,1.0012982,-0.001234412,,3.18E-05,0.001234412
5,0,2.4,3,1.00123,0,5_0,1.0011283,-0.001233548,,0.0001017,0.001233548
5,0,2.42,3,1.00114,0,5_0,1.000969,-0.001232006,,0.000171,0.001232006
5,0,2.44,3,1.00105,0,5_0,1.0008197,-0.00122989,,0.0002303,0.00122989
5,0,2.46,3,1.00098,0,5_0,1.0006799,-0.001227155,,0.0003001,0.001227155
5,0,2.48,3,1.00091,0,5_0,1.0005491,-0.001223952,,0.0003609,0.001223952
5,0,2.5,3,1.00084,0,5_0,1.0004267,-0.001220197,,0.0004133,0.001220197
5,0,2.52,3,1.00078,0,5_0,1.0003124,-0.001215972,,0.0004676,0.001215972
5,0,2.54,3,1.00073,0,5_0,1.0002059,-0.001211256,,0.0005241,0.001211256
5,0,2.56,3,1.00068,0,5_0,1.0001065,-0.001206175,,0.0005735,0.001206175
5,0,2.58,3,1.00064,0,5_0,1.000014,-0.001200624,,0.000626,0.001200624
5,0,2.6,3,1.0006,0,5_0,0.99992794,-0.00119473,,0.00067206,0.00119473
5,0,2.62,3,1.00057,0,5_0,0.9998481,-0.001188442,,0.0007219,0.001188442
5,0,2.64,3,1.00053,0,5_0,0.99977404,-0.001181811,,0.00075596,0.001181811
5,0,2.66,3,1.00051,0,5_0,0.9997055,-0.001174882,,0.0008045,0.001174882
5,0,2.68,3,1.00048,0,5_0,0.9996422,-0.001167618,,0.0008378,0.001167618
5,0,2.7,3,1.00046,0,5_0,0.9995838,-0.001160078,,0.0008762,0.001160078
5,0,2.72,3,1.00044,0,5_0,0.9995301,-0.001152262,,0.0009099,0.001152262
5,0,2.74,3,1.00042,0,5_0,0.9994808,-0.001144171,,0.0009392,0.001144171
5,0,2.76,3,1.0004,0,5_0,0.99943566,-0.001135796,,0.00096434,0.001135796
5,0,2.78,3,1.00038,0,5_0,0.9993944,-0.001127206,,0.0009856,0.001127206
5,0,2.8,3,1.00037,0,5_0,0.999357,-0.001118422,,0.001013,0.001118422
5,0,2.82,3,1.00035,0,5_0,0.99932295,-0.001109392,,0.00102705,0.001109392
5,0,2.84,3,1.00034,0,5_0,0.9992923,-0.001100183,,0.0010477,0.001100183
5,0,2.86,3,1.00033,0,5_0,0.9992647,-0.001090787,,0.0010653,0.001090787
5,0,2.88,3,1.00032,0,5_0,0.9992401,-0.001081161,,0.0010799,0.001081161
5,0,2.9,3,1.00031,0,5_0,0.9992183,-0.001071423,,0.0010917,0.001071423
5,0,2.92,3,1.0003,0,5_0,0.99919903,-0.001061484,,0.00110097,0.001061484
5,0,2.94,3,1.00029,0,5_0,0.9991822,-0.001051389,,0.0011078,0.001051389
5,0,2.96,3,1.00028,0,5_0,0.9991677,-0.001041159,,0.0011123,0.001041159
5,0,2.98,3,1.00027,0,5_0,0.9991553,-0.00103078,,0.0011147,0.00103078
5,0,3,3,1.00026,0,5_0,0.999145,-0.001020275,,0.001115,0.001020275
5,0,3.02,3,1.00026,0,5_0,0.99913645,-0.001009628,,0.00112355,0.001009628
5,0,3.04,3,1.00025,0,5_0,0.9991298,-0.000998884,,0.0011202,0.000998884
5,0,3.06,3,1.00025,0,5_0,0.99912465,-0.000987999,,0.00112535,0.000987999
5,0,3.08,3,1.00024,0,5_0,0.9991211,-0.000977047,,0.0011189,0.000977047
5,0,3.1,3,1.00024,0,5_0,0.999119,-0.000965931,,0.001121,0.000965931
5,0,3.12,3,1.00024,0,5_0,0.99911815,-0.000954732,,0.00112185,0.000954732
5,0,3.14,3,1.00023,0,5_0,0.9991185,-0.000943452,,0.0011115,0.000943452
5,0,3.16,3,1.00023,0,5_0,0.99912006,-0.00093209,,0.00110994,0.00093209
5,0,3.18,3,1.00023,0,5_0,0.99912256,-0.000920631,,0.00110744,0.000920631
5,0,3.2,3,1.00022,0,5_0,0.999126,-0.000909083,,0.001094,0.000909083
5,0,3.22,3,1.00022,0,5_0,0.99913037,-0.000897475,,0.00108963,0.000897475
5,0,3.24,3,1.00022,0,5_0,0.99913543,-0.00088577,,0.00108457,0.00088577
5,0,3.26,3,1.00021,0,5_0,0.9991413,-0.00087402,,0.0010687,0.00087402
5,0,3.28,3,1.00021,0,5_0,0.99914765,-0.000862181,,0.00106235,0.000862181
5,0,3.3,3,1.00021,0,5_0,0.9991546,-0.000850283,,0.0010554,0.000850283
5,0,3.32,3,1.00021,0,5_0,0.9991621,-0.000838317,,0.0010479,0.000838317
5,0,3.34,3,1.0002,0,5_0,0.99917,-0.000826314,,0.00103,0.000826314
5,0,3.36,3,1.0002,0,5_0,0.99917823,-0.000814214,,0.00102177,0.000814214
5,0,3.38,3,1.0002,0,5_0,0.9991868,-0.000802077,,0.0010132,0.000802077
5,0,3.4,3,1.0002,0,5_0,0.9991956,-0.000789881,,0.0010044,0.000789881
5,0,3.42,3,1.0002,0,5_0,0.9992046,-0.000777639,,0.0009954,0.000777639
5,0,3.44,3,1.0002,0,5_0,0.99921376,-0.000765368,,0.00098624,0.000765368
5,0,3.46,3,1.0002,0,5_0,0.99922293,-0.000753015,,0.00097707,0.000753015
5,0,3.48,3,1.0002,0,5_0,0.99923223,-0.000740625,,0.00096777,0.000740625
5,0,3.5,3,1.00019,0,5_0,0.9992415,-0.000728212,,0.0009485,0.000728212
5,0,3.52,3,1.00019,0,5_0,0.99925065,-0.00071571,,0.00093935,0.00071571
5,0,3.54,3,1.00019,0,5_0,0.9992597,-0.000703208,,0.0009303,0.000703208
5,0,3.56,3,1.00019,0,5_0,0.9992687,-0.000690676,,0.0009213,0.000690676
5,0,3.58,3,1.00019,0,5_0,0.9992775,-0.000678033,,0.0009125,0.000678033
5,0,3.6,3,1.00019,0,5_0,0.99928606,-0.000665419,,0.00090394,0.000665419
5,0,3.62,3,1.00019,0,5_0,0.99929434,-0.000652723,,0.00089566,0.000652723
5,0,3.64,3,1.00018,0,5_0,0.9993024,-0.000639997,,0.0008776,0.000639997
5,0,3.66,3,1.00018,0,5_0,0.9993101,-0.00062725,,0.0008699,0.00062725
5,0,3.68,3,1.00018,0,5_0,0.9993174,-0.000614464,,0.0008626,0.000614464
5,0,3.7,3,1.00018,0,5_0,0.9993244,-0.000601634,,0.0008556,0.000601634
5,0,3.72,3,1.00018,0,5_0,0.9993309,-0.000588752,,0.0008491,0.000588752
5,0,3.74,3,1.00017,0,5_0,0.99933696,-0.000575863,,0.00083304,0.000575863
5,0,3.76,3,1.00017,0,5_0,0.9993425,-0.000562929,,0.0008275,0.000562929
5,0,3.78,3,1.00017,0,5_0,0.99934757,-0.000549942,,0.00082243,0.000549942
5,0,3.8,3,1.00017,0,5_0,0.9993521,-0.000536919,,0.0008179,0.000536919
5,0,3.82,3,1.00017,0,5_0,0.9993561,-0.000523888,,0.0008139,0.000523888
5,0,3.84,3,1.00016,0,5_0,0.9993594,-0.000510812,,0.0008006,0.000510812
5,0,3.86,3,1.00016,0,5_0,0.9993622,-0.000497714,,0.0007978,0.000497714
5,0,3.88,3,1.00016,0,5_0,0.9993643,-0.000484541,,0.0007957,0.000484541
5,0,3.9,3,1.00016,0,5_0,0.99936575,-0.000471346,,0.00079425,0.000471346
5,0,3.92,3,1.00016,0,5_0,0.9993665,-0.000458136,,0.0007935,0.000458136
5,0,3.94,3,1.00016,0,5_0,0.9993665,-0.000444859,,0.0007935,0.000444859
5,0,3.96,3,1.00015,0,5_0,0.9993658,-0.000431545,,0.0007842,0.000431545
5,0,3.98,3,1.00015,0,5_0,0.9993643,-0.000418201,,0.0007857,0.000418201
5,0,4,3,1.00015,0,5_0,0.9993621,-0.000404835,,0.0007879,0.000404835
5,0,4.02,3,1.00014,0,5_0,0.9993591,-0.000391409,,0.0007809,0.000391409
5,0,4.04,3,1.00014,0,5_0,0.9993552,-0.000377946,,0.0007848,0.000377946
5,0,4.06,3,1.00014,0,5_0,0.9993504,-0.000364445,,0.0007896,0.000364445
5,0,4.08,3,1.00013,0,5_0,0.9993449,-0.000350922,,0.0007851,0.000350922
5,0,4.1,3,1.00013,0,5_0,0.99933845,-0.000337325,,0.00079155,0.000337325
5,0,4.12,3,1.00013,0,5_0,0.99933106,-0.000323698,,0.00079894,0.000323698
5,0,4.14,3,1.00013,0,5_0,0.9993228,-0.000310034,,0.0008072,0.000310034
5,0,4.16,3,1.00012,0,5_0,0.99931353,-0.000296295,,0.00080647,0.000296295
5,0,4.18,3,1.00012,0,5_0,0.9993034,-0.000282548,,0.0008166,0.000282548
5,0,4.2,3,1.00012,0,5_0,0.99929225,-0.000268728,,0.00082775,0.000268728
5,0,4.22,3,1.00011,0,5_0,0.9992801,-0.000254877,,0.0008299,0.000254877
5,0,4.24,3,1.00011,0,5_0,0.9992669,-0.000240989,,0.0008431,0.000240989
5,0,4.26,3,1.0001,0,5_0,0.99925274,-0.000227034,,0.00084726,0.000227034
5,0,4.28,3,1.0001,0,5_0,0.9992375,-0.00021302,,0.0008625,0.00021302
5,0,4.3,3,1.0001,0,5_0,0.9992212,-0.000198945,,0.0008788,0.000198945
5,0,4.32,3,1.00009,0,5_0,0.9992038,-0.000184827,,0.0008862,0.000184827
5,0,4.34,3,1.00009,0,5_0,0.9991853,-0.000170656,,0.0009047,0.000170656
5,0,4.36,3,1.00009,0,5_0,0.99916565,-0.00015644,,0.00092435,0.00015644
5,0,4.38001,3,1.00008,0,5_0,0.9991449,-0.000142135,,0.0009351,0.000142135
5,0,4.40001,3,1.00008,0,5_0,0.99912304,-0.000127807,,0.00095696,0.000127807
5,0,4.42001,3,1.00008,0,5_0,0.99909997,-0.000113383,,0.00098003,0.000113383
5,0,4.44001,3,1.00007,0,5_0,0.9990757,-9.89E-05,,0.0009943,9.89363E-05
5,0,4.46001,3,1.00007,0,5_0,0.99905026,-8.44E-05,,0.00101974,8.43555E-05
5,0,4.48001,3,1.00007,0,5_0,0.99902356,-6.98E-05,,0.00104644,6.97672E-05
5,0,4.50001,3,1.00007,0,5_0,0.99899566,-5.51E-05,,0.00107434,5.51045E-05
5,0,4.52001,3,1.00006,0,5_0,0.99896646,-4.03E-05,,0.00109354,4.03449E-05
5,0,4.54001,3,1.00006,0,5_0,0.998936,-2.55E-05,,0.001124,2.5548E-05
5,0,4.56001,3,1.00006,0,5_0,0.9989043,-1.06E-05,,0.0011557,1.0632E-05
5,0,4.58001,3,1.00006,0,5_0,0.99887115,4.33E-06,,0.00118885,-4.32879E-06
5,0,4.60001,3,1.00005,0,5_0,0.9988368,1.94E-05,,0.0012132,-1.93641E-05
5,0,4.62001,3,1.00005,0,5_0,0.99880105,3.45E-05,,0.00124895,-3.45036E-05
5,0,4.64001,3,1.00005,0,5_0,0.998764,4.97E-05,,0.001286,-4.96954E-05
5,0,4.66001,3,1.00004,0,5_0,0.9987255,6.50E-05,,0.0013145,-6.4984E-05
5,0,4.68001,3,1.00004,0,5_0,0.99868554,8.03E-05,,0.00135446,-8.03471E-05
5,0,4.70001,3,1.00004,0,5_0,0.9986443,9.58E-05,,0.0013957,-9.58145E-05
5,0,4.72001,3,1.00004,0,5_0,0.99860156,0.000111349,,0.00143844,-0.000111349
5,0,4.74001,3,1.00003,0,5_0,0.9985573,0.00012701,,0.0014727,-0.00012701
5,0,4.76001,3,1.00003,0,5_0,0.9985117,0.000142738,,0.0015183,-0.000142738
5,0,4.78001,3,1.00003,0,5_0,0.99846447,0.000158586,,0.00156553,-0.000158586
5,0,4.80001,3,1.00003,0,5_0,0.99841577,0.000174522,,0.00161423,-0.000174522
5,0,4.82002,3,1.00002,0,5_0,0.9983655,0.000190541,,0.0016545,-0.000190541
5,0,4.84002,3,1.00002,0,5_0,0.9983137,0.000206687,,0.0017063,-0.000206687
5,0,4.86002,3,1.00002,0,5_0,0.9982603,0.000222936,,0.0017597,-0.000222936
5,0,4.88002,3,1.00002,0,5_0,0.99820536,0.00023929,,0.00181464,-0.00023929
5,0,4.90002,3,1.00001,0,5_0,0.9981488,0.000255764,,0.0018612,-0.000255764
5,0,4.92002,3,1.00001,0,5_0,0.99809057,0.000272326,,0.00191943,-0.000272326
5,0,4.94002,3,1.00001,0,5_0,0.99803066,0.000289015,,0.00197934,-0.000289015
5,0,4.96002,3,1.00001,0,5_0,0.9979691,0.000305846,,0.0020409,-0.000305846
5,0,4.98002,3,1,0,5_0,0.99790585,0.000322819,,0.00209415,-0.000322819
5,0,5.00002,3,1,0,5_0,0.9978408,0.000339888,,0.0021592,-0.000339888
5,3,0,4,-0.09589,1,5_3,-0.05130267,0.9528154,,-0.04458733,0.0471846
5,3,0.02,4,0.11439,0.97138,5_3,0.0810532,0.9423914,,0.0333368,0.0289886
5,3,0.04,4,0.22142,0.94197,5_3,0.20211124,0.92763805,,0.01930876,0.01433195
5,3,0.06,4,0.32131,0.91173,5_3,0.3124656,0.90875566,,0.0088444,0.00297434
5,3,0.08,4,0.41429,0.88079,5_3,0.41279733,0.8860668,,0.00149267,-0.0052768
5,3,0.1,4,0.50058,0.84928,5_3,0.5038344,0.85999143,,-0.0032544,-0.01071143
5,3,0.12,4,0.58043,0.81731,5_3,0.58632374,0.8310286,,-0.00589374,-0.0137186
5,3,0.14,4,0.65407,0.78501,5_3,0.6609985,0.7997292,,-0.0069285,-0.0147192
5,3,0.16,4,0.72177,0.75249,5_3,0.72856176,0.7666739,,-0.00679176,-0.0141839
5,3,0.18,4,0.78376,0.71988,5_3,0.78967154,0.73243916,,-0.00591154,-0.01255916
5,3,0.2,4,0.84032,0.68728,5_3,0.8449249,0.6975726,,-0.0046049,-0.0102926
5,3,0.22,4,0.89169,0.65481,5_3,0.89485586,0.66256166,,-0.00316586,-0.00775166
5,3,0.24,4,0.93813,0.62257,5_3,0.9399288,0.62781477,,-0.0017988,-0.00524477
5,3,0.26,4,0.97992,0.59066,5_3,0.9805459,0.59365034,,-0.0006259,-0.00299034
5,3,0.28,4,1.0173,0.55917,5_3,1.017047,0.56030047,,0.000253,-0.00113047
5,3,0.3,4,1.05052,0.52821,5_3,1.0497159,0.52792287,,0.0008041,0.00028713
5,3,0.32,4,1.07986,0.49786,5_3,1.0787894,0.4966164,,0.0010706,0.0012436
5,3,0.34,4,1.10555,0.4682,5_3,1.1044608,0.46643946,,0.0010892,0.00176054
5,3,0.36,4,1.12784,0.43931,5_3,1.1268965,0.4374235,,0.0009435,0.0018865
5,3,0.38,4,1.14696,0.41125,5_3,1.1462448,0.40958303,,0.0007152,0.00166697
5,3,0.4,4,1.16317,0.38408,5_3,1.1626538,0.38291535,,0.0005162,0.00116465
5,3,0.42,4,1.17667,0.35787,5_3,1.1762798,0.35740715,,0.0003902,0.00046285
5,3,0.44,4,1.18769,0.33266,5_3,1.1872945,0.3330312,,0.0003955,-0.0003712
5,3,0.46,4,1.19644,0.30848,5_3,1.1958903,0.30974793,,0.0005497,-0.00126793
5,3,0.48,4,1.20312,0.28537,5_3,1.2022758,0.2875086,,0.0008442,-0.0021386
5,3,0.5,4,1.20793,0.26335,5_3,1.2066715,0.26625597,,0.0012585,-0.00290597
5,3,0.52,4,1.21105,0.24244,5_3,1.2093037,0.24592882,,0.0017463,-0.00348882
5,3,0.54,4,1.21265,0.22263,5_3,1.2103963,0.22646521,,0.0022537,-0.00383521
5,3,0.56,4,1.2129,0.20394,5_3,1.210164,0.20780696,,0.002736,-0.00386696
5,3,0.58,4,1.21196,0.18635,5_3,1.2088078,0.18990776,,0.0031522,-0.00355776
5,3,0.6,4,1.20997,0.16986,5_3,1.2065125,0.17273706,,0.0034575,-0.00287706
5,3,0.62,4,1.20706,0.15444,5_3,1.2034463,0.15629092,,0.0036137,-0.00185092
5,3,0.64,4,1.20336,0.14006,5_3,1.1997628,0.14059636,,0.0035972,-0.00053636
5,3,0.66,4,1.19898,0.12671,5_3,1.1956005,0.12571387,,0.0033795,0.00099613
5,3,0.68,4,1.19404,0.11434,5_3,1.1910831,0.111734256,,0.0029569,0.002605744
5,3,0.7,4,1.18864,0.10292,5_3,1.1863129,0.098762654,,0.0023271,0.004157346
5,3,0.72,4,1.18285,0.09241,5_3,1.1813653,0.0868962,,0.0014847,0.0055138
5,3,0.74,4,1.17677,0.08276,5_3,1.176281,0.07619905,,0.000489,0.00656095
5,3,0.76,4,1.17046,0.07394,5_3,1.1710664,0.0666846,,-0.0006064,0.0072554
5,3,0.78,4,1.164,0.06589,5_3,1.1657041,0.05831194,,-0.0017041,0.00757806
5,3,0.8,4,1.15743,0.05857,5_3,1.1601677,0.050996043,,-0.0027377,0.007573957
5,3,0.82,4,1.15082,0.05193,5_3,1.1544368,0.04462663,,-0.0036168,0.00730337
5,3,0.84,4,1.14421,0.04593,5_3,1.1485082,0.03908578,,-0.0042982,0.00684422
5,3,0.86,4,1.13764,0.04052,5_3,1.1423988,0.034261353,,-0.0047588,0.006258647
5,3,0.88,4,1.13113,0.03566,5_3,1.1361436,0.0300534,,-0.0050136,0.0056066
5,3,0.9,4,1.12474,0.03131,5_3,1.1297891,0.02637605,,-0.0050491,0.00493395
5,3,0.92,4,1.11847,0.02742,5_3,1.1233888,0.023156907,,-0.0049188,0.004263093
5,3,0.94,4,1.11235,0.02396,5_3,1.1169974,0.02033491,,-0.0046474,0.00362509
5,3,0.96,4,1.10639,0.02088,5_3,1.110667,0.017858371,,-0.004277,0.003021629
5,3,0.98,4,1.10062,0.01815,5_3,1.1044447,0.01568304,,-0.0038247,0.00246696
5,3,1,4,1.09504,0.01574,5_3,1.0983714,0.013770901,,-0.0033314,0.001969099
5,3,1.02,4,1.08966,0.01362,5_3,1.0924807,0.012088984,,-0.0028207,0.001531016
5,3,1.04,4,1.08448,0.01175,5_3,1.0867994,0.010608576,,-0.0023194,0.001141424
5,3,1.06,4,1.07952,0.01012,5_3,1.0813475,0.009304605,,-0.0018275,0.000815395
5,3,1.08,4,1.07476,0.00869,5_3,1.0761389,0.008155137,,-0.0013789,0.000534863
5,3,1.1,4,1.07022,0.00745,5_3,1.0711821,0.007141024,,-0.0009621,0.000308976
5,3,1.12,4,1.06588,0.00637,5_3,1.0664811,0.006245486,,-0.0006011,0.000124514
5,3,1.14,4,1.06176,0.00543,5_3,1.0620357,0.005453773,,-0.0002757,-2.3773E-05
5,3,1.16,4,1.05783,0.00462,5_3,1.0578429,0.00475312,,-1.29E-05,-0.00013312
5,3,1.18,4,1.05411,0.00392,5_3,1.0538969,0.004132249,,0.0002131,-0.000212249
5,3,1.2,4,1.05059,0.00332,5_3,1.0501901,0.003581405,,0.0003999,-0.000261405
5,3,1.22,4,1.04725,0.00281,5_3,1.0467137,0.003092051,,0.0005363,-0.000282051
5,3,1.24,4,1.04409,0.00237,5_3,1.0434575,0.002656668,,0.0006325,-0.000286668
5,3,1.26,4,1.04112,0.00199,5_3,1.0404111,0.002268814,,0.0007089,-0.000278814
5,3,1.28,4,1.03831,0.00167,5_3,1.0375636,0.001922809,,0.0007464,-0.000252809
5,3,1.3,4,1.03567,0.0014,5_3,1.0349038,0.001613639,,0.0007662,-0.000213639
5,3,1.32,4,1.03318,0.00117,5_3,1.0324209,0.001337037,,0.0007591,-0.000167037
5,3,1.34,4,1.03085,0.00097,5_3,1.0301043,0.001089238,,0.0007457,-0.000119238
5,3,1.36,4,1.02865,0.00081,5_3,1.0279436,0.000866927,,0.0007064,-5.69272E-05
5,3,1.38,4,1.0266,0.00067,5_3,1.0259287,0.000667185,,0.0006713,2.8154E-06
5,3,1.4,4,1.02467,0.00056,5_3,1.0240504,0.000487514,,0.0006196,7.24862E-05
5,3,1.42,4,1.02287,0.00046,5_3,1.0222994,0.000325724,,0.0005706,0.000134276
5,3,1.44,4,1.02119,0.00038,5_3,1.0206673,0.000179842,,0.0005227,0.000200158
5,3,1.46,4,1.01961,0.00031,5_3,1.0191461,4.82E-05,,0.0004639,0.00026181
5,3,1.48,4,1.01814,0.00026,5_3,1.0177281,-7.08E-05,,0.0004119,0.000330758
5,3,1.5,4,1.01677,0.00021,5_3,1.0164064,-0.00017833,,0.0003636,0.00038833
5,3,1.52,4,1.0155,0.00017,5_3,1.0151744,-0.000275657,,0.0003256,0.000445657
5,3,1.54,4,1.01431,0.00014,5_3,1.0140259,-0.000363819,,0.0002841,0.000503819
5,3,1.56,4,1.0132,0.00011,5_3,1.0129552,-0.000443682,,0.0002448,0.000553682
5,3,1.58,4,1.01217,9.00E-05,5_3,1.0119569,-0.000516064,,0.0002131,0.000606064
5,3,1.6,4,1.01122,7.00E-05,5_3,1.0110261,-0.000581674,,0.0001939,0.000651674
5,3,1.62,4,1.01033,6.00E-05,5_3,1.0101582,-0.000641204,,0.0001718,0.000701204
5,3,1.64,4,1.00951,5.00E-05,5_3,1.0093489,-0.000695154,,0.0001611,0.000745154
5,3,1.66,4,1.00874,4.00E-05,5_3,1.008594,-0.00074406,,0.000146,0.00078406
5,3,1.68,4,1.00804,3.00E-05,5_3,1.0078903,-0.000788413,,0.0001497,0.000818413
5,3,1.7,4,1.00738,3.00E-05,5_3,1.007234,-0.000828519,,0.000146,0.000858519
5,3,1.72,4,1.00678,2.00E-05,5_3,1.0066221,-0.000864863,,0.0001579,0.000884863
5,3,1.74,4,1.00622,2.00E-05,5_3,1.0060514,-0.000897668,,0.0001686,0.000917668
5,3,1.76,4,1.0057,1.00E-05,5_3,1.0055194,-0.000927299,,0.0001806,0.000937299
5,3,1.78,4,1.00522,1.00E-05,5_3,1.0050235,-0.00095398,,0.0001965,0.00096398
5,3,1.8,4,1.00478,1.00E-05,5_3,1.0045612,-0.000977971,,0.0002188,0.000987971
5,3,1.82,4,1.00438,1.00E-05,5_3,1.0041305,-0.000999481,,0.0002495,0.001009481
5,3,1.84,4,1.004,1.00E-05,5_3,1.0037292,-0.00101871,,0.0002708,0.00102871
5,3,1.86,4,1.00366,0,5_3,1.0033555,-0.001035847,,0.0003045,0.001035847
5,3,1.88,4,1.00334,0,5_3,1.0030077,-0.001051039,,0.0003323,0.001051039
5,3,1.9,4,1.00305,0,5_3,1.0026838,-0.001064405,,0.0003662,0.001064405
5,3,1.92,4,1.00278,0,5_3,1.0023825,-0.00107614,,0.0003975,0.00107614
5,3,1.94,4,1.00253,0,5_3,1.0021025,-0.001086317,,0.0004275,0.001086317
5,3,1.96,4,1.0023,0,5_3,1.0018421,-0.001095034,,0.0004579,0.001095034
5,3,1.98,4,1.0021,0,5_3,1.0016005,-0.001102462,,0.0004995,0.001102462
5,3,2,4,1.00191,0,5_3,1.0013763,-0.001108639,,0.0005337,0.001108639
5,3,2.02,4,1.00173,0,5_3,1.0011683,-0.001113661,,0.0005617,0.001113661
5,3,2.04,4,1.00157,0,5_3,1.0009757,-0.001117632,,0.0005943,0.001117632
5,3,2.06,4,1.00143,0,5_3,1.0007974,-0.001120597,,0.0006326,0.001120597
5,3,2.08,4,1.0013,0,5_3,1.0006325,-0.001122586,,0.0006675,0.001122586
5,3,2.1,4,1.00118,0,5_3,1.0004804,-0.001123749,,0.0006996,0.001123749
5,3,2.12,4,1.00107,0,5_3,1.0003402,-0.001124077,,0.0007298,0.001124077
5,3,2.14,4,1.00097,0,5_3,1.000211,-0.001123644,,0.000759,0.001123644
5,3,2.16,4,1.00088,0,5_3,1.0000923,-0.001122519,,0.0007877,0.001122519
5,3,2.18,4,1.00079,0,5_3,0.9999835,-0.001120709,,0.0008065,0.001120709
5,3,2.2,4,1.00072,0,5_3,0.9998839,-0.001118265,,0.0008361,0.001118265
5,3,2.22,4,1.00065,0,5_3,0.9997929,-0.001115233,,0.0008571,0.001115233
5,3,2.24,4,1.00059,0,5_3,0.9997101,-0.001111664,,0.0008799,0.001111664
5,3,2.26,4,1.00053,0,5_3,0.9996348,-0.001107559,,0.0008952,0.001107559
5,3,2.28,4,1.00048,0,5_3,0.9995668,-0.001102984,,0.0009132,0.001102984
5,3,2.3,4,1.00043,0,5_3,0.99950546,-0.001097925,,0.00092454,0.001097925
5,3,2.32,4,1.00038,0,5_3,0.99945045,-0.001092456,,0.00092955,0.001092456
5,3,2.34,4,1.00035,0,5_3,0.9994014,-0.001086585,,0.0009486,0.001086585
5,3,2.36,4,1.00031,0,5_3,0.9993579,-0.00108029,,0.0009521,0.00108029
5,3,2.38,4,1.00028,0,5_3,0.9993196,-0.001073651,,0.0009604,0.001073651
5,3,2.4,4,1.00025,0,5_3,0.99928623,-0.001066707,,0.00096377,0.001066707
5,3,2.42,4,1.00022,0,5_3,0.9992574,-0.001059428,,0.0009626,0.001059428
5,3,2.44,4,1.0002,0,5_3,0.9992329,-0.001051806,,0.0009671,0.001051806
5,3,2.46,4,1.00018,0,5_3,0.9992124,-0.001043931,,0.0009676,0.001043931
5,3,2.48,4,1.00016,0,5_3,0.99919575,-0.001035795,,0.00096425,0.001035795
5,3,2.5,4,1.00014,0,5_3,0.9991826,-0.001027376,,0.0009574,0.001027376
5,3,2.52,4,1.00012,0,5_3,0.99917275,-0.001018725,,0.00094725,0.001018725
5,3,2.54,4,1.00011,0,5_3,0.99916595,-0.001009852,,0.00094405,0.001009852
5,3,2.56,4,1.00009,0,5_3,0.999162,-0.001000762,,0.000928,0.001000762
5,3,2.58,4,1.00008,0,5_3,0.9991608,-0.000991426,,0.0009192,0.000991426
5,3,2.6,4,1.00007,0,5_3,0.99916214,-0.000981964,,0.00090786,0.000981964
5,3,2.62,4,1.00006,0,5_3,0.99916583,-0.000972264,,0.00089417,0.000972264
5,3,2.64,4,1.00006,0,5_3,0.9991717,-0.000962414,,0.0008883,0.000962414
5,3,2.66,4,1.00005,0,5_3,0.9991795,-0.000952408,,0.0008705,0.000952408
5,3,2.68,4,1.00004,0,5_3,0.99918926,-0.000942238,,0.00085074,0.000942238
5,3,2.7,4,1.00004,0,5_3,0.9992007,-0.000931911,,0.0008393,0.000931911
5,3,2.72,4,1.00003,0,5_3,0.99921376,-0.000921458,,0.00081624,0.000921458
5,3,2.74,4,1.00003,0,5_3,0.99922836,-0.000910863,,0.00080164,0.000910863
5,3,2.76,4,1.00002,0,5_3,0.9992443,-0.000900164,,0.0007757,0.000900164
5,3,2.78,4,1.00002,0,5_3,0.99926144,-0.000889339,,0.00075856,0.000889339
5,3,2.8,4,1.00002,0,5_3,0.9992798,-0.000878379,,0.0007402,0.000878379
5,3,2.82,4,1.00001,0,5_3,0.9992991,-0.000867322,,0.0007109,0.000867322
5,3,2.84,4,1.00001,0,5_3,0.9993195,-0.000856183,,0.0006905,0.000856183
5,3,2.86,4,1.00001,0,5_3,0.99934065,-0.000844918,,0.00066935,0.000844918
5,3,2.88,4,1.00001,0,5_3,0.99936265,-0.000833571,,0.00064735,0.000833571
5,3,2.9,4,1.00001,0,5_3,0.9993853,-0.000822157,,0.0006247,0.000822157
5,3,2.92,4,1.00001,0,5_3,0.9994086,-0.000810638,,0.0006014,0.000810638
5,3,2.94,4,1,0,5_3,0.99943244,-0.000799038,,0.00056756,0.000799038
5,3,2.96,4,1,0,5_3,0.99945676,-0.000787385,,0.00054324,0.000787385
5,3,2.98,4,1,0,5_3,0.9994815,-0.000775628,,0.0005185,0.000775628
5,3,3,4,1,0,5_3,0.9995066,-0.000763848,,0.0004934,0.000763848
5,3,3.02,4,1,0,5_3,0.9995319,-0.000751995,,0.0004681,0.000751995
5,3,3.04,4,1,0,5_3,0.99955755,-0.000740029,,0.00044245,0.000740029
5,3,3.06,4,1,0,5_3,0.99958336,-0.000728086,,0.00041664,0.000728086
5,3,3.08,4,1,0,5_3,0.99960923,-0.000716023,,0.00039077,0.000716023
5,3,3.1,4,0.99999,0,5_3,0.9996353,-0.000703923,,0.0003547,0.000703923
5,3,3.12,4,0.99999,0,5_3,0.99966127,-0.000691786,,0.00032873,0.000691786
5,3,3.14,4,0.99999,0,5_3,0.9996873,-0.000679605,,0.0003027,0.000679605
5,3,3.16,4,0.99999,0,5_3,0.99971324,-0.000667363,,0.00027676,0.000667363
5,3,3.18,4,0.99999,0,5_3,0.9997391,-0.00065507,,0.0002509,0.00065507
5,3,3.2,4,0.99999,0,5_3,0.99976486,-0.000642777,,0.00022514,0.000642777
5,3,3.22,4,0.99999,0,5_3,0.99979043,-0.000630416,,0.00019957,0.000630416
5,3,3.24,4,0.99999,0,5_3,0.9998158,-0.000618026,,0.0001742,0.000618026
5,3,3.26,4,0.99999,0,5_3,0.999841,-0.000605598,,0.000149,0.000605598
5,3,3.28,4,0.99999,0,5_3,0.99986583,-0.000593126,,0.00012417,0.000593126
5,3,3.3,4,0.99999,0,5_3,0.99989045,-0.000580616,,9.955E-05,0.000580616
5,3,3.32,4,0.99999,0,5_3,0.99991465,-0.00056807,,7.535E-05,0.00056807
5,3,3.34,4,0.99999,0,5_3,0.99993855,-0.000555508,,5.145E-05,0.000555508
5,3,3.36,4,0.99999,0,5_3,0.9999621,-0.000542939,,2.79E-05,0.000542939
5,3,3.38,4,0.99999,0,5_3,0.9999852,-0.000530303,,4.8E-06,0.000530303
5,3,3.4,4,0.99999,0,5_3,1.0000079,-0.000517659,,-1.79E-05,0.000517659
5,3,3.42,4,0.99999,0,5_3,1.0000302,-0.000504963,,-4.02E-05,0.000504963
5,3,3.44,4,0.99999,0,5_3,1.000052,-0.000492252,,-6.2E-05,0.000492252
5,3,3.46,4,0.99999,0,5_3,1.0000732,-0.000479542,,-8.32E-05,0.000479542
5,3,3.48,4,0.99999,0,5_3,1.0000939,-0.000466801,,-0.0001039,0.000466801
5,3,3.5,4,0.99999,0,5_3,1.0001142,-0.000454009,,-0.0001242,0.000454009
5,3,3.52,4,0.99999,0,5_3,1.000134,-0.000441201,,-0.000144,0.000441201
5,3,3.54,4,0.99999,0,5_3,1.0001531,-0.000428401,,-0.0001631,0.000428401
5,3,3.56,4,0.99999,0,5_3,1.0001715,-0.000415549,,-0.0001815,0.000415549
5,3,3.58,4,0.99999,0,5_3,1.0001895,-0.000402682,,-0.0001995,0.000402682
5,3,3.6,4,0.99999,0,5_3,1.0002068,-0.000389785,,-0.0002168,0.000389785
5,3,3.62,4,0.99999,0,5_3,1.0002235,-0.000376865,,-0.0002335,0.000376865
5,3,3.64,4,0.99999,0,5_3,1.0002396,-0.000363931,,-0.0002496,0.000363931
5,3,3.66,4,0.99999,0,5_3,1.000255,-0.000350997,,-0.000265,0.000350997
5,3,3.68,4,0.99999,0,5_3,1.0002698,-0.000338011,,-0.0002798,0.000338011
5,3,3.7,4,0.99999,0,5_3,1.0002838,-0.000325009,,-0.0002938,0.000325009
5,3,3.72,4,0.99999,0,5_3,1.0002972,-0.000312001,,-0.0003072,0.000312001
5,3,3.74,4,0.99999,0,5_3,1.0003098,-0.000298955,,-0.0003198,0.000298955
5,3,3.76,4,0.99999,0,5_3,1.0003219,-0.000285901,,-0.0003319,0.000285901
5,3,3.78,4,0.99999,0,5_3,1.000333,-0.000272796,,-0.000343,0.000272796
5,3,3.8,4,0.99999,0,5_3,1.0003434,-0.00025969,,-0.0003534,0.00025969
5,3,3.82,4,0.99999,0,5_3,1.0003532,-0.000246577,,-0.0003632,0.000246577
5,3,3.84,4,0.99999,0,5_3,1.0003623,-0.000233412,,-0.0003723,0.000233412
5,3,3.86,4,0.99999,0,5_3,1.0003705,-0.000220224,,-0.0003805,0.000220224
5,3,3.88,4,0.99999,0,5_3,1.0003779,-0.000207059,,-0.0003879,0.000207059
5,3,3.9,4,0.99999,0,5_3,1.0003846,-0.000193812,,-0.0003946,0.000193812
5,3,3.92,4,0.99999,0,5_3,1.0003904,-0.000180557,,-0.0004004,0.000180557
5,3,3.94,4,0.99999,0,5_3,1.0003955,-0.000167295,,-0.0004055,0.000167295
5,3,3.96,4,0.99999,0,5_3,1.0003998,-0.000154004,,-0.0004098,0.000154004
5,3,3.98,4,0.99999,0,5_3,1.0004033,-0.000140667,,-0.0004133,0.000140667
5,3,4,4,0.99999,0,5_3,1.000406,-0.00012733,,-0.000416,0.00012733
5,3,4.02,4,0.99999,0,5_3,1.0004078,-0.000113949,,-0.0004178,0.000113949
5,3,4.04,4,0.99999,0,5_3,1.0004089,-0.000100546,,-0.0004189,0.000100546
5,3,4.06,4,0.99999,0,5_3,1.000409,-8.71E-05,,-0.000419,8.71122E-05
5,3,4.08,4,0.99999,0,5_3,1.0004084,-7.37E-05,,-0.0004184,7.36564E-05
5,3,4.1,4,0.99999,0,5_3,1.0004069,-6.02E-05,,-0.0004169,6.01634E-05
5,3,4.12,4,0.99999,0,5_3,1.0004045,-4.66E-05,,-0.0004145,4.66332E-05
5,3,4.14,4,0.99999,0,5_3,1.0004013,-3.31E-05,,-0.0004113,3.3088E-05
5,3,4.16,4,0.99999,0,5_3,1.0003972,-1.95E-05,,-0.0004072,1.94907E-05
5,3,4.18,4,0.99999,0,5_3,1.0003922,-5.88E-06,,-0.0004022,5.87851E-06
5,3,4.2,4,0.99999,0,5_3,1.0003865,7.79E-06,,-0.0003965,-7.78586E-06
5,3,4.22,4,0.99999,0,5_3,1.0003797,2.15E-05,,-0.0003897,-2.14949E-05
5,3,4.24,4,0.99999,0,5_3,1.0003722,3.52E-05,,-0.0003822,-3.52338E-05
5,3,4.26,4,0.99999,0,5_3,1.0003636,4.90E-05,,-0.0003736,-4.90099E-05
5,3,4.28,4,0.99999,0,5_3,1.0003543,6.28E-05,,-0.0003643,-6.28084E-05
5,3,4.3,4,0.99999,0,5_3,1.000344,7.67E-05,,-0.000354,-7.66739E-05
5,3,4.32,4,0.99999,0,5_3,1.0003328,9.06E-05,,-0.0003428,-9.05544E-05
5,3,4.34,4,0.99999,0,5_3,1.0003208,0.000104524,,-0.0003308,-0.000104524
5,3,4.36,4,0.99999,0,5_3,1.0003078,0.000118487,,-0.0003178,-0.000118487
5,3,4.38001,4,1,0,5_3,1.000294,0.000132538,,-0.000294,-0.000132538
5,3,4.40001,4,1,0,5_3,1.0002792,0.000146598,,-0.0002792,-0.000146598
5,3,4.42001,4,1,0,5_3,1.0002635,0.000160746,,-0.0002635,-0.000160746
5,3,4.44001,4,1,0,5_3,1.0002468,0.00017491,,-0.0002468,-0.00017491
5,3,4.46001,4,1,0,5_3,1.0002292,0.000189163,,-0.0002292,-0.000189163
5,3,4.48001,4,1,0,5_3,1.0002108,0.000203423,,-0.0002108,-0.000203423
5,3,4.50001,4,1,0,5_3,1.0001913,0.000217788,,-0.0001913,-0.000217788
5,3,4.52001,4,1,0,5_3,1.0001711,0.000232197,,-0.0001711,-0.000232197
5,3,4.54001,4,1,0,5_3,1.0001497,0.000246651,,-0.0001497,-0.000246651
5,3,4.56001,4,1,0,5_3,1.0001276,0.00026118,,-0.0001276,-0.00026118
5,3,4.58001,4,1,0,5_3,1.0001043,0.000275753,,-0.0001043,-0.000275753
5,3,4.60001,4,1,0,5_3,1.0000802,0.000290439,,-8.02E-05,-0.000290439
5,3,4.62001,4,1,0,5_3,1.0000552,0.000305116,,-5.52E-05,-0.000305116
5,3,4.64001,4,0.99999,0,5_3,1.0000292,0.000319943,,-3.92E-05,-0.000319943
5,3,4.66001,4,0.99999,0,5_3,1.0000023,0.000334814,,-1.23E-05,-0.000334814
5,3,4.68001,4,0.99999,0,5_3,0.9999743,0.00034973,,1.57E-05,-0.00034973
5,3,4.70001,4,0.99999,0,5_3,0.9999454,0.000364751,,4.46E-05,-0.000364751
5,3,4.72001,4,0.99999,0,5_3,0.9999156,0.000379831,,7.44E-05,-0.000379831
5,3,4.74001,4,0.99999,0,5_3,0.9998848,0.000394978,,0.0001052,-0.000394978
5,3,4.76001,4,0.99999,0,5_3,0.9998531,0.000410244,,0.0001369,-0.000410244
5,3,4.78001,4,0.99999,0,5_3,0.99982035,0.000425555,,0.00016965,-0.000425555
5,3,4.80001,4,0.99999,0,5_3,0.9997867,0.000440992,,0.0002033,-0.000440992
5,3,4.82002,4,0.99999,0,5_3,0.999752,0.000456505,,0.000238,-0.000456505
5,3,4.84002,4,0.99999,0,5_3,0.9997164,0.000472099,,0.0002736,-0.000472099
5,3,4.86002,4,0.99999,0,5_3,0.9996798,0.000487804,,0.0003102,-0.000487804
5,3,4.88002,4,0.99999,0,5_3,0.99964225,0.000503607,,0.00034775,-0.000503607
5,3,4.90002,4,1,0,5_3,0.9996037,0.000519492,,0.0003963,-0.000519492
5,3,4.92002,4,1,0,5_3,0.9995642,0.000535503,,0.0004358,-0.000535503
5,3,4.94002,4,1,0,5_3,0.9995237,0.000551589,,0.0004763,-0.000551589
5,3,4.96002,4,1,0,5_3,0.9994822,0.000567816,,0.0005178,-0.000567816
5,3,4.98002,4,1,0,5_3,0.9994398,0.000584155,,0.0005602,-0.000584155
5,3,5.00002,4,1,0,5_3,0.9993964,0.000600569,,0.0006036,-0.000600569
10,0,0,5,-0.09589,1,10_0,-0.045085788,0.99424195,,-0.050804212,0.00575805
10,0,0.02,5,0.12191,0.99384,10_0,0.09194827,0.9905863,,0.02996173,0.0032537
10,0,0.04,5,0.2363,0.98306,10_0,0.21811551,0.9823954,,0.01818449,0.0006646
10,0,0.06,5,0.34326,0.96745,10_0,0.33381897,0.9697094,,0.00944103,-0.0022594
10,0,0.08,5,0.44291,0.94763,10_0,0.43957227,0.95267916,,0.00333773,-0.00504916
10,0,0.1,5,0.5354,0.92421,10_0,0.53594637,0.9315525,,-0.00054637,-0.0073425
10,0,0.12,5,0.62092,0.89774,10_0,0.6235517,0.9066559,,-0.0026317,-0.0089159
10,0,0.14,5,0.69967,0.86873,10_0,0.7030046,0.8783835,,-0.0033346,-0.0096535
10,0,0.16,5,0.77188,0.83767,10_0,0.7749162,0.8471931,,-0.0030362,-0.0095231
10,0,0.18,5,0.83781,0.80498,10_0,0.8398887,0.8135861,,-0.0020787,-0.0086061
10,0,0.2,5,0.8977,0.77106,10_0,0.89849645,0.77810323,,-0.00079645,-0.00704323
10,0,0.22,5,0.95184,0.73629,10_0,0.9512813,0.7412969,,0.0005587,-0.0050069
10,0,0.24,5,1.00051,0.70098,10_0,0.9987427,0.70371044,,0.0017673,-0.00273044
10,0,0.26,5,1.04398,0.66543,10_0,1.0413326,0.66584706,,0.0026474,-0.00041706
10,0,0.28,5,1.08256,0.62991,10_0,1.0794426,0.6281518,,0.0031174,0.0017582
10,0,0.3,5,1.11654,0.59465,10_0,1.1134056,0.5909984,,0.0031344,0.0036516
10,0,0.32,5,1.1462,0.55986,10_0,1.1434942,0.55468214,,0.0027058,0.00517786
10,0,0.34,5,1.17183,0.52572,10_0,1.1699238,0.51943207,,0.0019062,0.00628793
10,0,0.36,5,1.19371,0.49238,10_0,1.1928667,0.48541826,,0.0008433,0.00696174
10,0,0.38,5,1.21213,0.45998,10_0,1.2124624,0.45276242,,-0.0003324,0.00721758
10,0,0.4,5,1.22735,0.42863,10_0,1.2288418,0.42154607,,-0.0014918,0.00708393
10,0,0.42,5,1.23963,0.39842,10_0,1.2421411,0.39181435,,-0.0025111,0.00660565
10,0,0.44,5,1.24923,0.36942,10_0,1.2525171,0.3635799,,-0.0032871,0.0058401
10,0,0.46,5,1.25639,0.34168,10_0,1.2601537,0.33682588,,-0.0037637,0.00485412
10,0,0.48,5,1.26134,0.31525,10_0,1.2652613,0.31151277,,-0.0039213,0.00373723
10,0,0.5,5,1.26429,0.29016,10_0,1.2680739,0.2875824,,-0.0037839,0.0025776
10,0,0.52,5,1.26547,0.26641,10_0,1.2688372,0.2649654,,-0.0033672,0.0014446
10,0,0.54,5,1.26506,0.24401,10_0,1.267802,0.24359037,,-0.002742,0.00041963
10,0,0.56,5,1.26325,0.22295,10_0,1.265215,0.22338623,,-0.001965,-0.00043623
10,0,0.58,5,1.26022,0.20322,10_0,1.261312,0.20429209,,-0.001092,-0.00107209
10,0,0.6,5,1.25613,0.18478,10_0,1.2563155,0.18625906,,-0.0001855,-0.00147906
10,0,0.62,5,1.25112,0.1676,10_0,1.2504302,0.16925567,,0.0006898,-0.00165567
10,0,0.64,5,1.24533,0.15166,10_0,1.2438443,0.15326887,,0.0014857,-0.00160887
10,0,0.66,5,1.2389,0.1369,10_0,1.2367275,0.13830099,,0.0021725,-0.00140099
10,0,0.68,5,1.23194,0.12327,10_0,1.2292308,0.124367915,,0.0027092,-0.001097915
10,0,0.7,5,1.22455,0.11074,10_0,1.2214829,0.111487776,,0.0030671,-0.000747776
10,0,0.72,5,1.21683,0.09923,10_0,1.2135898,0.099674016,,0.0032402,-0.000444016
10,0,0.74,5,1.20887,0.08871,10_0,1.2056322,0.08892499,,0.0032378,-0.00021499
10,0,0.76,5,1.20074,0.07911,10_0,1.197668,0.0792188,,0.003072,-0.0001088
10,0,0.78,5,1.19252,0.07038,10_0,1.1897348,0.0705121,,0.0027852,-0.0001321
10,0,0.8,5,1.18426,0.06246,10_0,1.181856,0.062742084,,0.002404,-0.000282084
10,0,0.82,5,1.17603,0.0553,10_0,1.1740466,0.055833325,,0.0019834,-0.000533325
10,0,0.84,5,1.16786,0.04884,10_0,1.1663184,0.049703453,,0.0015416,-0.000863453
10,0,0.86,5,1.1598,0.04304,10_0,1.158684,0.044269964,,0.001116,-0.001229964
10,0,0.88,5,1.15188,0.03783,10_0,1.151158,0.039454218,,0.000722,-0.001624218
10,0,0.9,5,1.14413,0.03317,10_0,1.1437575,0.03518406,,0.0003725,-0.00201406
10,0,0.92,5,1.13658,0.02902,10_0,1.1365014,0.031394754,,7.86E-05,-0.002374754
10,0,0.94,5,1.12924,0.02533,10_0,1.1294091,0.028029166,,-0.0001691,-0.002699166
10,0,0.96,5,1.12214,0.02206,10_0,1.1224992,0.025037248,,-0.0003592,-0.002977248
10,0,0.98,5,1.11528,0.01916,10_0,1.1157892,0.022375207,,-0.0005092,-0.003215207
10,0,1,5,1.10867,0.0166,10_0,1.109294,0.020004671,,-0.000624,-0.003404671
10,0,1.02,5,1.10232,0.01436,10_0,1.1030262,0.01789216,,-0.0007062,-0.00353216
10,0,1.04,5,1.09623,0.01239,10_0,1.0969951,0.016008124,,-0.0007651,-0.003618124
10,0,1.06,5,1.09041,0.01066,10_0,1.091208,0.01432664,,-0.000798,-0.00366664
10,0,1.08,5,1.08485,0.00915,10_0,1.0856688,0.012824819,,-0.0008188,-0.003674819
10,0,1.1,5,1.07956,0.00784,10_0,1.0803796,0.011482492,,-0.0008196,-0.003642492
10,0,1.12,5,1.07452,0.0067,10_0,1.0753398,0.010281734,,-0.0008198,-0.003581734
10,0,1.14,5,1.06973,0.00572,10_0,1.0705472,0.009206787,,-0.0008172,-0.003486787
10,0,1.16,5,1.06519,0.00487,10_0,1.0659981,0.008243635,,-0.0008081,-0.003373635
10,0,1.18,5,1.0609,0.00413,10_0,1.0616869,0.007379912,,-0.0007869,-0.003249912
10,0,1.2,5,1.05684,0.0035,10_0,1.0576073,0.006604604,,-0.0007673,-0.003104604
10,0,1.22,5,1.053,0.00296,10_0,1.0537522,0.005908124,,-0.0007522,-0.002948124
10,0,1.24,5,1.04938,0.0025,10_0,1.0501134,0.005281776,,-0.0007334,-0.002781776
10,0,1.26,5,1.04598,0.0021,10_0,1.0466828,0.004717983,,-0.0007028,-0.002617983
10,0,1.28,5,1.04277,0.00177,10_0,1.0434515,0.00421004,,-0.0006815,-0.00244004
10,0,1.3,5,1.03976,0.00148,10_0,1.0404108,0.003751941,,-0.0006508,-0.002271941
10,0,1.32,5,1.03693,0.00124,10_0,1.0375515,0.003338412,,-0.0006215,-0.002098412
10,0,1.34,5,1.03428,0.00103,10_0,1.0348649,0.002964757,,-0.0005849,-0.001934757
10,0,1.36,5,1.03179,0.00086,10_0,1.0323422,0.002626859,,-0.0005522,-0.001766859
10,0,1.38,5,1.02947,0.00072,10_0,1.0299748,0.002321005,,-0.0005048,-0.001601005
10,0,1.4,5,1.0273,0.00059,10_0,1.0277544,0.00204391,,-0.0004544,-0.00145391
10,0,1.42,5,1.02526,0.00049,10_0,1.0256727,0.00179264,,-0.0004127,-0.00130264
10,0,1.44,5,1.02337,0.00041,10_0,1.023722,0.001564682,,-0.000352,-0.001154682
10,0,1.46,5,1.0216,0.00034,10_0,1.021895,0.001357675,,-0.000295,-0.001017675
10,0,1.48,5,1.01995,0.00028,10_0,1.0201844,0.001169585,,-0.0002344,-0.000889585
10,0,1.5,5,1.01842,0.00023,10_0,1.0185833,0.000998579,,-0.0001633,-0.000768579
10,0,1.52,5,1.01699,0.00019,10_0,1.0170854,0.000843048,,-9.54E-05,-0.000653048
10,0,1.54,5,1.01567,0.00015,10_0,1.0156844,0.000701517,,-1.44E-05,-0.000551517
10,0,1.56,5,1.01443,0.00013,10_0,1.0143746,0.000572704,,5.54E-05,-0.000442704
10,0,1.58,5,1.01329,0.0001,10_0,1.0131505,0.00045538,,0.0001395,-0.00035538
10,0,1.6,5,1.01223,8.00E-05,10_0,1.0120068,0.000348553,,0.0002232,-0.000268553
10,0,1.62,5,1.01125,7.00E-05,10_0,1.0109386,0.000251301,,0.0003114,-0.000181301
10,0,1.64,5,1.01034,5.00E-05,10_0,1.0099415,0.000162721,,0.0003985,-0.000112721
10,0,1.66,5,1.00949,4.00E-05,10_0,1.0090109,8.21E-05,,0.0004791,-4.20831E-05
10,0,1.68,5,1.00871,4.00E-05,10_0,1.008143,8.72E-06,,0.000567,3.12828E-05
10,0,1.7,5,1.00799,3.00E-05,10_0,1.0073336,-5.80E-05,,0.0006564,8.79804E-05
10,0,1.72,5,1.00733,2.00E-05,10_0,1.0065795,-0.000118665,,0.0007505,0.000138665
10,0,1.74,5,1.00672,2.00E-05,10_0,1.005877,-0.000173718,,0.000843,0.000193718
10,0,1.76,5,1.00615,2.00E-05,10_0,1.005223,-0.000223666,,0.000927,0.000243666
10,0,1.78,5,1.00563,1.00E-05,10_0,1.0046147,-0.000268847,,0.0010153,0.000278847
10,0,1.8,5,1.00515,1.00E-05,10_0,1.0040492,-0.000309736,,0.0011008,0.000319736
10,0,1.82,5,1.00471,1.00E-05,10_0,1.0035238,-0.000346638,,0.0011862,0.000356638
10,0,1.84,5,1.0043,1.00E-05,10_0,1.0030361,-0.000379853,,0.0012639,0.000389853
10,0,1.86,5,1.00392,1.00E-05,10_0,1.0025839,-0.000409648,,0.0013361,0.000419648
10,0,1.88,5,1.00358,0,10_0,1.0021647,-0.000436284,,0.0014153,0.000436284
10,0,1.9,5,1.00326,0,10_0,1.0017768,-0.000460051,,0.0014832,0.000460051
10,0,1.92,5,1.00297,0,10_0,1.0014182,-0.000481054,,0.0015518,0.000481054
10,0,1.94,5,1.00271,0,10_0,1.0010872,-0.000499629,,0.0016228,0.000499629
10,0,1.96,5,1.00246,0,10_0,1.000782,-0.000515848,,0.001678,0.000515848
10,0,1.98,5,1.00224,0,10_0,1.0005012,-0.000529923,,0.0017388,0.000529923
10,0,2,5,1.00204,0,10_0,1.000243,-0.000542007,,0.001797,0.000542007
10,0,2.02,5,1.00185,0,10_0,1.0000062,-0.000552207,,0.0018438,0.000552207
10,0,2.04,5,1.00168,0,10_0,0.99978954,-0.000560723,,0.00189046,0.000560723
10,0,2.06,5,1.00152,0,10_0,0.99959177,-0.000567578,,0.00192823,0.000567578
10,0,2.08,5,1.00138,0,10_0,0.9994117,-0.000572927,,0.0019683,0.000572927
10,0,2.1,5,1.00125,0,10_0,0.9992483,-0.000576906,,0.0020017,0.000576906
10,0,2.12,5,1.00113,0,10_0,0.9991005,-0.000579566,,0.0020295,0.000579566
10,0,2.14,5,1.00102,0,10_0,0.9989674,-0.000581026,,0.0020526,0.000581026
10,0,2.16,5,1.00093,0,10_0,0.99884814,-0.000581324,,0.00208186,0.000581324
10,0,2.18,5,1.00084,0,10_0,0.9987417,-0.000580557,,0.0020983,0.000580557
10,0,2.2,5,1.00075,0,10_0,0.99864745,-0.000578783,,0.00210255,0.000578783
10,0,2.22,5,1.00068,0,10_0,0.9985646,-0.000576086,,0.0021154,0.000576086
10,0,2.24,5,1.00061,0,10_0,0.99849236,-0.00057254,,0.00211764,0.00057254
10,0,2.26,5,1.00055,0,10_0,0.9984302,-0.000568159,,0.0021198,0.000568159
10,0,2.28,5,1.0005,0,10_0,0.9983774,-0.000562996,,0.0021226,0.000562996
10,0,2.3,5,1.00045,0,10_0,0.99833333,-0.000557147,,0.00211667,0.000557147
10,0,2.32,5,1.0004,0,10_0,0.9982976,-0.000550613,,0.0021024,0.000550613
10,0,2.34,5,1.00036,0,10_0,0.9982695,-0.000543475,,0.0020905,0.000543475
10,0,2.36,5,1.00032,0,10_0,0.9982487,-0.000535719,,0.0020713,0.000535719
10,0,2.38,5,1.00029,0,10_0,0.99823457,-0.000527434,,0.00205543,0.000527434
10,0,2.4,5,1.00026,0,10_0,0.99822676,-0.000518598,,0.00203324,0.000518598
10,0,2.42,5,1.00023,0,10_0,0.9982248,-0.000509322,,0.0020052,0.000509322
10,0,2.44,5,1.00021,0,10_0,0.9982284,-0.000499569,,0.0019816,0.000499569
10,0,2.46,5,1.00019,0,10_0,0.9982371,-0.000489377,,0.0019529,0.000489377
10,0,2.48,5,1.00017,0,10_0,0.9982506,-0.000478812,,0.0019194,0.000478812
10,0,2.5,5,1.00015,0,10_0,0.9982685,-0.000467874,,0.0018815,0.000467874
10,0,2.52,5,1.00013,0,10_0,0.9982905,-0.000456564,,0.0018395,0.000456564
10,0,2.54,5,1.00012,0,10_0,0.99831635,-0.000444934,,0.00180365,0.000444934
10,0,2.56,5,1.00011,0,10_0,0.99834573,-0.000433013,,0.00176427,0.000433013
10,0,2.58,5,1.00009,0,10_0,0.99837846,-0.000420779,,0.00171154,0.000420779
10,0,2.6,5,1.00008,0,10_0,0.99841416,-0.000408277,,0.00166584,0.000408277
10,0,2.62,5,1.00007,0,10_0,0.9984526,-0.000395566,,0.0016174,0.000395566
10,0,2.64,5,1.00007,0,10_0,0.9984937,-0.00038261,,0.0015763,0.00038261
10,0,2.66,5,1.00006,0,10_0,0.99853706,-0.000369422,,0.00152294,0.000369422
10,0,2.68,5,1.00005,0,10_0,0.9985826,-0.000356004,,0.0014674,0.000356004
10,0,2.7,5,1.00004,0,10_0,0.9986301,-0.000342421,,0.0014099,0.000342421
10,0,2.72,5,1.00004,0,10_0,0.9986794,-0.00032869,,0.0013606,0.00032869
10,0,2.74,5,1.00003,0,10_0,0.99873024,-0.000314772,,0.00129976,0.000314772
10,0,2.76,5,1.00003,0,10_0,0.9987826,-0.000300691,,0.0012474,0.000300691
10,0,2.78,5,1.00003,0,10_0,0.99883616,-0.000286482,,0.00119384,0.000286482
10,0,2.8,5,1.00002,0,10_0,0.9988909,-0.000272125,,0.0011291,0.000272125
10,0,2.82,5,1.00002,0,10_0,0.9989466,-0.000257663,,0.0010734,0.000257663
10,0,2.84,5,1.00002,0,10_0,0.9990032,-0.000243068,,0.0010168,0.000243068
10,0,2.86,5,1.00001,0,10_0,0.9990605,-0.00022842,,0.0009495,0.00022842
10,0,2.88,5,1.00001,0,10_0,0.99911845,-0.000213623,,0.00089155,0.000213623
10,0,2.9,5,1.00001,0,10_0,0.9991769,-0.000198759,,0.0008331,0.000198759
10,0,2.92,5,1.00001,0,10_0,0.99923575,-0.000183828,,0.00077425,0.000183828
10,0,2.94,5,1.00001,0,10_0,0.99929494,-0.00016883,,0.00071506,0.00016883
10,0,2.96,5,1.00001,0,10_0,0.99935424,-0.000153728,,0.00065576,0.000153728
10,0,2.98,5,1,0,10_0,0.9994137,-0.000138588,,0.0005863,0.000138588
10,0,3,5,1,0,10_0,0.9994732,-0.000123434,,0.0005268,0.000123434
10,0,3.02,5,1,0,10_0,0.99953264,-0.000108205,,0.00046736,0.000108205
10,0,3.04,5,1,0,10_0,0.9995919,-9.29E-05,,0.0004081,9.29236E-05
10,0,3.06,5,1,0,10_0,0.99965096,-7.76E-05,,0.00034904,7.75829E-05
10,0,3.08,5,1,0,10_0,0.9997098,-6.22E-05,,0.0002902,6.22496E-05
10,0,3.1,5,1,0,10_0,0.9997682,-4.69E-05,,0.0002318,4.68716E-05
10,0,3.12,5,1,0,10_0,0.99982625,-3.15E-05,,0.00017375,3.14713E-05
10,0,3.14,5,1,0,10_0,0.9998838,-1.60E-05,,0.0001162,1.60113E-05
10,0,3.16,5,1,0,10_0,0.9999408,-5.96E-07,,5.92E-05,5.96046E-07
10,0,3.18,5,1,0,10_0,0.9999972,1.48E-05,,2.8E-06,-1.4849E-05
10,0,3.2,5,1,0,10_0,1.000053,3.03E-05,,-5.3E-05,-3.03164E-05
10,0,3.22,5,0.99999,0,10_0,1.0001081,4.58E-05,,-0.0001181,-4.57615E-05
10,0,3.24,5,0.99999,0,10_0,1.0001625,6.12E-05,,-0.0001725,-6.12438E-05
10,0,3.26,5,0.99999,0,10_0,1.000216,7.67E-05,,-0.000226,-7.67261E-05
10,0,3.28,5,0.99999,0,10_0,1.0002688,9.22E-05,,-0.0002788,-9.2186E-05
10,0,3.3,5,0.99999,0,10_0,1.0003207,0.000107676,,-0.0003307,-0.000107676
10,0,3.32,5,0.99999,0,10_0,1.0003717,0.000123143,,-0.0003817,-0.000123143
10,0,3.34,5,1,0,10_0,1.0004216,0.000138581,,-0.0004216,-0.000138581
10,0,3.36,5,1,0,10_0,1.0004708,0.000154048,,-0.0004708,-0.000154048
10,0,3.38,5,1,0,10_0,1.0005188,0.000169471,,-0.0005188,-0.000169471
10,0,3.4,5,1,0,10_0,1.0005659,0.000184909,,-0.0005659,-0.000184909
10,0,3.42,5,1,0,10_0,1.0006118,0.000200331,,-0.0006118,-0.000200331
10,0,3.44,5,1,0,10_0,1.0006566,0.000215724,,-0.0006566,-0.000215724
10,0,3.46,5,1,0,10_0,1.0007004,0.000231087,,-0.0007004,-0.000231087
10,0,3.48,5,1,0,10_0,1.0007429,0.00024648,,-0.0007429,-0.00024648
10,0,3.5,5,1,0,10_0,1.0007843,0.000261813,,-0.0007843,-0.000261813
10,0,3.52,5,1,0,10_0,1.0008245,0.000277139,,-0.0008245,-0.000277139
10,0,3.54,5,1,0,10_0,1.0008633,0.000292458,,-0.0008633,-0.000292458
10,0,3.56,5,1,0,10_0,1.000901,0.000307746,,-0.000901,-0.000307746
10,0,3.58,5,1,0,10_0,1.0009375,0.000323027,,-0.0009375,-0.000323027
10,0,3.6,5,1,0,10_0,1.0009725,0.000338286,,-0.0009725,-0.000338286
10,0,3.62,5,1,0,10_0,1.0010064,0.000353523,,-0.0010064,-0.000353523
10,0,3.64,5,1,0,10_0,1.0010389,0.000368737,,-0.0010389,-0.000368737
10,0,3.66,5,1,0,10_0,1.00107,0.000383928,,-0.00107,-0.000383928
10,0,3.68,5,1,0,10_0,1.0010998,0.000399098,,-0.0010998,-0.000399098
10,0,3.7,5,1,0,10_0,1.0011282,0.000414245,,-0.0011282,-0.000414245
10,0,3.72,5,1,0,10_0,1.0011553,0.000429384,,-0.0011553,-0.000429384
10,0,3.74,5,1,0,10_0,1.0011808,0.000444509,,-0.0011808,-0.000444509
10,0,3.76,5,1,0,10_0,1.001205,0.000459597,,-0.001205,-0.000459597
10,0,3.78,5,1,0,10_0,1.0012277,0.000474684,,-0.0012277,-0.000474684
10,0,3.8,5,1,0,10_0,1.001249,0.000489719,,-0.001249,-0.000489719
10,0,3.82,5,1,0,10_0,1.0012687,0.000504777,,-0.0012687,-0.000504777
10,0,3.84,5,1,0,10_0,1.0012871,0.000519797,,-0.0012871,-0.000519797
10,0,3.86,5,1,0,10_0,1.0013039,0.000534825,,-0.0013039,-0.000534825
10,0,3.88,5,1,0,10_0,1.0013193,0.000549801,,-0.0013193,-0.000549801
10,0,3.9,5,1,0,10_0,1.0013331,0.000564791,,-0.0013331,-0.000564791
10,0,3.92,5,1,0,10_0,1.0013454,0.000579774,,-0.0013454,-0.000579774
10,0,3.94,5,1,0,10_0,1.0013561,0.000594728,,-0.0013561,-0.000594728
10,0,3.96,5,1,0,10_0,1.0013653,0.000609681,,-0.0013653,-0.000609681
10,0,3.98,5,1,0,10_0,1.001373,0.000624619,,-0.001373,-0.000624619
10,0,4,5,0.99999,0,10_0,1.0013791,0.000639565,,-0.0013891,-0.000639565
10,0,4.02,5,0.99999,0,10_0,1.0013835,0.000654466,,-0.0013935,-0.000654466
10,0,4.04,5,0.99999,0,10_0,1.0013864,0.000669405,,-0.0013964,-0.000669405
10,0,4.06,5,0.99999,0,10_0,1.0013877,0.000684291,,-0.0013977,-0.000684291
10,0,4.08,5,0.99999,0,10_0,1.0013875,0.000699237,,-0.0013975,-0.000699237
10,0,4.1,5,1,0,10_0,1.0013856,0.000714108,,-0.0013856,-0.000714108
10,0,4.12,5,0.99999,0,10_0,1.001382,0.000729054,,-0.001392,-0.000729054
10,0,4.14,5,0.99999,0,10_0,1.0013767,0.000743993,,-0.0013867,-0.000743993
10,0,4.16,5,0.99999,0,10_0,1.0013698,0.000758916,,-0.0013798,-0.000758916
10,0,4.18,5,0.99999,0,10_0,1.0013614,0.000773832,,-0.0013714,-0.000773832
10,0,4.2,5,0.99999,0,10_0,1.0013512,0.000788771,,-0.0013612,-0.000788771
10,0,4.22,5,0.99999,0,10_0,1.0013393,0.000803724,,-0.0013493,-0.000803724
10,0,4.24,5,0.99999,0,10_0,1.0013257,0.000818692,,-0.0013357,-0.000818692
10,0,4.26,5,0.99999,0,10_0,1.0013105,0.00083369,,-0.0013205,-0.00083369
10,0,4.28,5,0.99999,0,10_0,1.0012935,0.000848673,,-0.0013035,-0.000848673
10,0,4.3,5,0.99999,0,10_0,1.0012748,0.000863679,,-0.0012848,-0.000863679
10,0,4.32,5,1,0,10_0,1.0012543,0.000878744,,-0.0012543,-0.000878744
10,0,4.34,5,1,0,10_0,1.0012323,0.000893772,,-0.0012323,-0.000893772
10,0,4.36,5,1,0,10_0,1.0012083,0.000908867,,-0.0012083,-0.000908867
10,0,4.38001,5,1,0,10_0,1.0011826,0.000924006,,-0.0011826,-0.000924006
10,0,4.40001,5,1,0,10_0,1.0011551,0.000939161,,-0.0011551,-0.000939161
10,0,4.42001,5,1,0,10_0,1.0011259,0.000954308,,-0.0011259,-0.000954308
10,0,4.44001,5,1,0,10_0,1.0010948,0.000969507,,-0.0010948,-0.000969507
10,0,4.46001,5,1,0,10_0,1.001062,0.000984766,,-0.001062,-0.000984766
10,0,4.48001,5,1,0,10_0,1.0010273,0.001000047,,-0.0010273,-0.001000047
10,0,4.50001,5,1,0,10_0,1.0009909,0.00101541,,-0.0009909,-0.00101541
10,0,4.52001,5,1,0,10_0,1.0009525,0.001030795,,-0.0009525,-0.001030795
10,0,4.54001,5,1,0,10_0,1.0009123,0.001046225,,-0.0009123,-0.001046225
10,0,4.56001,5,1,0,10_0,1.0008702,0.0010617,,-0.0008702,-0.0010617
10,0,4.58001,5,1,0,10_0,1.0008264,0.001077242,,-0.0008264,-0.001077242
10,0,4.60001,5,1,0,10_0,1.0007805,0.001092836,,-0.0007805,-0.001092836
10,0,4.62001,5,1,0,10_0,1.0007328,0.00110849,,-0.0007328,-0.00110849
10,0,4.64001,5,1,0,10_0,1.0006831,0.001124233,,-0.0006831,-0.001124233
10,0,4.66001,5,1,0,10_0,1.0006315,0.001140036,,-0.0006315,-0.001140036
10,0,4.68001,5,0.99999,0,10_0,1.0005779,0.001155891,,-0.0005879,-0.001155891
10,0,4.70001,5,0.99999,0,10_0,1.0005224,0.001171842,,-0.0005324,-0.001171842
10,0,4.72001,5,0.99999,0,10_0,1.0004649,0.001187854,,-0.0004749,-0.001187854
10,0,4.74001,5,0.99999,0,10_0,1.0004054,0.001203969,,-0.0004154,-0.001203969
10,0,4.76001,5,0.99999,0,10_0,1.0003439,0.001220152,,-0.0003539,-0.001220152
10,0,4.78001,5,0.99999,0,10_0,1.0002804,0.001236446,,-0.0002904,-0.001236446
10,0,4.80001,5,0.99999,0,10_0,1.0002148,0.001252785,,-0.0002248,-0.001252785
10,0,4.82002,5,0.99999,0,10_0,1.0001471,0.001269259,,-0.0001571,-0.001269259
10,0,4.84002,5,0.99999,0,10_0,1.0000774,0.001285821,,-8.74E-05,-0.001285821
10,0,4.86002,5,0.99999,0,10_0,1.0000056,0.001302503,,-1.56E-05,-0.001302503
10,0,4.88002,5,0.99999,0,10_0,0.99993163,0.00131923,,5.837E-05,-0.00131923
10,0,4.90002,5,0.99999,0,10_0,0.9998556,0.00133615,,0.0001344,-0.00133615
10,0,4.92002,5,0.99999,0,10_0,0.9997773,0.001353152,,0.0002127,-0.001353152
10,0,4.94002,5,1,0,10_0,0.9996969,0.001370259,,0.0003031,-0.001370259
10,0,4.96002,5,1,0,10_0,0.9996143,0.001387507,,0.0003857,-0.001387507
10,0,4.98002,5,1,0,10_0,0.9995295,0.001404867,,0.0004705,-0.001404867
10,0,5.00002,5,1,0,10_0,0.9994424,0.001422375,,0.0005576,-0.001422375
10,3,0,6,-0.09589,1,10_3,-0.0607512,1.035169,,-0.0351388,-0.035169
10,3,0.02,6,0.13126,1.02335,10_3,0.09353542,1.0394561,,0.03772458,-0.0161061
10,3,0.04,6,0.25479,1.03677,10_3,0.23469144,1.0387661,,0.02009856,-0.0019961
10,3,0.06,6,0.37051,1.03999,10_3,0.36321062,1.0330364,,0.00729938,0.0069536
10,3,0.08,6,0.47841,1.03431,10_3,0.47976434,1.0223528,,-0.00135434,0.0119572
10,3,0.1,6,0.57853,1.02096,10_3,0.58513397,1.0069182,,-0.00660397,0.0140418
10,3,0.12,6,0.671,1.00109,10_3,0.6801472,0.9870188,,-0.0091472,0.0140712
10,3,0.14,6,0.75598,0.97576,10_3,0.7656461,0.96300566,,-0.0096661,0.01275434
10,3,0.16,6,0.83367,0.94595,10_3,0.84243834,0.9352776,,-0.00876834,0.0106724
10,3,0.18,6,0.90432,0.91253,10_3,0.9112943,0.904271,,-0.0069743,0.008259
10,3,0.2,6,0.9682,0.87633,10_3,0.9729246,0.8704537,,-0.0047246,0.0058763
10,3,0.22,6,1.02561,0.83804,10_3,1.0279776,0.83431625,,-0.0023676,0.00372375
10,3,0.24,6,1.07686,0.79832,10_3,1.0770344,0.7963635,,-0.0001744,0.0019565
10,3,0.26,6,1.12227,0.75772,10_3,1.1206081,0.7571025,,0.0016619,0.0006175
10,3,0.28,6,1.16219,0.71672,10_3,1.1591506,0.7170261,,0.0030394,-0.0003061
10,3,0.3,6,1.19695,0.67576,10_3,1.1930462,0.6766051,,0.0039038,-0.0008451
10,3,0.32,6,1.22688,0.63519,10_3,1.2226228,0.63627076,,0.0042572,-0.00108076
10,3,0.34,6,1.25233,0.59531,10_3,1.2481519,0.59641445,,0.0041781,-0.00110445
10,3,0.36,6,1.27363,0.55637,10_3,1.2698619,0.55737686,,0.0037681,-0.00100686
10,3,0.38,6,1.29109,0.51857,10_3,1.2879503,0.5194492,,0.0031397,-0.0008792
10,3,0.4,6,1.30505,0.48208,10_3,1.3026054,0.4828617,,0.0024446,-0.0007817
10,3,0.42,6,1.31579,0.44702,10_3,1.3140209,0.44778922,,0.0017691,-0.00076922
10,3,0.44,6,1.32361,0.41348,10_3,1.3224103,0.41434124,,0.0011997,-0.00086124
10,3,0.46,6,1.32879,0.38153,10_3,1.3280158,0.3825707,,0.0007742,-0.0010407
10,3,0.48,6,1.33161,0.35121,10_3,1.3311001,0.3524769,,0.0005099,-0.0012669
10,3,0.5,6,1.3323,0.32254,10_3,1.3319409,0.32401687,,0.0003591,-0.00147687
10,3,0.52,6,1.33112,0.29552,10_3,1.3308179,0.29711783,,0.0003021,-0.00159783
10,3,0.54,6,1.32827,0.27014,10_3,1.3280019,0.27169353,,0.0002681,-0.00155353
10,3,0.56,6,1.32398,0.24638,10_3,1.3237456,0.24765587,,0.0002344,-0.00127587
10,3,0.58,6,1.31843,0.22419,10_3,1.3182817,0.22493008,,0.0001483,-0.00074008
10,3,0.6,6,1.3118,0.20354,10_3,1.3118199,0.20346689,,-1.99E-05,7.311E-05
10,3,0.62,6,1.30427,0.18437,10_3,1.3045506,0.18325152,,-0.0002806,0.00111848
10,3,0.64,6,1.29598,0.16662,10_3,1.296644,0.16430524,,-0.000664,0.00231476
10,3,0.66,6,1.28707,0.15024,10_3,1.2882501,0.14667872,,-0.0011801,0.00356128
10,3,0.68,6,1.27768,0.13516,10_3,1.2794945,0.1304361,,-0.0018145,0.0047239
10,3,0.7,6,1.26791,0.12132,10_3,1.2704692,0.1156279,,-0.0025592,0.0056921
10,3,0.72,6,1.25788,0.10865,10_3,1.2612315,0.102271006,,-0.0033515,0.006378994
10,3,0.74,6,1.24766,0.09708,10_3,1.2518089,0.09033308,,-0.0041489,0.00674692
10,3,0.76,6,1.23735,0.08654,10_3,1.2422085,0.07973489,,-0.0048585,0.00680511
10,3,0.78,6,1.22702,0.07697,10_3,1.232436,0.070364974,,-0.005416,0.006605026
10,3,0.8,6,1.21674,0.0683,10_3,1.222506,0.062096186,,-0.005766,0.006203814
10,3,0.82,6,1.20655,0.06047,10_3,1.2124504,0.054801986,,-0.0059004,0.005668014
10,3,0.84,6,1.19651,0.05342,10_3,1.2023176,0.0483654,,-0.0058076,0.0050546
10,3,0.86,6,1.18665,0.04708,10_3,1.1921684,0.04268329,,-0.0055184,0.00439671
10,3,0.88,6,1.17702,0.04139,10_3,1.1820698,0.037666086,,-0.0050498,0.003723914
10,3,0.9,6,1.16765,0.03631,10_3,1.1720899,0.033236183,,-0.0044399,0.003073817
10,3,0.92,6,1.15854,0.03178,10_3,1.1622934,0.029326048,,-0.0037534,0.002453952
10,3,0.94,6,1.14974,0.02776,10_3,1.1527377,0.02587631,,-0.0029977,0.00188369
10,3,0.96,6,1.14124,0.02419,10_3,1.1434724,0.022834305,,-0.0022324,0.001355695
10,3,0.98,6,1.13306,0.02103,10_3,1.1345382,0.020153154,,-0.0014782,0.000876846
10,3,1,6,1.12521,0.01824,10_3,1.1259657,0.01779098,,-0.0007557,0.00044902
10,3,1.02,6,1.11769,0.01578,10_3,1.1177777,0.01571028,,-8.77E-05,6.972E-05
10,3,1.04,6,1.11049,0.01363,10_3,1.1099887,0.013877653,,0.0005013,-0.000247653
10,3,1.06,6,1.10363,0.01175,10_3,1.1026059,0.012263358,,0.0010241,-0.000513358
10,3,1.08,6,1.0971,0.0101,10_3,1.0956308,0.010840938,,0.0014692,-0.000740938
10,3,1.1,6,1.09089,0.00866,10_3,1.0890592,0.009586975,,0.0018308,-0.000926975
10,3,1.12,6,1.08499,0.00742,10_3,1.0828831,0.008480772,,0.0021069,-0.001060772
10,3,1.14,6,1.07941,0.00634,10_3,1.0770913,0.007504098,,0.0023187,-0.001164098
10,3,1.16,6,1.07412,0.0054,10_3,1.0716698,0.006640963,,0.0024502,-0.001240963
10,3,1.18,6,1.06913,0.0046,10_3,1.0666031,0.005877331,,0.0025269,-0.001277331
10,3,1.2,6,1.06442,0.0039,10_3,1.0618742,0.005200945,,0.0025458,-0.001300945
10,3,1.22,6,1.05998,0.00331,10_3,1.0574654,0.004601024,,0.0025146,-0.001291024
10,3,1.24,6,1.0558,0.00279,10_3,1.0533594,0.004068233,,0.0024406,-0.001278233
10,3,1.26,6,1.05187,0.00236,10_3,1.049538,0.003594406,,0.002332,-0.001234406
10,3,1.28,6,1.04818,0.00199,10_3,1.0459838,0.00317236,,0.0021962,-0.00118236
10,3,1.3,6,1.04472,0.00167,10_3,1.0426798,0.00279592,,0.0020402,-0.00112592
10,3,1.32,6,1.04147,0.0014,10_3,1.0396096,0.002459705,,0.0018604,-0.001059705
10,3,1.34,6,1.03844,0.00117,10_3,1.0367575,0.00215891,,0.0016825,-0.00098891
10,3,1.36,6,1.0356,0.00098,10_3,1.0341084,0.001889482,,0.0014916,-0.000909482
10,3,1.38,6,1.03295,0.00082,10_3,1.0316485,0.0016478,,0.0013015,-0.0008278
10,3,1.4,6,1.03047,0.00068,10_3,1.0293645,0.001430698,,0.0011055,-0.000750698
10,3,1.42,6,1.02816,0.00057,10_3,1.0272436,0.001235426,,0.0009164,-0.000665426
10,3,1.44,6,1.02601,0.00047,10_3,1.0252744,0.001059614,,0.0007356,-0.000589614
10,3,1.46,6,1.024,0.00039,10_3,1.0234461,0.00090111,,0.0005539,-0.00051111
10,3,1.48,6,1.02214,0.00032,10_3,1.0217483,0.000758074,,0.0003917,-0.000438074
10,3,1.5,6,1.02041,0.00027,10_3,1.0201719,0.000628874,,0.0002381,-0.000358874
10,3,1.52,6,1.0188,0.00022,10_3,1.0187079,0.000512026,,9.21E-05,-0.000292026
10,3,1.54,6,1.01731,0.00018,10_3,1.0173482,0.000406325,,-3.82E-05,-0.000226325
10,3,1.56,6,1.01592,0.00015,10_3,1.0160854,0.000310585,,-0.0001654,-0.000160585
10,3,1.58,6,1.01464,0.00012,10_3,1.0149124,0.00022389,,-0.0002724,-0.00010389
10,3,1.6,6,1.01345,0.0001,10_3,1.0138227,0.000145301,,-0.0003727,-4.53012E-05
10,3,1.62,6,1.01235,8.00E-05,10_3,1.0128106,7.41E-05,,-0.0004606,5.94123E-06
10,3,1.64,6,1.01133,7.00E-05,10_3,1.0118703,9.47E-06,,-0.0005403,6.05303E-05
10,3,1.66,6,1.01039,5.00E-05,10_3,1.0109968,-4.91E-05,,-0.0006068,9.90919E-05
10,3,1.68,6,1.00953,4.00E-05,10_3,1.0101852,-0.0001022,,-0.0006552,0.0001422
10,3,1.7,6,1.00873,4.00E-05,10_3,1.0094315,-0.000150293,,-0.0007015,0.000190293
10,3,1.72,6,1.00799,3.00E-05,10_3,1.0087312,-0.000193872,,-0.0007412,0.000223872
10,3,1.74,6,1.00731,2.00E-05,10_3,1.0080808,-0.000233293,,-0.0007708,0.000253293
10,3,1.76,6,1.00668,2.00E-05,10_3,1.0074768,-0.000268973,,-0.0007968,0.000288973
10,3,1.78,6,1.0061,2.00E-05,10_3,1.0069159,-0.000301115,,-0.0008159,0.000321115
10,3,1.8,6,1.00557,1.00E-05,10_3,1.0063952,-0.000330158,,-0.0008252,0.000340158
10,3,1.82,6,1.00509,1.00E-05,10_3,1.0059118,-0.000356257,,-0.0008218,0.000366257
10,3,1.84,6,1.00464,1.00E-05,10_3,1.0054634,-0.000379689,,-0.0008234,0.000389689
10,3,1.86,6,1.00423,1.00E-05,10_3,1.0050472,-0.000400707,,-0.0008172,0.000410707
10,3,1.88,6,1.00385,1.00E-05,10_3,1.0046613,-0.000419363,,-0.0008113,0.000429363
10,3,1.9,6,1.00351,0,10_3,1.0043036,-0.000435971,,-0.0007936,0.000435971
10,3,1.92,6,1.00319,0,10_3,1.003972,-0.000450663,,-0.000782,0.000450663
10,3,1.94,6,1.0029,0,10_3,1.003665,-0.000463583,,-0.000765,0.000463583
10,3,1.96,6,1.00264,0,10_3,1.0033809,-0.000474848,,-0.0007409,0.000474848
10,3,1.98,6,1.0024,0,10_3,1.0031179,-0.000484556,,-0.0007179,0.000484556
10,3,2,6,1.00217,0,10_3,1.002875,-0.000492863,,-0.000705,0.000492863
10,3,2.02,6,1.00197,0,10_3,1.0026505,-0.000499845,,-0.0006805,0.000499845
10,3,2.04,6,1.00179,0,10_3,1.0024433,-0.000505596,,-0.0006533,0.000505596
10,3,2.06,6,1.00162,0,10_3,1.0022523,-0.00051026,,-0.0006323,0.00051026
10,3,2.08,6,1.00147,0,10_3,1.0020764,-0.000513844,,-0.0006064,0.000513844
10,3,2.1,6,1.00133,0,10_3,1.0019145,-0.000516452,,-0.0005845,0.000516452
10,3,2.12,6,1.0012,0,10_3,1.0017656,-0.000518136,,-0.0005656,0.000518136
10,3,2.14,6,1.00109,0,10_3,1.0016292,-0.000518978,,-0.0005392,0.000518978
10,3,2.16,6,1.00098,0,10_3,1.0015041,-0.000519022,,-0.0005241,0.000519022
10,3,2.18,6,1.00088,0,10_3,1.0013897,-0.000518315,,-0.0005097,0.000518315
10,3,2.2,6,1.0008,0,10_3,1.0012852,-0.000516884,,-0.0004852,0.000516884
10,3,2.22,6,1.00072,0,10_3,1.0011901,-0.00051485,,-0.0004701,0.00051485
10,3,2.24,6,1.00065,0,10_3,1.0011036,-0.000512183,,-0.0004536,0.000512183
10,3,2.26,6,1.00058,0,10_3,1.0010252,-0.000508957,,-0.0004452,0.000508957
10,3,2.28,6,1.00052,0,10_3,1.0009543,-0.000505209,,-0.0004343,0.000505209
10,3,2.3,6,1.00047,0,10_3,1.0008904,-0.000500932,,-0.0004204,0.000500932
10,3,2.32,6,1.00042,0,10_3,1.000833,-0.000496194,,-0.000413,0.000496194
10,3,2.34,6,1.00038,0,10_3,1.0007819,-0.000491031,,-0.0004019,0.000491031
10,3,2.36,6,1.00034,0,10_3,1.0007362,-0.000485472,,-0.0003962,0.000485472
10,3,2.38,6,1.00031,0,10_3,1.000696,-0.000479497,,-0.000386,0.000479497
10,3,2.4,6,1.00027,0,10_3,1.0006604,-0.000473186,,-0.0003904,0.000473186
10,3,2.42,6,1.00025,0,10_3,1.0006297,-0.000466526,,-0.0003797,0.000466526
10,3,2.44,6,1.00022,0,10_3,1.0006028,-0.000459529,,-0.0003828,0.000459529
10,3,2.46,6,1.0002,0,10_3,1.0005801,-0.000452243,,-0.0003801,0.000452243
10,3,2.48,6,1.00018,0,10_3,1.000561,-0.000444695,,-0.000381,0.000444695
10,3,2.5,6,1.00016,0,10_3,1.0005451,-0.000436842,,-0.0003851,0.000436842
10,3,2.52,6,1.00014,0,10_3,1.0005324,-0.000428788,,-0.0003924,0.000428788
10,3,2.54,6,1.00013,0,10_3,1.0005225,-0.000420444,,-0.0003925,0.000420444
10,3,2.56,6,1.00011,0,10_3,1.0005152,-0.000411928,,-0.0004052,0.000411928
10,3,2.58,6,1.0001,0,10_3,1.0005103,-0.000403181,,-0.0004103,0.000403181
10,3,2.6,6,1.00009,0,10_3,1.0005077,-0.000394233,,-0.0004177,0.000394233
10,3,2.62,6,1.00008,0,10_3,1.000507,-0.000385091,,-0.000427,0.000385091
10,3,2.64,6,1.00007,0,10_3,1.0005082,-0.000375807,,-0.0004382,0.000375807
10,3,2.66,6,1.00007,0,10_3,1.000511,-0.000366338,,-0.000441,0.000366338
10,3,2.68,6,1.00006,0,10_3,1.0005155,-0.000356734,,-0.0004555,0.000356734
10,3,2.7,6,1.00005,0,10_3,1.0005212,-0.000346974,,-0.0004712,0.000346974
10,3,2.72,6,1.00005,0,10_3,1.0005282,-0.000337072,,-0.0004782,0.000337072
10,3,2.74,6,1.00005,0,10_3,1.0005363,-0.000327066,,-0.0004863,0.000327066
10,3,2.76,6,1.00004,0,10_3,1.0005453,-0.00031691,,-0.0005053,0.00031691
10,3,2.78,6,1.00004,0,10_3,1.0005552,-0.000306651,,-0.0005152,0.000306651
10,3,2.8,6,1.00003,0,10_3,1.0005658,-0.000296295,,-0.0005358,0.000296295
10,3,2.82,6,1.00003,0,10_3,1.000577,-0.000285819,,-0.000547,0.000285819
10,3,2.84,6,1.00003,0,10_3,1.0005889,-0.000275247,,-0.0005589,0.000275247
10,3,2.86,6,1.00003,0,10_3,1.000601,-0.000264592,,-0.000571,0.000264592
10,3,2.88,6,1.00003,0,10_3,1.0006137,-0.000253849,,-0.0005837,0.000253849
10,3,2.9,6,1.00003,0,10_3,1.0006266,-0.00024306,,-0.0005966,0.00024306
10,3,2.92,6,1.00003,0,10_3,1.0006397,-0.00023213,,-0.0006097,0.00023213
10,3,2.94,6,1.00003,0,10_3,1.0006528,-0.000221193,,-0.0006228,0.000221193
10,3,2.96,6,1.00002,0,10_3,1.0006661,-0.000210114,,-0.0006461,0.000210114
10,3,2.98,6,1.00002,0,10_3,1.0006794,-0.000199027,,-0.0006594,0.000199027
10,3,3,6,1.00002,0,10_3,1.0006925,-0.000187851,,-0.0006725,0.000187851
10,3,3.02,6,1.00002,0,10_3,1.0007055,-0.000176623,,-0.0006855,0.000176623
10,3,3.04,6,1.00002,0,10_3,1.0007184,-0.000165343,,-0.0006984,0.000165343
10,3,3.06,6,1.00002,0,10_3,1.000731,-0.000154018,,-0.000711,0.000154018
10,3,3.08,6,1.00002,0,10_3,1.0007434,-0.000142634,,-0.0007234,0.000142634
10,3,3.1,6,1.00002,0,10_3,1.0007554,-0.00013122,,-0.0007354,0.00013122
10,3,3.12,6,1.00002,0,10_3,1.000767,-0.000119738,,-0.000747,0.000119738
10,3,3.14,6,1.00002,0,10_3,1.0007782,-0.000108205,,-0.0007582,0.000108205
10,3,3.16,6,1.00002,0,10_3,1.0007889,-9.66E-05,,-0.0007689,9.66489E-05
10,3,3.18,6,1.00002,0,10_3,1.0007993,-8.50E-05,,-0.0007793,8.50484E-05
10,3,3.2,6,1.00002,0,10_3,1.000809,-7.34E-05,,-0.000789,7.33808E-05
10,3,3.22,6,1.00002,0,10_3,1.0008183,-6.17E-05,,-0.0007983,6.17206E-05
10,3,3.24,6,1.00002,0,10_3,1.0008268,-5.00E-05,,-0.0008068,5.00307E-05
10,3,3.26,6,1.00002,0,10_3,1.0008347,-3.82E-05,,-0.0008147,3.82438E-05
10,3,3.28,6,1.00002,0,10_3,1.0008421,-2.65E-05,,-0.0008221,2.64868E-05
10,3,3.3,6,1.00002,0,10_3,1.0008488,-1.47E-05,,-0.0008288,1.46925E-05
10,3,3.32,6,1.00002,0,10_3,1.0008547,-2.85E-06,,-0.0008347,2.85357E-06
10,3,3.34,6,1.00002,0,10_3,1.00086,9.05E-06,,-0.00084,-9.04501E-06
10,3,3.36,6,1.00002,0,10_3,1.0008645,2.09E-05,,-0.0008445,-2.09212E-05
10,3,3.38,6,1.00002,0,10_3,1.0008682,3.29E-05,,-0.0008482,-3.28794E-05
10,3,3.4,6,1.00002,0,10_3,1.0008712,4.48E-05,,-0.0008512,-4.48376E-05
10,3,3.42,6,1.00001,0,10_3,1.0008733,5.68E-05,,-0.0008633,-5.68405E-05
10,3,3.44,6,1.00001,0,10_3,1.0008748,6.88E-05,,-0.0008648,-6.88434E-05
10,3,3.46,6,1.00001,0,10_3,1.0008752,8.09E-05,,-0.0008652,-8.09133E-05
10,3,3.48,6,1.00001,0,10_3,1.0008749,9.30E-05,,-0.0008649,-9.29832E-05
10,3,3.5,6,1.00001,0,10_3,1.0008737,0.000105076,,-0.0008637,-0.000105076
10,3,3.52,6,1.00001,0,10_3,1.0008717,0.00011722,,-0.0008617,-0.00011722
10,3,3.54,6,1.00001,0,10_3,1.0008687,0.000129402,,-0.0008587,-0.000129402
10,3,3.56,6,1.00001,0,10_3,1.0008649,0.000141568,,-0.0008549,-0.000141568
10,3,3.58,6,1.00001,0,10_3,1.0008601,0.000153795,,-0.0008501,-0.000153795
10,3,3.6,6,1.00001,0,10_3,1.0008544,0.000166059,,-0.0008444,-0.000166059
10,3,3.62,6,1.00001,0,10_3,1.0008478,0.000178322,,-0.0008378,-0.000178322
10,3,3.64,6,1.00001,0,10_3,1.0008402,0.000190631,,-0.0008302,-0.000190631
10,3,3.66,6,1.00001,0,10_3,1.0008317,0.000202976,,-0.0008217,-0.000202976
10,3,3.68,6,1.00001,0,10_3,1.0008223,0.000215352,,-0.0008123,-0.000215352
10,3,3.7,6,1.00001,0,10_3,1.0008118,0.000227772,,-0.0008018,-0.000227772
10,3,3.72,6,1.00001,0,10_3,1.0008004,0.000240199,,-0.0007904,-0.000240199
10,3,3.74,6,1.00001,0,10_3,1.000788,0.000252672,,-0.000778,-0.000252672
10,3,3.76,6,1.00001,0,10_3,1.0007746,0.000265196,,-0.0007646,-0.000265196
10,3,3.78,6,1.00001,0,10_3,1.0007603,0.000277706,,-0.0007503,-0.000277706
10,3,3.8,6,1.00001,0,10_3,1.0007449,0.000290297,,-0.0007349,-0.000290297
10,3,3.82,6,1.00001,0,10_3,1.0007286,0.000302926,,-0.0007186,-0.000302926
10,3,3.84,6,1.00001,0,10_3,1.0007111,0.000315592,,-0.0007011,-0.000315592
10,3,3.86,6,1.00001,0,10_3,1.0006927,0.000328273,,-0.0006827,-0.000328273
10,3,3.88,6,1.00001,0,10_3,1.0006734,0.000341035,,-0.0006634,-0.000341035
10,3,3.9,6,1.00001,0,10_3,1.0006529,0.000353828,,-0.0006429,-0.000353828
10,3,3.92,6,1.00001,0,10_3,1.0006315,0.000366628,,-0.0006215,-0.000366628
10,3,3.94,6,1.00001,0,10_3,1.0006089,0.000379518,,-0.0005989,-0.000379518
10,3,3.96,6,1.00001,0,10_3,1.0005854,0.00039243,,-0.0005754,-0.00039243
10,3,3.98,6,1.00001,0,10_3,1.0005609,0.000405408,,-0.0005509,-0.000405408
10,3,4,6,1.00002,0,10_3,1.0005352,0.00041841,,-0.0005152,-0.00041841
10,3,4.02,6,1.00002,0,10_3,1.0005085,0.000431471,,-0.0004885,-0.000431471
10,3,4.04,6,1.00002,0,10_3,1.0004809,0.000444613,,-0.0004609,-0.000444613
10,3,4.06,6,1.00002,0,10_3,1.0004522,0.000457771,,-0.0004322,-0.000457771
10,3,4.08,6,1.00002,0,10_3,1.0004224,0.000471041,,-0.0004024,-0.000471041
10,3,4.1,6,1.00001,0,10_3,1.0003915,0.000484318,,-0.0003815,-0.000484318
10,3,4.12,6,1.00001,0,10_3,1.0003595,0.000497669,,-0.0003495,-0.000497669
10,3,4.14,6,1.00001,0,10_3,1.0003266,0.00051105,,-0.0003166,-0.00051105
10,3,4.16,6,1.00001,0,10_3,1.0002925,0.000524558,,-0.0002825,-0.000524558
10,3,4.18,6,1.00001,0,10_3,1.0002575,0.000538081,,-0.0002475,-0.000538081
10,3,4.2,6,1.00001,0,10_3,1.0002214,0.000551716,,-0.0002114,-0.000551716
10,3,4.22,6,1.00001,0,10_3,1.000184,0.000565387,,-0.000174,-0.000565387
10,3,4.24,6,1.00001,0,10_3,1.0001458,0.000579149,,-0.0001358,-0.000579149
10,3,4.26,6,1.00001,0,10_3,1.0001065,0.000592992,,-9.65E-05,-0.000592992
10,3,4.28,6,1.00001,0,10_3,1.000066,0.00060688,,-5.6E-05,-0.00060688
10,3,4.3,6,1.00001,0,10_3,1.0000246,0.000620879,,-1.46E-05,-0.000620879
10,3,4.32,6,1.00001,0,10_3,0.99998206,0.000634939,,2.794E-05,-0.000634939
10,3,4.34,6,1.00001,0,10_3,0.9999384,0.000649087,,7.16E-05,-0.000649087
10,3,4.36,6,1.00001,0,10_3,0.9998937,0.000663325,,0.0001163,-0.000663325
10,3,4.38001,6,1,0,10_3,0.99984795,0.000677645,,0.00015205,-0.000677645
10,3,4.40001,6,1,0,10_3,0.9998011,0.000692077,,0.0001989,-0.000692077
10,3,4.42001,6,1,0,10_3,0.99975324,0.000706576,,0.00024676,-0.000706576
10,3,4.44001,6,1,0,10_3,0.9997042,0.000721186,,0.0002958,-0.000721186
10,3,4.46001,6,1,0,10_3,0.9996542,0.000735909,,0.0003458,-0.000735909
10,3,4.48001,6,1,0,10_3,0.99960303,0.000750721,,0.00039697,-0.000750721
10,3,4.50001,6,1,0,10_3,0.9995508,0.000765629,,0.0004492,-0.000765629
10,3,4.52001,6,1,0,10_3,0.99949753,0.000780635,,0.00050247,-0.000780635
10,3,4.54001,6,1,0,10_3,0.9994431,0.000795774,,0.0005569,-0.000795774
10,3,4.56001,6,1,0,10_3,0.9993877,0.000811033,,0.0006123,-0.000811033
10,3,4.58001,6,1,0,10_3,0.9993312,0.000826374,,0.0006688,-0.000826374
10,3,4.60001,6,1,0,10_3,0.9992736,0.000841878,,0.0007264,-0.000841878
10,3,4.62001,6,0.99999,0,10_3,0.9992149,0.00085751,,0.0007751,-0.00085751
10,3,4.64001,6,0.99999,0,10_3,0.99915516,0.000873216,,0.00083484,-0.000873216
10,3,4.66001,6,0.99999,0,10_3,0.9990943,0.000889055,,0.0008957,-0.000889055
10,3,4.68001,6,0.99999,0,10_3,0.99903244,0.000905089,,0.00095756,-0.000905089
10,3,4.70001,6,0.99999,0,10_3,0.9989694,0.00092122,,0.0010206,-0.00092122
10,3,4.72001,6,0.99999,0,10_3,0.99890536,0.000937484,,0.00108464,-0.000937484
10,3,4.74001,6,0.99999,0,10_3,0.9988402,0.000953905,,0.0011498,-0.000953905
10,3,4.76001,6,0.99999,0,10_3,0.998774,0.000970468,,0.001216,-0.000970468
10,3,4.78001,6,0.99999,0,10_3,0.9987067,0.000987202,,0.0012833,-0.000987202
10,3,4.80001,6,0.99999,0,10_3,0.9986383,0.001004063,,0.0013517,-0.001004063
10,3,4.82002,6,0.99999,0,10_3,0.9985688,0.001021087,,0.0014212,-0.001021087
10,3,4.84002,6,0.99999,0,10_3,0.99849826,0.001038291,,0.00149174,-0.001038291
10,3,4.86002,6,0.99999,0,10_3,0.9984267,0.001055658,,0.0015633,-0.001055658
10,3,4.88002,6,0.99999,0,10_3,0.99835396,0.001073167,,0.00163604,-0.001073167
10,3,4.90002,6,0.99999,0,10_3,0.99828017,0.001090869,,0.00170983,-0.001090869
10,3,4.92002,6,0.99999,0,10_3,0.9982053,0.001108766,,0.0017847,-0.001108766
10,3,4.94002,6,1,0,10_3,0.99812937,0.001126796,,0.00187063,-0.001126796
10,3,4.96002,6,1,0,10_3,0.99805236,0.001145057,,0.00194764,-0.001145057
10,3,4.98002,6,1,0,10_3,0.9979743,0.001163542,,0.0020257,-0.001163542
10,3,5.00002,6,1,0,10_3,0.99789506,0.001182146,,0.00210494,-0.001182146
