amount,balance,hour,day,time_since_last,distance,speed,merchant_risk,cardholder_risk,device,ip_risk,z_score,is_fraud
70,4862,18,4,1200.44,11,29,0.07,0.03,1,0.07,-0.46,0
62,4840,13,1,1347.32,4,32,0.09,0.06,1,0.06,-0.96,0
51,4258,10,3,1951.90,6,31,0.03,0.01,1,0.09,-0.26,0
48,4708,11,3,1235.69,5,25,0.18,0.05,1,0.07,0.00,0
64,3040,17,3,1483.73,8,20,0.05,0.17,1,0.04,-0.79,0
67,3237,16,4,1556.42,8,39,0.01,0.07,1,0.01,0.38,0
67,5976,9,0,1404.45,4,42,0.13,0.18,1,0.05,-0.45,0
67,4355,8,4,1739.09,6,64,0.09,0.01,1,0.01,-0.46,0
62,4701,11,4,1620.71,5,25,0.15,0.05,1,0.01,-0.75,0
44,4498,9,1,1540.29,8,33,0.04,0.18,1,0.05,0.16,0
46,4672,16,2,1694.75,4,3,0.04,0.02,1,0.03,0.17,0
57,5404,15,0,1307.45,5,22,0.14,0.14,1,0.01,-0.41,0
59,5345,14,4,1687.40,1,33,0.09,0.11,1,0.06,0.99,0
56,4311,8,4,1721.04,9,21,0.17,0.06,1,0.02,0.04,0
62,4497,18,3,1441.83,4,36,0.03,0.14,1,0.04,-0.61,0
44,4678,14,1,1602.70,1,32,0.11,0.05,1,0.01,0.65,0
31,6191,10,2,1544.39,6,33,0.13,0.02,1,0.02,0.17,0
65,5847,10,0,1474.97,1,40,0.04,0.14,1,0.02,0.66,0
83,4179,15,2,1604.41,11,28,0.05,0.05,1,0.10,-0.38,0
78,4760,18,2,1442.60,9,27,0.04,0.14,1,0.03,1.36,0
61,4863,8,3,1395.31,7,35,0.19,0.17,1,0.03,-0.04,0
81,4658,10,1,1582.02,5,36,0.02,0.12,1,0.10,0.88,0
61,3857,9,1,1614.49,8,20,0.06,0.16,1,0.08,0.69,0
70,8853,20,3,1706.18,8,32,0.07,0.08,1,0.01,0.09,0
50,5082,16,1,1082.30,6,26,0.01,0.16,1,0.04,0.04,0
61,3922,12,3,1549.92,1,54,0.13,0.15,1,0.10,0.92,0
19,5186,8,2,1281.50,5,35,0.08,0.03,1,0.02,0.43,0
66,3388,16,4,1515.46,10,17,0.05,0.07,1,0.08,0.92,0
69,5775,19,1,1579.82,7,25,0.13,0.01,1,0.09,-1.05,0
54,5525,17,1,1440.36,7,49,0.12,0.19,1,0.09,0.21,0
67,5926,11,3,1757.20,1,51,0.19,0.08,1,0.10,-0.98,0
50,5208,15,4,1322.13,8,34,0.13,0.18,1,0.07,-0.35,0
47,5877,17,4,1589.46,7,30,0.07,0.16,1,0.03,0.06,0
91,4560,16,2,1701.10,5,37,0.08,0.00,1,0.09,-0.16,0
55,4387,11,2,1269.35,5,32,0.11,0.04,1,0.09,-0.40,0
53,5249,12,1,1802.73,6,31,0.17,0.09,1,0.02,0.04,0
78,4766,9,4,1123.67,5,41,0.18,0.05,1,0.09,0.12,0
25,6069,19,2,1502.18,9,39,0.02,0.10,1,0.00,-0.08,0
46,4952,19,4,1550.94,7,19,0.08,0.10,1,0.01,0.38,0
9,6143,17,3,1449.12,6,27,0.18,0.18,1,0.03,-0.05,0
51,5217,16,0,1353.61,11,42,0.18,0.01,1,0.03,0.91,0
104,4192,15,1,1408.46,1,40,0.02,0.19,1,0.10,-0.91,0
67,6876,8,4,1554.27,8,37,0.08,0.19,1,0.09,0.74,0
84,4531,8,2,1097.37,9,29,0.08,0.05,1,0.01,0.62,0
65,5302,12,2,1743.25,6,27,0.03,0.19,1,0.06,-0.80,0
74,3875,9,3,744.37,4,25,0.16,0.19,1,0.01,0.45,0
68,6342,14,4,1737.81,8,26,0.00,0.07,1,0.06,-0.17,0
36,2961,9,3,1034.15,11,27,0.10,0.14,1,0.08,0.27,0
84,4856,8,3,1135.37,9,34,0.07,0.11,1,0.05,-0.69,0
25,6500,15,3,1337.23,2,29,0.13,0.03,1,0.02,0.48,0
44,4441,12,0,1010.83,7,18,0.02,0.10,1,0.07,-0.58,0
35,5042,20,0,1610.27,3,23,0.04,0.07,1,0.05,0.29,0
30,6367,15,1,1610.28,2,30,0.11,0.02,1,0.04,0.48,0
28,5203,16,4,1491.98,1,14,0.07,0.09,1,0.04,0.10,0
54,7173,11,1,1856.90,9,10,0.07,0.18,1,0.06,0.53,0
60,3362,13,4,1316.58,1,42,0.02,0.16,1,0.01,-0.02,0
76,5145,13,0,1799.03,5,36,0.11,0.10,1,0.08,0.42,0
42,5639,11,0,1809.40,6,28,0.10,0.19,1,0.03,0.07,0
25,6242,15,1,1839.40,11,36,0.02,0.03,1,0.00,-0.51,0
59,3976,13,2,1555.41,4,34,0.19,0.04,1,0.01,-0.30,0
70,6580,20,2,1321.10,7,27,0.16,0.13,1,0.05,-0.16,0
77,4674,16,1,1389.98,9,23,0.06,0.15,1,0.05,-1.12,0
67,4781,14,1,1618.48,5,21,0.19,0.13,1,0.03,0.14,0
67,4585,20,0,1633.18,5,25,0.06,0.05,1,0.07,0.20,0
61,4522,17,4,1370.49,7,43,0.03,0.05,1,0.07,-0.22,0
77,6356,10,3,1113.56,6,19,0.18,0.12,1,0.04,-0.26,0
73,4944,19,1,1476.11,13,28,0.17,0.19,1,0.06,0.02,0
70,5224,15,1,1319.47,9,24,0.04,0.17,1,0.03,-0.25,0
39,4271,12,0,1280.70,7,35,0.02,0.08,1,0.09,0.66,0
59,5807,18,1,1472.27,7,35,0.03,0.01,1,0.03,-0.76,0
46,5906,17,3,1455.68,1,30,0.11,0.17,1,0.05,0.21,0
48,4089,20,2,1479.62,5,24,0.01,0.09,1,0.06,-0.27,0
88,2341,19,0,1689.22,-1,27,0.17,0.19,1,0.04,-0.19,0
77,3673,19,0,1627.14,9,37,0.00,0.02,1,0.08,-0.56,0
70,3947,15,1,1689.96,6,27,0.06,0.02,1,0.06,-0.53,0
74,5467,20,2,1106.04,10,18,0.08,0.12,1,0.03,-0.41,0
34,6755,16,1,1366.61,6,32,0.20,0.09,1,0.02,-0.49,0
106,2216,16,1,1170.36,7,32,0.20,0.11,1,0.02,-0.09,0
27,5552,8,4,1645.83,6,33,0.12,0.13,1,0.02,0.49,0
57,5807,19,1,1069.04,2,31,0.01,0.17,1,0.04,-0.11,0
65,5432,15,2,1414.46,7,12,0.11,0.03,1,0.08,-0.06,0
67,3951,9,4,1186.40,1,47,0.12,0.09,1,0.01,-0.35,0
54,4341,18,2,1483.50,11,37,0.15,0.14,1,0.06,0.64,0
87,6029,16,4,1377.93,5,17,0.06,0.02,1,0.07,1.30,0
56,4846,18,4,1665.81,5,25,0.17,0.01,1,0.06,0.44,0
51,4691,9,2,1231.50,9,27,0.06,0.11,1,0.08,0.07,0
81,3514,20,1,1396.38,8,33,0.00,0.04,1,0.04,-0.01,0
112,4350,19,0,1350.90,9,46,0.05,0.02,1,0.04,-0.26,0
40,3949,12,0,1532.02,4,20,0.19,0.16,1,0.03,-0.14,0
65,5050,15,2,1420.58,5,41,0.05,0.17,1,0.01,-0.17,0
57,4499,16,0,1543.05,9,31,0.12,0.11,1,0.03,-0.75,0
23,8167,8,2,1329.56,7,32,0.12,0.12,1,0.01,-0.76,0
53,5584,19,4,1497.17,6,37,0.02,0.08,1,0.04,1.01,0
78,4049,17,1,1336.48,6,30,0.10,0.12,1,0.08,0.59,0
86,3868,18,4,1556.79,4,36,0.17,0.17,1,0.07,0.55,0
70,5857,17,3,1716.43,7,28,0.07,0.15,1,0.02,0.07,0
68,5400,20,3,1478.22,5,16,0.13,0.11,1,0.08,0.37,0
65,4599,17,0,1420.94,6,36,0.02,0.19,1,0.07,0.09,0
56,4595,8,3,1466.59,3,42,0.01,0.17,1,0.10,-0.76,0
67,4474,14,4,1753.10,5,24,0.05,0.20,1,0.04,0.94,0
35,4822,14,4,1235.75,7,32,0.13,0.05,1,0.10,-0.28,0
56,3853,12,4,1194.55,10,39,0.05,0.04,1,0.00,-0.10,0
35,6444,19,2,1508.55,6,36,0.15,0.13,1,0.01,0.22,0
85,5491,16,0,1154.77,7,15,0.03,0.13,1,0.03,0.16,0
31,6965,20,0,1349.54,-2,14,0.14,0.17,1,0.08,0.38,0
60,4429,15,0,1439.28,2,45,0.11,0.00,1,0.03,0.44,0
42,5038,20,0,1345.78,8,36,0.16,0.01,1,0.07,-0.49,0
64,5880,16,0,1579.64,6,39,0.07,0.16,1,0.01,0.32,0
62,5950,17,1,1324.06,5,28,0.14,0.12,1,0.07,-0.61,0
107,4576,10,3,1554.24,6,24,0.03,0.00,1,0.07,-0.04,0
70,3003,18,2,1404.88,3,26,0.04,0.17,1,0.02,-0.71,0
58,5503,15,3,1716.89,7,30,0.11,0.10,1,0.06,0.79,0
58,4627,11,1,1703.39,6,21,0.08,0.09,1,0.08,-0.68,0
75,4283,11,1,1504.76,4,13,0.17,0.09,1,0.05,-0.03,0
83,3260,13,0,1514.86,5,38,0.07,0.15,1,0.01,-0.62,0
59,5477,18,1,1020.97,6,27,0.05,0.12,1,0.07,0.62,0
53,4651,16,2,1609.42,9,42,0.16,0.12,1,0.09,-0.04,0
55,4804,9,1,1375.68,4,31,0.04,0.04,1,0.01,-0.24,0
64,4105,19,1,1343.81,-2,15,0.10,0.07,1,0.05,0.25,0
45,5505,12,0,1295.84,6,38,0.20,0.07,1,0.00,-0.61,0
73,4483,15,0,1661.11,9,36,0.08,0.13,1,0.01,-0.57,0
80,4748,16,4,1762.74,6,28,0.07,0.13,1,0.08,0.48,0
74,5635,10,4,1409.99,5,28,0.06,0.07,1,0.04,0.01,0
42,6553,16,0,1312.21,1,46,0.12,0.09,1,0.04,0.50,0
61,6126,13,3,1162.09,0,40,0.12,0.15,1,0.08,1.22,0
55,5392,18,2,1289.21,4,13,0.06,0.06,1,0.08,-0.05,0
22,5397,11,1,1503.24,5,31,0.02,0.17,1,0.08,0.66,0
48,4104,8,1,1275.48,5,25,0.11,0.02,1,0.00,0.58,0
65,7250,19,0,1555.86,8,25,0.18,0.15,1,0.06,-0.54,0
43,3942,15,2,1527.11,8,36,0.03,0.08,1,0.02,0.34,0
70,4639,8,4,1684.92,10,15,0.08,0.12,1,0.05,0.13,0
44,6639,13,4,1635.28,8,33,0.12,0.05,1,0.01,-0.27,0
48,3985,18,0,1235.51,11,35,0.01,0.13,1,0.03,0.48,0
94,5871,19,4,1168.55,4,29,0.07,0.20,1,0.04,-0.26,0
77,3204,17,3,1462.10,6,23,0.08,0.08,1,0.08,0.26,0
60,5384,20,3,1613.06,7,38,0.02,0.05,1,0.08,-0.58,0
66,6002,19,3,1225.88,2,23,0.19,0.11,1,0.03,-0.12,0
38,2847,11,1,1607.26,5,33,0.17,0.04,1,0.09,0.00,0
62,4901,10,1,1493.48,6,23,0.02,0.08,1,0.02,0.50,0
39,6313,11,1,1657.18,6,30,0.12,0.15,1,0.02,0.41,0
9,5064,16,4,1318.10,4,31,0.19,0.09,1,0.03,0.26,0
2,5293,19,4,1449.81,4,17,0.11,0.04,1,0.02,-0.78,0
93,4901,15,0,1193.84,4,22,0.14,0.12,1,0.06,-0.28,0
45,4257,19,3,1538.13,2,35,0.16,0.08,1,0.07,0.37,0
68,2826,13,4,1523.64,5,24,0.08,0.16,1,0.06,-0.19,0
40,5579,12,0,1627.05,4,18,0.01,0.01,1,0.04,0.26,0
76,3692,12,3,1302.62,4,37,0.16,0.12,1,0.09,-0.62,0
70,4883,8,0,1498.29,3,28,0.19,0.05,1,0.08,-0.19,0
60,6312,15,2,1138.12,4,29,0.18,0.02,1,0.10,0.49,0
48,4924,15,0,1598.61,9,29,0.01,0.10,1,0.04,0.05,0
65,4982,11,2,1230.62,7,42,0.05,0.00,1,0.01,0.36,0
72,6311,9,1,1397.73,5,30,0.18,0.06,1,0.01,0.29,0
40,4933,20,4,1448.20,7,19,0.01,0.02,1,0.06,0.18,0
55,4221,19,1,1555.89,5,25,0.04,0.18,1,0.06,-0.17,0
77,4417,14,0,1500.47,0,18,0.20,0.15,1,0.06,0.30,0
82,4201,16,3,1519.94,3,25,0.10,0.17,1,0.07,0.29,0
106,6075,15,2,1553.10,0,38,0.13,0.15,1,0.02,0.19,0
55,4980,8,3,1398.20,2,24,0.11,0.15,1,0.06,0.29,0
50,3890,20,0,1413.20,5,22,0.19,0.07,1,0.03,0.32,0
51,4180,15,2,1785.39,4,32,0.08,0.08,1,0.07,0.47,0
83,4427,11,0,1329.63,13,24,0.12,0.11,1,0.06,0.09,0
93,5956,9,2,1595.67,3,22,0.01,0.07,1,0.08,0.00,0
79,5682,10,4,1353.64,2,22,0.04,0.12,1,0.07,-0.07,0
40,6854,11,3,1370.08,6,41,0.08,0.11,1,0.06,-0.15,0
50,3880,9,2,1334.44,7,11,0.19,0.05,1,0.04,0.09,0
70,4467,17,4,1621.84,9,31,0.00,0.01,1,0.02,0.07,0
55,4001,11,0,1419.97,4,21,0.18,0.05,1,0.03,-0.41,0
54,6568,20,3,1474.78,4,31,0.11,0.07,1,0.03,-0.24,0
57,5111,9,2,1453.40,7,14,0.15,0.20,1,0.03,-0.26,0
38,5567,15,0,1533.29,5,14,0.02,0.03,1,0.02,0.58,0
73,4550,14,0,1236.84,5,34,0.01,0.14,1,0.05,0.35,0
58,4171,8,1,1527.31,8,6,0.13,0.11,1,0.01,-0.50,0
88,5057,17,2,1310.81,3,25,0.15,0.10,1,0.02,-0.48,0
53,5511,16,1,1513.45,10,21,0.07,0.06,1,0.04,0.06,0
50,6208,14,0,1277.33,4,16,0.04,0.02,1,0.04,-0.13,0
44,5934,15,0,1593.08,4,18,0.14,0.16,1,0.03,0.06,0
53,4596,15,4,1596.36,7,40,0.19,0.17,1,0.01,-0.31,0
43,6142,8,4,1227.52,6,28,0.03,0.00,1,0.06,0.49,0
96,5224,9,1,1478.88,4,33,0.16,0.11,1,0.07,-0.15,0
54,3045,19,3,1218.07,2,31,0.11,0.05,1,0.01,0.06,0
65,4541,10,3,1489.84,6,34,0.09,0.12,1,0.07,-0.61,0
69,5382,18,2,1376.49,3,35,0.20,0.01,1,0.01,-0.50,0
77,4622,13,4,1542.78,6,34,0.16,0.13,1,0.03,0.24,0
65,5650,14,2,1413.47,2,41,0.11,0.08,1,0.10,-0.06,0
56,4057,16,1,1548.17,8,40,0.13,0.11,1,0.06,1.03,0
31,4738,12,4,1416.03,4,31,0.06,0.16,1,0.01,-0.29,0
75,4114,16,3,1368.58,7,36,0.17,0.06,1,0.04,1.13,0
77,4315,12,4,1254.53,6,40,0.18,0.11,1,0.05,0.25,0
24,4312,19,0,1242.67,4,44,0.13,0.14,1,0.01,-0.14,0
75,4326,10,3,1464.64,7,30,0.13,0.01,1,0.03,0.85,0
51,2792,17,2,1354.14,3,16,0.12,0.06,1,0.02,-0.04,0
56,5007,8,2,1343.01,7,6,0.04,0.08,1,0.00,-0.72,0
77,4418,8,0,1466.43,9,32,0.01,0.14,1,0.00,0.50,0
75,4913,20,0,1736.11,3,33,0.05,0.13,1,0.03,0.38,0
74,5420,14,4,1364.60,7,41,0.13,0.02,1,0.06,0.30,0
78,5114,19,1,1666.90,3,48,0.13,0.18,1,0.06,-0.53,0
37,5007,16,0,1379.75,4,43,0.11,0.17,1,0.10,0.38,0
71,5918,19,2,1272.81,5,38,0.16,0.04,1,0.05,-0.10,0
81,4665,11,2,1456.21,3,33,0.05,0.08,1,0.05,0.53,0
90,5457,14,2,1072.87,9,46,0.14,0.07,1,0.02,0.39,0
38,4785,15,0,1247.12,4,30,0.13,0.07,1,0.01,-0.08,0
26,4194,13,4,1684.42,5,45,0.02,0.03,1,0.10,1.02,0
38,5098,17,2,1086.54,1,22,0.10,0.03,1,0.08,-0.22,0
32,3547,10,3,1442.86,5,32,0.03,0.01,1,0.10,-0.39,0
113,3194,20,4,1396.17,9,19,0.04,0.01,1,0.03,-0.44,0
20,5748,19,4,1854.82,2,5,0.20,0.18,1,0.06,-0.14,0
99,6127,12,4,1456.96,5,35,0.03,0.12,1,0.06,0.14,0
48,2902,13,4,1505.36,10,32,0.09,0.01,1,0.10,-0.20,0
60,5654,19,3,1429.60,10,29,0.10,0.11,1,0.04,-0.96,0
75,5187,10,1,1547.28,6,8,0.12,0.12,1,0.08,-0.86,0
63,4992,15,3,1235.35,3,19,0.01,0.19,1,0.02,-0.42,0
78,5789,13,4,1887.95,6,41,0.07,0.15,1,0.05,0.24,0
58,4644,12,0,1476.12,5,24,0.08,0.14,1,0.03,0.16,0
69,3144,19,4,1446.04,7,25,0.10,0.16,1,0.07,-0.11,0
28,4237,19,1,1614.58,3,28,0.18,0.06,1,0.05,0.35,0
73,3761,12,4,1109.42,9,21,0.18,0.10,1,0.04,0.17,0
96,6239,11,3,1218.93,7,38,0.16,0.11,1,0.05,0.28,0
68,4491,9,3,1073.33,5,33,0.01,0.15,1,0.03,-0.47,0
60,4991,17,1,1631.02,2,21,0.02,0.07,1,0.03,0.56,0
50,5874,11,1,1408.08,8,28,0.19,0.02,1,0.07,0.38,0
11,4866,18,0,1544.45,3,32,0.15,0.19,1,0.07,0.03,0
48,4684,10,2,1352.38,5,34,0.10,0.09,1,0.05,-0.06,0
49,3779,19,0,1687.02,4,26,0.13,0.09,1,0.09,0.24,0
73,3928,20,4,1291.60,4,43,0.06,0.13,1,0.04,0.41,0
42,5638,11,4,1264.30,1,13,0.17,0.00,1,0.04,0.06,0
55,4006,16,2,1595.80,-2,29,0.09,0.19,1,0.05,0.01,0
36,6114,19,0,1527.70,5,37,0.02,0.05,1,0.00,0.30,0
80,4258,17,3,1631.14,11,49,0.11,0.18,1,0.07,0.39,0
85,5180,14,0,1253.13,3,33,0.12,0.09,1,0.01,0.07,0
77,6773,15,0,1477.56,0,43,0.11,0.16,1,0.02,0.67,0
75,6448,16,1,1347.92,8,39,0.03,0.13,1,0.08,0.03,0
57,5416,13,3,1298.91,5,41,0.19,0.10,1,0.02,0.56,0
58,4456,13,2,1300.21,9,37,0.15,0.11,1,0.02,0.09,0
106,3443,13,4,1630.73,5,22,0.20,0.11,1,0.04,0.20,0
45,5310,11,2,921.89,5,30,0.04,0.09,1,0.09,0.31,0
50,4427,9,1,1275.51,9,22,0.19,0.19,1,0.04,0.79,0
68,5529,11,0,1737.17,4,33,0.17,0.16,1,0.04,0.53,0
87,5233,12,1,1616.47,4,25,0.09,0.01,1,0.05,0.13,0
44,5339,16,2,1438.56,7,1,0.13,0.02,1,0.00,1.00,0
58,4328,17,0,1303.07,7,10,0.13,0.05,1,0.02,0.45,0
29,5033,16,4,1358.59,7,31,0.09,0.12,1,0.05,0.29,0
44,5958,19,1,1402.18,8,29,0.10,0.04,1,0.06,0.76,0
49,3974,14,3,1163.78,9,37,0.09,0.02,1,0.08,-0.18,0
47,6213,11,2,855.01,9,28,0.11,0.11,1,0.06,0.33,0
57,4448,16,1,1323.58,3,30,0.18,0.01,1,0.02,-0.11,0
82,4093,11,0,1389.65,8,19,0.14,0.16,1,0.02,-0.60,0
76,4748,13,3,1731.95,0,24,0.11,0.14,1,0.02,0.11,0
68,6402,18,1,991.87,4,31,0.03,0.11,1,0.08,0.25,0
43,5539,8,0,1198.85,4,27,0.03,0.17,1,0.03,0.11,0
53,4540,11,3,1587.47,8,46,0.06,0.10,1,0.05,-1.07,0
76,4780,8,2,1360.17,6,35,0.17,0.02,1,0.06,0.62,0
98,5010,8,0,973.43,9,28,0.02,0.19,1,0.07,-0.97,0
64,5230,11,3,1578.70,4,41,0.05,0.12,1,0.06,0.31,0
61,4360,12,2,1366.70,1,29,0.18,0.12,1,0.02,0.35,0
47,4767,16,2,1337.93,6,25,0.20,0.16,1,0.07,-0.63,0
65,4640,13,4,1381.15,3,25,0.20,0.01,1,0.05,-0.83,0
55,4076,12,1,1311.45,10,19,0.05,0.04,1,0.05,-0.83,0
42,3996,17,1,1295.65,6,25,0.12,0.12,1,0.06,-0.14,0
84,6014,13,0,1110.44,6,29,0.12,0.04,1,0.09,-0.50,0
31,6430,20,3,1163.51,10,31,0.19,0.04,1,0.07,0.36,0
88,5698,13,0,1779.93,5,37,0.02,0.16,1,0.09,-0.16,0
61,6347,18,1,1833.07,7,20,0.13,0.16,1,0.01,0.32,0
41,3123,17,0,1323.99,6,35,0.19,0.11,1,0.02,0.24,0
88,5681,15,2,1287.34,5,37,0.12,0.11,1,0.03,-0.10,0
76,4730,16,1,1393.83,9,17,0.14,0.09,1,0.04,0.35,0
71,5184,19,1,1330.09,8,26,0.06,0.10,1,0.01,-0.02,0
76,4983,8,2,1789.84,2,23,0.03,0.01,1,0.02,-0.25,0
76,5340,20,3,1711.88,4,49,0.05,0.15,1,0.01,-0.99,0
62,5126,14,4,1210.89,1,37,0.18,0.02,1,0.04,0.00,0
64,7985,13,0,1523.53,8,32,0.15,0.09,1,0.06,0.08,0
69,4074,20,3,1356.53,4,40,0.10,0.03,1,0.01,0.46,0
54,5425,17,3,1245.41,6,23,0.03,0.05,1,0.03,-0.51,0
84,4210,15,2,1021.58,9,43,0.14,0.14,1,0.02,-1.17,0
7,5003,13,0,1549.78,12,33,0.02,0.07,1,0.01,-0.46,0
40,5651,12,1,1413.58,6,3,0.00,0.16,1,0.01,0.13,0
112,3888,12,2,1220.72,8,42,0.16,0.17,1,0.05,0.07,0
82,4374,20,2,1367.65,9,27,0.08,0.13,1,0.00,-0.01,0
42,4327,15,3,1554.38,3,32,0.20,0.09,1,0.05,0.59,0
45,4906,15,2,1262.98,9,25,0.07,0.19,1,0.04,-0.06,0
66,5306,16,3,1287.38,6,13,0.11,0.10,1,0.04,0.91,0
83,5773,10,4,1573.73,2,46,0.07,0.08,1,0.02,-0.55,0
73,3534,12,1,1478.13,8,20,0.09,0.14,1,0.03,0.20,0
47,3992,15,4,1365.90,1,30,0.04,0.02,1,0.07,0.45,0
83,4579,9,0,1625.32,2,31,0.13,0.06,1,0.03,-0.03,0
72,4052,20,2,1134.81,7,40,0.16,0.15,1,0.02,0.27,0
65,4461,19,0,1347.98,5,27,0.11,0.01,1,0.07,0.25,0
74,4698,18,4,1819.35,3,32,0.16,0.14,1,0.10,-0.19,0
109,3824,20,4,1682.96,3,12,0.13,0.05,1,0.00,0.32,0
72,6329,11,2,1089.73,0,23,0.13,0.15,1,0.07,-0.08,0
65,3928,10,2,1398.70,7,15,0.20,0.20,1,0.06,0.07,0
73,5885,16,2,1627.64,4,25,0.13,0.19,1,0.01,0.08,0
92,5355,14,3,1172.80,4,31,0.09,0.19,1,0.01,-0.27,0
56,3732,15,3,1448.70,7,5,0.03,0.11,1,0.03,-0.15,0
63,5765,15,3,1346.84,5,29,0.02,0.12,1,0.09,-0.23,0
67,5799,14,4,1682.56,3,24,0.14,0.12,1,0.06,-0.32,0
53,4136,12,3,1508.61,6,23,0.04,0.05,1,0.05,-0.09,0
50,4715,11,4,1506.74,5,35,0.04,0.00,1,0.08,-0.61,0
32,3700,20,3,1559.01,3,26,0.17,0.03,1,0.01,-0.46,0
22,4850,19,4,1742.40,5,19,0.00,0.03,1,0.09,-0.56,0
66,4962,17,0,1240.73,8,19,0.07,0.11,1,0.10,-0.25,0
38,5589,14,4,1203.13,4,47,0.10,0.10,1,0.08,-0.04,0
79,4633,9,3,1526.78,-3,30,0.15,0.10,1,0.09,0.67,0
68,4919,15,0,1264.35,8,32,0.10,0.08,1,0.09,-0.11,0
88,6873,14,0,1301.40,7,42,0.11,0.07,1,0.10,-0.44,0
110,7267,13,3,1546.96,9,24,0.09,0.07,1,0.01,0.23,0
77,4973,20,2,1498.44,4,8,0.15,0.03,1,0.05,-1.06,0
99,3599,14,4,1334.75,9,26,0.01,0.04,1,0.03,0.19,0
108,5221,16,3,1541.65,17,9,0.17,0.03,1,0.00,0.86,0
29,4699,19,0,1466.24,5,39,0.04,0.01,1,0.06,0.78,0
37,5606,17,4,1480.40,6,28,0.06,0.15,1,0.04,0.32,0
55,4531,10,2,1240.68,1,42,0.13,0.04,1,0.03,0.85,0
88,6660,11,3,1575.43,4,24,0.14,0.11,1,0.03,-1.01,0
88,4696,19,2,1354.30,3,30,0.20,0.19,1,0.05,0.11,0
50,4569,15,3,1263.96,1,38,0.04,0.00,1,0.01,-0.05,0
65,5725,15,1,1328.89,2,28,0.17,0.05,1,0.07,0.74,0
52,5954,19,3,1667.12,2,22,0.04,0.07,1,0.04,-0.30,0
65,6713,13,4,1057.55,5,16,0.03,0.02,1,0.05,0.99,0
54,5715,14,3,1257.52,6,31,0.14,0.08,1,0.06,0.54,0
76,4284,17,4,1398.20,3,32,0.05,0.18,1,0.08,-0.42,0
78,6515,18,3,1526.97,4,37,0.11,0.05,1,0.04,0.40,0
46,5757,9,3,1444.67,4,19,0.14,0.18,1,0.07,0.11,0
50,5420,8,0,1203.14,6,26,0.18,0.11,1,0.02,0.52,0
65,3919,20,2,1297.10,8,25,0.08,0.12,1,0.09,0.11,0
38,4178,18,1,1451.80,6,27,0.08,0.02,1,0.06,0.09,0
64,5487,8,2,1582.92,-1,42,0.16,0.12,1,0.04,-0.17,0
51,4711,11,4,1906.66,11,21,0.06,0.11,1,0.00,-0.35,0
62,3483,9,2,1442.85,0,34,0.19,0.18,1,0.06,-0.13,0
35,6703,17,1,1206.75,-1,33,0.00,0.19,1,0.02,0.38,0
65,4628,13,1,1428.68,9,10,0.11,0.07,1,0.00,0.07,0
90,4308,12,2,1414.10,7,23,0.20,0.01,1,0.06,0.43,0
86,6088,8,2,1181.37,7,35,0.08,0.03,1,0.02,-0.93,0
90,4524,17,0,1225.17,9,25,0.02,0.05,1,0.08,-0.48,0
58,5274,8,1,1412.12,7,11,0.01,0.12,1,0.00,0.66,0
46,6005,17,3,1631.64,-1,54,0.15,0.03,1,0.05,0.65,0
37,4691,20,0,1567.13,3,10,0.17,0.02,1,0.02,-0.31,0
2,4625,10,3,1540.34,11,23,0.06,0.18,1,0.05,-0.32,0
43,6274,9,1,1753.56,2,35,0.05,0.18,1,0.09,-0.57,0
40,4248,10,3,1635.06,7,40,0.08,0.03,1,0.07,0.26,0
88,3858,20,3,1618.59,10,26,0.09,0.12,1,0.04,0.36,0
23,4216,8,4,1106.00,3,36,0.05,0.09,1,0.05,1.21,0
71,3892,12,1,1532.05,9,23,0.06,0.02,1,0.10,0.01,0
74,4945,8,4,1687.74,9,38,0.04,0.02,1,0.07,-0.63,0
67,3765,19,0,1376.65,5,28,0.01,0.13,1,0.04,-0.16,0
34,5189,18,1,1483.82,5,46,0.10,0.01,1,0.01,0.98,0
27,6059,17,3,1466.62,5,14,0.17,0.12,1,0.06,0.44,0
77,4191,18,4,1677.35,9,28,0.15,0.06,1,0.07,0.02,0
21,5709,19,0,1287.96,6,45,0.16,0.02,1,0.00,-0.33,0
42,6355,10,4,1455.92,7,21,0.11,0.08,1,0.06,0.02,0
32,4405,14,0,1314.45,4,44,0.17,0.20,1,0.06,-1.24,0
49,6015,8,0,1669.42,5,47,0.07,0.15,1,0.07,0.39,0
64,4007,11,0,1375.22,9,37,0.15,0.06,1,0.05,0.55,0
47,5704,15,3,1687.80,13,20,0.06,0.15,1,0.07,-0.53,0
45,4955,18,1,1516.04,4,12,0.08,0.12,1,0.07,0.09,0
38,5136,15,2,1642.14,7,35,0.11,0.15,1,0.09,-0.09,0
73,5186,14,1,1575.79,5,25,0.12,0.19,1,0.04,-0.17,0
56,4506,11,2,1027.01,3,21,0.18,0.08,1,0.04,-0.12,0
46,6953,11,1,1474.51,7,54,0.12,0.08,1,0.03,-0.27,0
54,4035,9,3,1271.92,7,31,0.12,0.17,1,0.06,-0.34,0
82,4436,9,3,1464.78,3,28,0.06,0.03,1,0.02,0.40,0
99,3614,8,1,1495.30,-5,24,0.16,0.18,1,0.04,-0.50,0
41,4389,20,0,1243.38,0,43,0.09,0.08,1,0.10,0.22,0
68,4511,18,0,1512.10,1,42,0.00,0.02,1,0.01,-0.80,0
56,3644,13,4,1387.07,1,24,0.10,0.01,1,0.02,-0.41,0
59,5734,14,0,1417.80,5,28,0.10,0.00,1,0.08,-0.02,0
70,5563,12,2,1579.08,2,29,0.03,0.04,1,0.02,-0.40,0
49,4864,13,4,1274.21,3,28,0.01,0.11,1,0.05,-0.01,0
50,4678,14,1,1475.06,1,26,0.19,0.17,1,0.03,0.07,0
27,5120,16,2,1661.13,8,27,0.13,0.03,1,0.01,-0.25,0
83,4271,16,3,1369.69,5,31,0.19,0.02,1,0.05,0.25,0
35,5507,17,4,1603.10,5,28,0.07,0.16,1,0.10,-0.18,0
70,4652,13,4,1339.64,1,33,0.04,0.16,1,0.03,-0.03,0
49,6599,18,0,1526.95,6,22,0.08,0.11,1,0.04,0.21,0
63,5006,19,2,1239.79,4,44,0.10,0.08,1,0.04,-0.58,0
90,6858,8,4,1953.98,1,16,0.15,0.01,1,0.04,0.17,0
67,6451,13,2,1562.97,10,37,0.12,0.10,1,0.01,0.41,0
49,3432,8,3,1070.52,5,30,0.06,0.15,1,0.00,-0.11,0
73,5123,14,4,1261.76,5,39,0.08,0.10,1,0.09,1.06,0
65,6074,16,1,1675.37,6,15,0.05,0.07,1,0.02,0.42,0
70,4432,9,1,1842.37,1,23,0.17,0.04,1,0.07,0.07,0
75,5949,9,3,1122.21,9,26,0.06,0.05,1,0.03,0.39,0
95,5491,12,3,1475.56,5,22,0.03,0.13,1,0.03,0.34,0
24,3941,19,0,1284.03,8,17,0.20,0.13,1,0.09,-0.21,0
80,4299,14,0,1351.02,2,29,0.13,0.15,1,0.04,0.24,0
53,4549,11,4,1339.73,1,22,0.16,0.18,1,0.04,-0.32,0
68,5267,14,0,1687.54,9,27,0.16,0.02,1,0.06,0.23,0
118,4087,20,4,1502.51,6,34,0.02,0.17,1,0.03,-0.12,0
63,4597,18,1,1279.66,2,30,0.02,0.14,1,0.02,-0.07,0
79,4296,14,0,1446.79,6,32,0.12,0.13,1,0.03,-0.33,0
59,4958,14,0,1547.83,8,18,0.12,0.06,1,0.05,0.85,0
45,2603,20,4,1614.44,4,24,0.08,0.18,1,0.00,0.17,0
61,5187,11,2,1631.74,6,29,0.01,0.05,1,0.05,0.07,0
53,4635,14,4,1305.78,5,24,0.09,0.17,1,0.05,-1.21,0
11,4130,13,2,1271.50,6,32,0.15,0.06,1,0.08,0.27,0
82,3055,16,4,1579.10,14,38,0.15,0.15,1,0.09,-0.28,0
42,5767,8,3,1004.59,6,44,0.14,0.02,1,0.00,-0.74,0
58,4546,9,4,1613.99,8,32,0.15,0.13,1,0.00,0.08,0
49,5041,14,1,1489.65,0,33,0.07,0.00,1,0.04,-0.28,0
73,4447,11,2,1283.60,3,12,0.08,0.08,1,0.09,0.24,0
60,5916,16,1,1409.94,4,20,0.03,0.16,1,0.01,-0.59,0
42,5320,19,1,1476.21,9,36,0.03,0.17,1,0.00,-0.21,0
91,5069,17,2,1450.70,6,41,0.19,0.15,1,0.04,0.01,0
93,5754,9,4,1690.86,4,20,0.13,0.02,1,0.04,0.88,0
47,5664,8,1,1304.14,3,38,0.02,0.14,1,0.05,0.23,0
61,6292,13,4,1679.44,1,26,0.19,0.18,1,0.09,-0.17,0
84,5481,14,0,1190.12,2,16,0.03,0.12,1,0.08,0.66,0
41,4690,17,2,1283.74,2,42,0.14,0.07,1,0.08,0.84,0
57,3567,9,1,1374.41,7,19,0.01,0.12,1,0.02,0.57,0
46,4805,15,0,1438.59,4,26,0.19,0.03,1,0.10,-0.36,0
73,4193,12,1,1467.98,8,16,0.03,0.18,1,0.03,0.08,0
87,4347,11,1,1975.60,5,24,0.06,0.10,1,0.02,0.06,0
99,4871,19,0,1324.82,-4,37,0.11,0.15,1,0.08,-0.13,0
44,3092,14,1,1678.73,3,32,0.15,0.16,1,0.08,0.29,0
49,4870,17,1,1233.97,12,26,0.13,0.04,1,0.01,1.18,0
52,7524,16,4,1271.18,4,6,0.12,0.16,1,0.03,0.36,0
61,5549,15,1,1467.50,11,24,0.00,0.07,1,0.03,-0.05,0
40,4687,9,3,1821.56,5,27,0.06,0.19,1,0.05,0.55,0
33,4989,9,3,1512.36,8,20,0.11,0.12,1,0.02,-0.29,0
87,3903,10,1,1604.64,7,32,0.15,0.17,1,0.07,-0.92,0
63,5241,14,1,1449.86,7,24,0.06,0.11,1,0.06,0.18,0
37,5347,17,4,1509.51,5,34,0.15,0.12,1,0.02,0.10,0
82,6508,19,0,1122.78,3,34,0.16,0.05,1,0.08,-0.33,0
63,2577,13,1,1528.70,0,36,0.18,0.10,1,0.03,-0.10,0
18,4680,14,1,1467.66,3,28,0.13,0.07,1,0.02,-0.23,0
53,3234,8,2,1580.30,7,42,0.02,0.05,1,0.08,-0.07,0
63,4958,16,2,1351.60,9,11,0.14,0.11,1,0.09,-0.61,0
52,4740,12,1,1640.13,6,43,0.07,0.12,1,0.09,-0.65,0
50,3588,8,2,1477.20,8,12,0.10,0.17,1,0.07,0.07,0
42,4354,18,0,1405.57,2,18,0.01,0.06,1,0.02,0.09,0
41,5037,19,1,1714.01,0,32,0.19,0.12,1,0.01,-0.27,0
89,5449,12,4,1589.98,6,20,0.06,0.04,1,0.09,0.16,0
75,6127,11,4,1192.93,3,33,0.20,0.09,1,0.03,0.07,0
83,4807,20,2,1566.73,3,47,0.00,0.01,1,0.04,-0.96,0
62,5065,19,0,1611.92,5,41,0.03,0.19,1,0.08,-0.19,0
63,5417,18,1,1826.94,2,36,0.18,0.20,1,0.00,-0.63,0
45,3935,20,2,1291.76,3,29,0.08,0.05,1,0.06,-0.19,0
80,5394,18,2,1852.16,7,36,0.10,0.03,1,0.02,-0.78,0
69,4791,11,4,1263.51,1,22,0.19,0.17,1,0.06,0.17,0
82,4398,11,0,1567.23,0,31,0.03,0.16,1,0.05,-0.03,0
44,6089,18,1,1418.66,8,36,0.14,0.09,1,0.09,-1.08,0
56,3133,10,0,1286.84,5,8,0.18,0.04,1,0.08,0.66,0
47,5084,19,4,1454.26,-3,34,0.12,0.04,1,0.05,0.50,0
56,4329,9,4,1436.41,4,26,0.09,0.05,1,0.04,-0.07,0
64,6869,8,3,1462.24,6,29,0.01,0.00,1,0.02,0.04,0
74,4867,18,2,1519.16,6,43,0.10,0.08,1,0.09,-1.21,0
54,5735,12,3,838.47,7,32,0.06,0.06,1,0.04,-0.55,0
44,5149,10,0,1538.81,-4,21,0.02,0.06,1,0.10,-0.56,0
57,5430,20,0,1449.10,7,49,0.15,0.20,1,0.03,-0.24,0
100,7280,11,4,1424.72,5,27,0.02,0.13,1,0.01,-0.30,0
66,5345,14,0,1475.48,-1,24,0.14,0.04,1,0.08,0.55,0
49,4588,14,3,1683.46,5,32,0.13,0.17,1,0.02,-0.23,0
76,4909,9,3,1421.66,2,40,0.05,0.19,1,0.10,-0.14,0
45,3754,11,3,1584.22,4,27,0.05,0.02,1,0.02,-0.18,0
68,4398,19,1,1238.68,3,17,0.12,0.20,1,0.02,-1.06,0
83,5973,19,2,1492.44,3,31,0.15,0.04,1,0.08,-0.33,0
30,4792,13,1,1136.31,5,35,0.02,0.14,1,0.03,-0.18,0
76,5936,16,2,1211.58,5,16,0.06,0.14,1,0.04,-1.05,0
50,3364,20,3,1221.30,6,36,0.20,0.16,1,0.02,-0.64,0
64,4802,13,2,1320.89,8,47,0.14,0.20,1,0.02,-0.20,0
82,6604,15,1,1534.61,3,13,0.09,0.07,1,0.06,0.25,0
63,5955,17,3,1309.22,5,30,0.06,0.04,1,0.05,-0.79,0
37,4155,16,3,1520.84,7,32,0.16,0.15,1,0.01,-0.16,0
81,5446,12,0,1320.67,11,25,0.13,0.02,1,0.04,0.02,0
68,3192,17,2,1638.89,7,6,0.02,0.13,1,0.09,1.02,0
69,6108,18,1,1182.31,7,39,0.03,0.08,1,0.08,-0.06,0
59,5480,10,0,1392.35,1,45,0.12,0.13,1,0.10,-0.09,0
25,3948,9,2,1494.51,3,30,0.11,0.05,1,0.08,0.52,0
70,6495,10,1,1548.18,8,23,0.09,0.09,1,0.09,-0.03,0
32,6041,13,4,1369.83,-2,44,0.13,0.14,1,0.03,-0.54,0
45,4625,18,0,1439.08,6,34,0.10,0.11,1,0.01,0.30,0
56,5532,8,4,1200.94,9,37,0.00,0.14,1,0.05,-0.67,0
92,6303,20,0,1480.09,4,17,0.04,0.04,1,0.01,0.17,0
83,5297,13,3,1406.82,4,29,0.05,0.17,1,0.07,0.25,0
73,5320,17,3,1636.85,2,41,0.12,0.02,1,0.05,-0.40,0
34,3818,13,4,1657.80,3,32,0.16,0.13,1,0.05,-0.28,0
58,5221,8,0,1344.83,5,37,0.04,0.12,1,0.00,0.35,0
53,4988,17,2,1572.99,3,35,0.11,0.07,1,0.08,-0.14,0
78,4986,12,2,1106.94,4,28,0.19,0.04,1,0.06,0.14,0
65,3500,12,3,1458.57,1,22,0.16,0.07,1,0.06,-0.03,0
108,7674,12,2,1509.67,2,25,0.13,0.11,1,0.07,0.54,0
81,6467,14,4,1429.38,3,32,0.17,0.20,1,0.02,0.47,0
82,6200,18,0,1588.49,3,32,0.18,0.08,1,0.06,-0.15,0
26,3067,10,4,1514.04,7,29,0.05,0.18,1,0.06,-0.03,0
41,5873,15,1,1424.12,4,20,0.16,0.05,1,0.07,0.18,0
93,3392,13,4,1603.76,5,47,0.05,0.02,1,0.08,-0.42,0
50,4820,8,2,1383.05,4,26,0.02,0.07,1,0.10,0.58,0
36,6821,20,3,1692.55,8,23,0.06,0.10,1,0.01,0.38,0
63,5038,16,1,1317.28,6,35,0.20,0.09,1,0.08,-1.09,0
87,4685,17,0,1396.81,8,46,0.08,0.03,1,0.01,0.66,0
45,4330,20,3,1619.01,6,39,0.07,0.00,1,0.07,0.62,0
63,5519,18,2,1392.08,5,47,0.09,0.15,1,0.02,-0.29,0
67,6262,19,4,1291.94,5,48,0.15,0.01,1,0.05,0.74,0
62,4744,12,1,1036.53,-3,38,0.16,0.09,1,0.07,0.06,0
55,7638,17,0,1116.66,4,28,0.19,0.11,1,0.06,0.31,0
39,5125,14,1,1425.37,7,24,0.01,0.09,1,0.09,-0.46,0
54,4063,17,2,1193.03,8,21,0.19,0.03,1,0.06,0.10,0
76,4037,12,0,1646.51,10,18,0.20,0.08,1,0.07,-0.39,0
39,5665,10,3,1280.00,4,19,0.05,0.20,1,0.09,0.53,0
66,4944,17,0,1597.76,6,20,0.02,0.17,1,0.01,0.16,0
49,5024,19,4,1681.99,8,19,0.16,0.04,1,0.05,-0.32,0
20,6084,8,4,1445.39,6,13,0.14,0.00,1,0.00,0.01,0
26,6055,11,4,1496.63,7,35,0.03,0.15,1,0.02,0.51,0
80,4457,8,2,1368.31,6,22,0.13,0.15,1,0.06,0.10,0
66,4099,11,4,1760.87,4,31,0.11,0.02,1,0.04,-0.54,0
72,4630,16,1,1446.16,5,24,0.05,0.06,1,0.08,0.14,0
51,6234,11,1,1238.25,5,42,0.12,0.02,1,0.02,-0.08,0
16,4593,17,4,1655.71,4,-3,0.10,0.17,1,0.08,-0.41,0
26,4022,20,0,1566.98,12,34,0.15,0.02,1,0.08,0.02,0
56,3744,8,2,1869.91,11,22,0.19,0.08,1,0.03,-1.02,0
55,3404,11,0,1572.45,2,29,0.16,0.07,1,0.06,-0.17,0
73,4196,20,1,1550.86,8,35,0.09,0.04,1,0.03,-0.23,0
63,3260,11,1,1427.47,6,31,0.05,0.14,1,0.07,0.40,0
52,5145,12,3,1557.57,7,11,0.03,0.06,1,0.04,0.05,0
65,6601,17,3,1577.12,5,42,0.09,0.07,1,0.01,0.27,0
66,5393,14,1,1424.81,4,20,0.14,0.10,1,0.07,0.26,0
73,4214,10,4,1344.84,3,23,0.05,0.10,1,0.04,-0.68,0
49,5151,18,1,1476.91,8,42,0.10,0.10,1,0.01,-0.46,0
32,4405,13,2,1395.58,4,31,0.05,0.15,1,0.09,0.49,0
20,4824,19,1,1506.89,7,27,0.10,0.11,1,0.00,-0.25,0
48,6228,15,3,1346.99,9,30,0.10,0.00,1,0.05,-1.11,0
67,4920,10,3,1618.10,6,31,0.15,0.15,1,0.06,-0.45,0
69,4499,11,3,1631.19,5,20,0.02,0.08,1,0.00,-0.60,0
65,5587,8,1,1827.51,-3,28,0.18,0.01,1,0.09,-0.68,0
74,4713,18,1,1881.11,9,17,0.07,0.17,1,0.02,0.39,0
65,6253,18,0,1256.57,7,41,0.09,0.19,1,0.05,0.10,0
54,3970,14,4,1642.03,1,21,0.00,0.14,1,0.00,0.72,0
39,5415,15,4,1145.59,1,44,0.07,0.10,1,0.07,0.06,0
41,4040,19,0,1552.97,10,28,0.12,0.10,1,0.05,0.03,0
47,4775,17,0,1417.04,7,23,0.01,0.14,1,0.05,-0.02,0
27,5055,14,0,1405.53,1,20,0.13,0.13,1,0.08,-0.42,0
45,4858,13,4,1451.42,6,24,0.11,0.18,1,0.10,0.01,0
18,7042,20,4,1345.16,6,14,0.09,0.09,1,0.06,-0.11,0
39,4560,8,3,1481.01,7,34,0.14,0.11,1,0.07,-0.62,0
72,5110,17,2,1648.61,9,33,0.10,0.20,1,0.03,0.26,0
55,6208,15,0,1602.28,9,28,0.11,0.17,1,0.04,-0.56,0
58,5810,18,4,1541.80,5,33,0.00,0.08,1,0.03,1.05,0
44,5669,19,3,1388.83,4,37,0.15,0.15,1,0.08,-0.17,0
71,4671,11,2,1626.68,0,33,0.08,0.16,1,0.05,-0.25,0
71,4223,17,0,1748.74,5,47,0.02,0.03,1,0.05,1.03,0
79,7325,18,0,1456.90,3,12,0.18,0.04,1,0.06,-0.35,0
50,4897,9,0,1617.83,2,22,0.19,0.15,1,0.07,0.03,0
70,6061,18,0,1520.05,6,20,0.11,0.03,1,0.06,0.02,0
107,4666,10,1,1691.36,5,25,0.01,0.14,1,0.02,-0.39,0
39,2897,11,0,1455.97,2,31,0.20,0.17,1,0.00,0.22,0
34,5949,19,0,1261.21,1,43,0.04,0.11,1,0.07,0.36,0
50,7263,20,4,1490.47,6,27,0.07,0.17,1,0.02,0.09,0
53,4249,17,0,1599.61,1,29,0.12,0.04,1,0.08,0.49,0
43,4989,8,2,1599.75,2,22,0.10,0.06,1,0.03,0.56,0
73,4643,8,4,1501.98,1,26,0.14,0.11,1,0.04,-0.50,0
91,3005,11,0,1483.73,4,28,0.07,0.11,1,0.09,0.18,0
65,4378,8,2,1244.27,8,23,0.04,0.14,1,0.06,-0.64,0
12,4622,19,3,1500.54,6,49,0.19,0.04,1,0.05,-1.01,0
26,4823,19,3,1404.94,6,34,0.05,0.01,1,0.01,0.25,0
43,5642,20,1,1313.37,2,51,0.16,0.15,1,0.10,0.17,0
53,4817,19,1,1358.15,10,32,0.19,0.19,1,0.01,0.66,0
105,4113,20,0,1778.82,2,35,0.14,0.02,1,0.05,-0.69,0
78,4051,13,0,1359.82,7,25,0.08,0.05,1,0.03,-0.34,0
52,4261,9,0,1351.39,9,24,0.01,0.19,1,0.04,0.49,0
47,5889,15,3,1172.83,7,43,0.13,0.05,1,0.09,1.29,0
82,3907,17,1,1561.97,-1,37,0.16,0.11,1,0.07,-0.54,0
36,6363,17,1,1559.67,0,23,0.06,0.09,1,0.08,0.70,0
62,5759,11,3,1592.90,2,33,0.08,0.02,1,0.04,0.13,0
45,4021,8,2,1821.46,1,27,0.02,0.19,1,0.08,-0.33,0
30,4779,16,1,1243.11,4,37,0.00,0.05,1,0.09,0.05,0
82,5210,20,1,1118.10,3,12,0.02,0.00,1,0.04,0.27,0
65,6193,16,3,1469.16,3,23,0.19,0.11,1,0.06,0.08,0
108,5437,15,1,1459.66,-1,42,0.03,0.00,1,0.03,0.21,0
39,5257,8,4,1040.22,5,36,0.19,0.16,1,0.09,0.19,0
85,5198,13,3,1113.60,2,12,0.19,0.06,1,0.01,-0.14,0
46,5042,18,3,1401.95,1,44,0.15,0.09,1,0.03,-0.15,0
81,4282,8,2,1417.70,9,26,0.19,0.17,1,0.07,-0.25,0
111,2751,18,1,1335.13,7,37,0.08,0.19,1,0.01,-0.54,0
77,5023,12,1,1267.19,4,18,0.12,0.12,1,0.07,0.49,0
62,6683,10,1,1455.52,-1,41,0.09,0.08,1,0.07,-0.15,0
42,5230,20,2,1155.85,9,34,0.16,0.05,1,0.02,-0.17,0
40,6141,9,0,1440.79,7,32,0.07,0.17,1,0.04,-0.36,0
49,4476,15,1,1615.64,3,24,0.09,0.19,1,0.09,-0.52,0
49,3821,10,1,1468.58,11,43,0.15,0.10,1,0.01,-0.04,0
64,4762,9,0,1302.79,3,31,0.05,0.01,1,0.02,-0.17,0
68,5360,12,3,1300.48,2,26,0.18,0.12,1,0.04,-0.56,0
66,3593,11,2,1419.69,4,43,0.13,0.06,1,0.01,0.50,0
39,4797,10,0,1044.16,4,30,0.06,0.16,1,0.09,0.79,0
53,5125,8,0,1306.50,7,40,0.13,0.08,1,0.03,-0.04,0
63,2653,13,0,1396.52,8,36,0.17,0.08,1,0.01,0.15,0
63,4244,15,0,1001.12,10,37,0.15,0.01,1,0.02,0.27,0
75,5062,16,1,1650.59,5,40,0.16,0.07,1,0.07,-0.18,0
39,2736,17,0,1330.57,7,19,0.07,0.14,1,0.04,0.81,0
80,4542,14,3,1210.93,7,45,0.00,0.01,1,0.09,0.40,0
75,4150,9,2,1532.28,9,24,0.20,0.08,1,0.02,0.00,0
35,5952,11,0,1661.37,5,36,0.10,0.00,1,0.09,-0.77,0
65,4485,8,0,1408.51,2,25,0.09,0.05,1,0.05,0.44,0
58,5988,8,1,1843.62,6,26,0.12,0.01,1,0.05,0.17,0
53,4625,8,3,1568.84,3,32,0.00,0.05,1,0.04,0.51,0
23,4636,10,4,1677.23,10,24,0.02,0.18,1,0.07,-0.13,0
53,4116,12,4,1151.29,7,35,0.08,0.14,1,0.09,-0.16,0
35,4621,11,4,1476.76,4,39,0.02,0.11,1,0.09,0.08,0
50,2446,13,0,1181.15,5,33,0.11,0.11,1,0.08,0.10,0
77,5742,10,0,1948.69,2,31,0.13,0.18,1,0.05,-0.24,0
56,4511,10,0,1280.53,2,33,0.10,0.06,1,0.07,0.62,0
80,4103,13,1,1439.73,8,50,0.12,0.03,1,0.08,-0.57,0
70,4731,18,3,1658.82,3,22,0.19,0.13,1,0.05,-0.14,0
27,4043,11,3,1359.18,3,1,0.09,0.04,1,0.01,-0.94,0
67,4803,18,0,1599.30,7,31,0.05,0.04,1,0.05,0.06,0
78,4093,17,1,1423.10,-1,45,0.08,0.19,1,0.09,-0.18,0
68,5494,18,2,1445.31,4,29,0.11,0.19,1,0.03,0.21,0
63,6130,8,1,1287.77,5,22,0.18,0.07,1,0.01,0.48,0
43,5507,16,1,1457.40,2,39,0.03,0.16,1,0.09,0.20,0
56,5384,13,2,1551.19,-1,26,0.05,0.04,1,0.07,0.86,0
54,2595,17,4,1481.88,3,45,0.20,0.13,1,0.01,-0.20,0
86,5110,16,0,1045.27,7,31,0.01,0.13,1,0.06,0.27,0
66,5755,18,4,1153.90,8,45,0.01,0.05,1,0.07,-0.55,0
10,4491,12,1,1059.01,6,24,0.20,0.01,1,0.07,-0.09,0
73,4920,13,3,1128.39,14,26,0.04,0.04,1,0.07,0.09,0
66,3697,16,2,1445.84,7,18,0.01,0.05,1,0.07,-0.34,0
74,5051,11,0,1090.56,5,14,0.14,0.19,1,0.03,-1.25,0
60,4406,12,1,1484.78,3,36,0.14,0.05,1,0.03,-0.41,0
37,6605,9,0,1297.74,6,30,0.02,0.14,1,0.05,0.58,0
47,3291,20,0,1295.65,3,17,0.14,0.14,1,0.05,-0.36,0
71,5451,9,1,1145.87,7,43,0.02,0.04,1,0.06,-0.44,0
93,5410,10,0,1502.73,7,37,0.08,0.07,1,0.02,0.89,0
67,3803,17,3,1116.01,4,29,0.11,0.06,1,0.02,0.65,0
65,4530,15,4,1546.30,2,32,0.11,0.15,1,0.01,-0.58,0
67,5646,8,2,1384.38,1,34,0.10,0.17,1,0.00,0.18,0
55,6500,9,2,1533.89,7,33,0.04,0.18,1,0.05,-0.17,0
59,7038,20,3,1509.22,8,41,0.17,0.17,1,0.07,0.08,0
40,3748,16,0,1858.32,5,10,0.03,0.09,1,0.05,-0.34,0
93,4099,8,4,1261.21,7,21,0.12,0.10,1,0.09,-0.35,0
58,5546,11,1,1311.50,7,19,0.18,0.11,1,0.02,0.42,0
59,3457,15,1,1676.20,6,20,0.16,0.01,1,0.04,-0.40,0
118,5278,15,1,1685.41,0,42,0.13,0.05,1,0.01,1.12,0
54,4596,18,0,1538.58,8,24,0.08,0.08,1,0.02,0.58,0
63,4352,17,0,1296.69,7,35,0.19,0.08,1,0.07,0.43,0
104,4406,20,0,1446.98,1,44,0.15,0.13,1,0.01,0.06,0
60,6809,19,2,1577.17,-1,34,0.00,0.03,1,0.06,-0.32,0
69,5233,11,0,1240.31,10,50,0.08,0.15,1,0.05,0.20,0
70,5754,9,0,1240.34,7,39,0.06,0.13,1,0.02,0.09,0
30,6143,14,2,1568.11,4,29,0.01,0.13,1,0.01,0.62,0
71,3991,19,0,1269.03,9,20,0.03,0.08,1,0.01,0.74,0
49,5088,15,1,1629.01,5,18,0.15,0.13,1,0.01,-0.30,0
100,4824,15,1,1557.73,7,38,0.13,0.10,1,0.06,0.48,0
62,4584,12,4,991.83,5,39,0.14,0.17,1,0.03,-0.67,0
67,6500,15,2,1441.72,6,30,0.06,0.05,1,0.09,0.37,0
66,3780,15,2,1476.01,4,22,0.06,0.17,1,0.01,0.55,0
53,5535,11,2,1476.99,6,47,0.07,0.06,1,0.10,-0.39,0
75,6280,15,3,1320.22,8,30,0.00,0.02,1,0.03,-0.11,0
26,4516,17,4,1528.14,3,34,0.01,0.08,1,0.02,-0.48,0
63,4049,9,2,1374.23,10,25,0.19,0.08,1,0.03,0.24,0
64,6033,17,2,1553.51,10,35,0.03,0.16,1,0.10,-0.47,0
41,2910,11,3,1409.05,2,57,0.13,0.19,1,0.06,0.40,0
54,5036,15,4,1746.07,3,42,0.06,0.08,1,0.01,0.75,0
61,6817,20,0,1531.10,4,38,0.13,0.15,1,0.04,-0.41,0
64,5604,11,0,1164.09,8,22,0.17,0.10,1,0.07,-0.79,0
31,4328,8,3,1571.35,5,26,0.17,0.14,1,0.02,-0.18,0
77,4359,12,0,1196.62,8,30,0.17,0.05,1,0.04,-0.83,0
52,7381,16,4,1798.56,9,24,0.13,0.19,1,0.05,0.10,0
69,6740,10,3,1407.61,6,21,0.04,0.08,1,0.02,0.07,0
105,4061,8,0,1094.16,11,29,0.16,0.12,1,0.08,-0.37,0
39,4984,11,0,1656.60,2,23,0.10,0.08,1,0.04,0.48,0
50,4623,18,1,1064.01,9,18,0.09,0.20,1,0.03,-0.23,0
87,5495,14,0,1645.85,0,15,0.08,0.08,1,0.07,-0.17,0
61,4090,10,4,1339.23,7,14,0.08,0.03,1,0.05,-0.46,0
55,6370,13,2,1533.35,7,13,0.18,0.12,1,0.02,-0.03,0
77,4368,19,0,1348.70,9,40,0.08,0.11,1,0.00,-0.01,0
45,5360,18,4,1793.40,2,21,0.02,0.19,1,0.03,0.28,0
48,5498,11,4,1427.47,3,27,0.20,0.18,1,0.00,-0.40,0
99,5838,16,0,1565.46,8,20,0.02,0.14,1,0.08,-0.24,0
76,4225,11,4,1568.82,5,28,0.05,0.00,1,0.00,-0.06,0
55,5671,16,4,1532.75,9,27,0.06,0.10,1,0.03,0.79,0
50,5835,15,4,1522.41,3,32,0.11,0.19,1,0.06,0.38,0
42,3980,9,3,1260.79,8,28,0.01,0.16,1,0.01,-0.44,0
52,5161,11,0,1192.08,7,41,0.09,0.12,1,0.05,0.36,0
60,5976,10,3,1209.11,12,22,0.00,0.16,1,0.08,0.35,0
63,4399,10,1,1509.81,6,34,0.05,0.16,1,0.05,0.26,0
59,4349,17,1,1594.78,7,28,0.14,0.09,1,0.01,-0.87,0
70,5257,20,3,1109.16,2,29,0.11,0.13,1,0.03,-0.79,0
18,4765,8,3,1093.43,11,46,0.14,0.17,1,0.02,-0.29,0
88,6787,17,4,1411.94,6,37,0.18,0.09,1,0.05,0.42,0
82,4732,11,4,1859.75,1,30,0.18,0.02,1,0.02,0.22,0
101,3562,18,1,1186.62,6,47,0.15,0.10,1,0.03,-0.02,0
28,4335,14,0,1306.35,3,12,0.13,0.02,1,0.07,0.13,0
53,5504,16,3,1511.93,5,45,0.01,0.08,1,0.10,-0.52,0
24,5331,17,4,1633.21,9,35,0.00,0.06,1,0.09,-0.07,0
37,4178,10,1,1554.48,2,16,0.16,0.19,1,0.01,-0.83,0
47,2382,14,2,1746.60,9,24,0.13,0.18,1,0.10,-0.36,0
53,4708,15,0,1359.60,7,16,0.07,0.07,1,0.00,0.06,0
68,4233,9,1,1138.69,2,18,0.12,0.01,1,0.02,0.50,0
73,4861,20,1,1198.45,7,22,0.03,0.15,1,0.00,-0.24,0
19,5993,11,1,1074.06,7,40,0.17,0.04,1,0.01,-0.46,0
54,5753,10,0,1262.79,4,37,0.04,0.09,1,0.08,1.25,0
43,5191,12,2,1677.00,1,27,0.14,0.07,1,0.07,0.85,0
58,4535,14,3,1566.21,8,23,0.20,0.02,1,0.02,-0.38,0
52,4183,12,2,1195.36,9,46,0.07,0.02,1,0.01,0.44,0
72,7540,17,2,1203.56,6,38,0.16,0.03,1,0.09,0.30,0
74,5301,12,1,1726.92,4,30,0.17,0.17,1,0.10,-0.45,0
40,5662,20,1,1615.69,2,25,0.07,0.08,1,0.05,-0.25,0
25,4823,20,1,1129.22,10,37,0.15,0.17,1,0.05,-0.20,0
68,4253,15,0,1296.96,5,29,0.18,0.17,1,0.05,0.06,0
74,6402,12,4,1041.35,9,22,0.07,0.12,1,0.06,-0.27,0
72,5384,9,3,1544.08,5,30,0.15,0.17,1,0.03,0.63,0
59,5977,18,0,1731.58,8,32,0.17,0.09,1,0.01,0.04,0
99,4754,16,1,1071.95,9,25,0.12,0.08,1,0.05,-0.30,0
70,4005,19,0,1428.07,0,22,0.12,0.02,1,0.10,0.09,0
78,5687,18,3,1194.76,12,38,0.12,0.11,1,0.05,0.00,0
61,3378,13,2,1513.08,5,23,0.03,0.01,1,0.08,-1.02,0
90,5411,10,4,1890.70,4,28,0.16,0.05,1,0.07,0.42,0
6,4905,20,2,1684.59,2,25,0.15,0.01,1,0.05,0.11,0
71,3461,8,0,1571.79,8,33,0.09,0.19,1,0.01,-0.34,0
35,6536,8,4,1606.63,3,39,0.06,0.00,1,0.02,-1.35,0
51,3271,20,2,1340.08,6,43,0.19,0.00,1,0.02,0.64,0
79,5777,14,4,1358.98,7,22,0.03,0.00,1,0.09,-0.92,0
103,6060,17,4,1643.17,7,27,0.19,0.18,1,0.09,-0.42,0
83,4848,14,4,1385.92,2,13,0.07,0.03,1,0.05,-0.06,0
72,6108,14,1,1824.19,5,6,0.12,0.19,1,0.01,0.33,0
31,3300,12,0,1378.21,4,39,0.16,0.03,1,0.09,0.62,0
26,5982,11,3,1416.82,6,30,0.07,0.06,1,0.03,0.08,0
42,6800,16,4,1646.13,7,25,0.10,0.06,1,0.02,-0.11,0
59,5602,11,1,1263.77,1,17,0.04,0.03,1,0.03,0.49,0
53,5302,9,0,1476.15,9,22,0.15,0.12,1,0.07,-0.22,0
56,4404,8,2,1439.88,5,37,0.18,0.10,1,0.06,0.27,0
60,4169,17,3,1147.77,2,47,0.18,0.08,1,0.10,-0.91,0
61,6619,12,4,1680.39,5,31,0.06,0.17,1,0.03,-0.13,0
82,6199,13,4,1422.29,4,39,0.16,0.09,1,0.06,-0.30,0
83,5372,20,4,1861.33,11,11,0.19,0.12,1,0.04,-0.02,0
84,5685,17,3,1238.46,5,20,0.18,0.08,1,0.10,-1.36,0
69,4986,10,2,1536.20,2,31,0.11,0.01,1,0.02,-0.76,0
112,4992,8,3,1605.48,4,27,0.14,0.08,1,0.06,0.47,0
78,3409,8,3,1215.77,-2,42,0.16,0.13,1,0.07,-0.74,0
38,5661,12,1,1805.00,5,35,0.17,0.01,1,0.00,0.36,0
69,4734,11,0,1671.19,8,31,0.17,0.12,1,0.07,0.03,0
73,3856,18,4,1513.46,4,34,0.06,0.10,1,0.04,0.00,0
56,4003,19,2,1119.85,-1,30,0.10,0.03,1,0.01,-0.34,0
35,5450,13,0,1357.70,7,19,0.10,0.00,1,0.07,-0.32,0
79,5055,17,2,1554.43,7,27,0.03,0.05,1,0.03,-0.49,0
18,6339,14,4,1286.58,4,39,0.07,0.16,1,0.03,-0.38,0
55,3792,15,4,1416.97,5,27,0.19,0.10,1,0.06,-0.39,0
32,3880,15,1,700.68,5,35,0.10,0.07,1,0.01,-0.30,0
92,5329,11,4,1197.17,5,40,0.02,0.01,1,0.06,0.82,0
50,4749,11,2,1567.60,1,23,0.08,0.08,1,0.05,0.21,0
66,6151,10,3,1573.90,8,19,0.16,0.16,1,0.04,-0.51,0
71,3213,20,0,1450.39,1,30,0.10,0.03,1,0.09,-0.36,0
62,4985,12,2,1267.81,6,14,0.17,0.16,1,0.08,-0.14,0
76,5525,15,2,1813.75,4,44,0.04,0.02,1,0.09,0.44,0
37,5203,17,4,1023.59,7,11,0.04,0.08,1,0.02,-0.68,0
51,5804,11,0,1307.62,5,30,0.07,0.03,1,0.03,0.35,0
59,4895,18,4,1614.09,11,34,0.04,0.02,1,0.05,0.16,0
86,5055,8,4,1636.05,13,31,0.17,0.03,1,0.06,-0.22,0
37,5323,14,3,1402.51,2,25,0.04,0.03,1,0.08,0.16,0
64,4586,8,1,1371.47,3,24,0.04,0.17,1,0.10,0.40,0
26,5439,20,1,1058.19,7,41,0.17,0.12,1,0.09,-0.68,0
63,3274,16,2,1446.00,4,40,0.15,0.11,1,0.01,0.86,0
65,4061,8,4,1761.12,-1,42,0.13,0.07,1,0.08,-0.47,0
86,6396,18,3,1253.17,9,15,0.04,0.07,1,0.05,0.27,0
63,3114,12,4,1793.87,6,50,0.07,0.06,1,0.06,-0.49,0
114,4936,13,0,1396.00,5,31,0.05,0.17,1,0.05,-0.15,0
64,3068,16,1,1244.14,5,43,0.07,0.17,1,0.05,-0.47,0
49,5318,8,4,1397.87,2,12,0.13,0.10,1,0.05,-0.82,0
63,4977,15,1,1304.46,4,21,0.19,0.14,1,0.03,-0.68,0
73,5115,15,3,1287.65,7,24,0.19,0.07,1,0.09,0.40,0
62,3262,18,2,1713.28,3,37,0.14,0.04,1,0.03,0.37,0
19,4637,8,1,1590.40,9,33,0.01,0.08,1,0.00,0.20,0
64,4140,15,4,1362.06,7,42,0.16,0.06,1,0.07,-0.95,0
52,4276,8,4,1326.53,7,32,0.11,0.11,1,0.05,0.05,0
54,2975,19,2,1584.62,11,24,0.09,0.18,1,0.10,-0.73,0
66,5567,18,1,1467.93,5,38,0.10,0.05,1,0.08,-0.42,0
100,5642,9,4,1549.18,4,54,0.01,0.03,1,0.06,0.42,0
65,2311,12,4,1533.66,7,35,0.16,0.13,1,0.03,-0.57,0
37,5614,16,0,1507.96,0,19,0.10,0.06,1,0.05,-0.33,0
42,4636,11,4,1714.23,10,53,0.19,0.00,1,0.00,0.57,0
51,4576,17,0,1346.42,11,29,0.11,0.17,1,0.05,0.63,0
71,4526,11,2,912.10,6,30,0.08,0.03,1,0.07,0.54,0
56,5658,13,4,1719.98,6,13,0.09,0.05,1,0.08,0.44,0
71,7202,11,0,1612.34,3,31,0.10,0.09,1,0.03,-1.53,0
45,5722,10,1,1348.26,6,15,0.03,0.08,1,0.00,0.58,0
61,6235,19,4,1378.73,0,24,0.11,0.17,1,0.04,-0.40,0
73,5373,20,2,1298.62,9,38,0.09,0.07,1,0.02,-0.37,0
75,5676,12,4,1349.95,3,32,0.13,0.08,1,0.07,-0.97,0
35,4022,15,0,1567.07,5,25,0.17,0.15,1,0.06,0.12,0
53,6215,11,1,2028.61,7,54,0.19,0.18,1,0.09,0.70,0
55,4536,12,2,1337.49,4,35,0.10,0.18,1,0.04,-0.33,0
43,3717,18,0,1612.54,-1,45,0.15,0.04,1,0.09,-0.64,0
36,6944,18,0,1206.94,0,31,0.03,0.07,1,0.07,0.45,0
67,3794,13,2,1534.10,11,35,0.01,0.20,1,0.08,0.30,0
67,5901,10,2,1609.17,4,35,0.03,0.17,1,0.07,0.23,0
86,5078,13,4,1316.07,2,63,0.16,0.16,1,0.06,0.27,0
47,5574,15,4,1432.32,10,49,0.18,0.01,1,0.00,0.40,0
76,6496,14,3,1473.39,6,18,0.01,0.12,1,0.07,0.63,0
65,4247,14,0,1486.95,10,31,0.08,0.04,1,0.08,-0.54,0
55,4881,14,3,1532.25,2,25,0.09,0.01,1,0.06,0.15,0
64,3285,20,4,1543.89,1,40,0.01,0.05,1,0.09,1.03,0
87,3779,13,0,1542.16,0,21,0.03,0.09,1,0.04,0.25,0
53,5176,11,4,1246.62,9,25,0.13,0.03,1,0.02,-0.95,0
52,5621,16,4,1484.31,3,10,0.09,0.05,1,0.07,-0.96,0
41,5985,20,4,1580.97,6,26,0.02,0.02,1,0.03,0.31,0
85,5461,10,0,1894.10,5,40,0.03,0.17,1,0.06,-0.51,0
33,5394,18,4,1280.64,6,36,0.04,0.01,1,0.00,0.03,0
47,5131,18,4,1353.56,3,25,0.05,0.13,1,0.03,0.30,0
46,4189,20,3,1264.22,1,34,0.03,0.07,1,0.07,-0.01,0
46,4285,8,2,1766.93,8,23,0.01,0.04,1,0.03,0.08,0
50,5439,19,4,1561.98,5,38,0.13,0.17,1,0.01,0.67,0
99,5047,12,1,1508.42,11,15,0.12,0.18,1,0.05,-0.58,0
53,6193,18,1,1569.43,2,43,0.03,0.05,1,0.02,-0.46,0
58,5545,10,0,1297.63,5,0,0.15,0.13,1,0.04,0.36,0
75,4103,13,4,1735.79,5,29,0.07,0.17,1,0.00,-0.78,0
48,4545,15,0,961.07,3,35,0.17,0.14,1,0.03,-0.02,0
27,4428,10,0,1305.22,9,40,0.17,0.01,1,0.04,-0.85,0
70,4151,9,2,1392.86,6,43,0.16,0.04,1,0.07,0.21,0
60,4091,9,4,1677.86,4,41,0.19,0.10,1,0.07,1.55,0
56,5683,12,3,1307.49,0,27,0.12,0.02,1,0.01,0.45,0
92,3212,13,4,1543.44,13,41,0.08,0.08,1,0.01,0.67,0
112,5396,11,1,1677.98,2,6,0.05,0.00,1,0.03,-0.51,0
66,4238,9,4,1468.67,5,20,0.08,0.04,1,0.02,0.03,0
101,5077,18,4,1546.40,5,18,0.04,0.13,1,0.04,0.00,0
59,3826,13,4,1381.66,5,42,0.03,0.10,1,0.08,0.27,0
46,4495,19,0,1231.46,6,13,0.17,0.06,1,0.08,-0.16,0
93,4481,18,4,1162.50,10,26,0.09,0.10,1,0.08,0.74,0
35,6318,20,0,1400.91,7,30,0.15,0.04,1,0.03,-0.49,0
67,3667,16,2,1555.44,1,35,0.07,0.04,1,0.04,-0.33,0
57,6438,15,3,1767.44,1,17,0.14,0.19,1,0.05,-0.81,0
55,5150,18,0,1371.07,5,31,0.11,0.19,1,0.06,-0.87,0
74,4859,16,3,1060.14,4,12,0.05,0.12,1,0.00,-0.32,0
76,3773,9,2,1575.66,4,12,0.13,0.14,1,0.09,0.01,0
64,4990,20,3,1478.44,8,13,0.00,0.05,1,0.07,-0.62,0
75,5189,11,4,1381.91,6,38,0.17,0.20,1,0.03,0.30,0
47,5348,8,4,1362.78,8,31,0.13,0.19,1,0.01,1.30,0
81,5219,13,4,1462.79,3,21,0.17,0.10,1,0.09,-0.23,0
72,5962,16,4,1171.90,4,31,0.05,0.04,1,0.06,-0.92,0
88,4178,9,0,1489.52,9,21,0.06,0.04,1,0.06,0.71,0
47,4399,15,1,1566.19,7,16,0.17,0.15,1,0.04,0.19,0
10,4259,17,0,1496.05,5,32,0.12,0.07,1,0.00,0.37,0
67,4469,16,1,1103.82,4,33,0.12,0.11,1,0.01,0.49,0
47,4673,16,4,1233.52,7,19,0.18,0.09,1,0.06,-0.11,0
61,5780,17,3,1386.46,9,42,0.16,0.16,1,0.10,-0.47,0
73,5712,17,1,1566.03,10,24,0.07,0.11,1,0.08,-0.45,0
61,5049,14,3,970.90,3,46,0.02,0.12,1,0.07,-0.73,0
72,4920,13,2,1201.16,2,11,0.09,0.16,1,0.01,-0.27,0
57,5575,15,3,1522.08,4,25,0.15,0.14,1,0.06,-0.08,0
50,4989,18,4,1385.07,4,23,0.18,0.18,1,0.07,0.23,0
66,5742,19,2,1376.37,7,21,0.18,0.03,1,0.02,0.07,0
91,5337,18,4,1621.96,5,37,0.10,0.09,1,0.08,-1.25,0
21,5288,16,1,1457.72,4,25,0.13,0.14,1,0.08,-0.21,0
80,5009,10,4,1541.81,8,21,0.09,0.01,1,0.10,-0.33,0
87,7099,15,0,1738.36,4,23,0.03,0.07,1,0.08,-0.35,0
52,6133,17,0,1225.43,2,53,0.10,0.08,1,0.02,0.35,0
18,4766,14,0,1659.39,9,54,0.06,0.00,1,0.06,-0.79,0
76,3818,13,2,1484.13,4,33,0.01,0.16,1,0.05,0.29,0
66,6096,19,1,1562.10,1,24,0.00,0.02,1,0.06,-0.02,0
93,7078,17,4,1599.98,5,46,0.16,0.16,1,0.05,-0.67,0
54,6031,9,4,1417.29,5,26,0.05,0.05,1,0.09,0.67,0
64,6235,14,1,962.98,3,12,0.10,0.09,1,0.05,-0.48,0
61,3856,13,2,1825.13,2,39,0.09,0.08,1,0.04,0.58,0
58,7254,10,3,1432.38,4,50,0.02,0.09,1,0.07,0.11,0
76,4034,18,2,1535.78,4,35,0.14,0.13,1,0.07,-0.04,0
76,1575,8,1,1444.40,11,35,0.06,0.06,1,0.02,-0.42,0
51,7249,8,2,1158.29,10,15,0.12,0.13,1,0.05,-0.75,0
41,3179,16,2,1165.11,3,9,0.15,0.10,1,0.01,0.04,0
52,5252,16,1,1229.91,8,29,0.19,0.00,1,0.06,-0.24,0
82,5004,18,0,1670.70,8,34,0.16,0.01,1,0.05,0.08,0
28,4131,19,2,1511.39,5,53,0.17,0.07,1,0.04,-0.19,0
25,3731,8,1,1405.50,2,32,0.03,0.10,1,0.00,-0.40,0
83,3820,9,4,1355.01,5,28,0.20,0.05,1,0.07,0.09,0
56,5281,20,1,1103.18,3,36,0.09,0.11,1,0.01,-0.08,0
53,6380,12,0,1342.32,0,35,0.06,0.12,1,0.04,-0.91,0
55,4909,19,0,1339.12,0,39,0.03,0.11,1,0.01,-0.19,0
71,5281,9,1,1439.18,4,16,0.06,0.15,1,0.05,0.07,0
80,3495,13,1,1323.91,6,36,0.01,0.16,1,0.04,0.75,0
48,3053,19,3,1760.02,10,38,0.10,0.09,1,0.10,-0.13,0
33,4973,20,3,1551.48,7,37,0.05,0.17,1,0.09,0.47,0
54,4740,12,4,1461.54,8,36,0.01,0.15,1,0.05,1.04,0
61,7208,15,0,1457.44,6,47,0.08,0.16,1,0.06,-0.58,0
64,6080,20,4,1400.13,4,32,0.08,0.03,1,0.06,-0.68,0
25,5282,10,3,1281.95,7,20,0.15,0.17,1,0.04,-0.65,0
73,4667,16,2,1300.20,9,19,0.16,0.19,1,0.06,-0.11,0
41,4568,18,2,1552.95,5,14,0.18,0.07,1,0.03,0.36,0
46,4556,13,0,1385.02,1,26,0.00,0.10,1,0.07,-0.02,0
100,3956,15,0,1520.80,3,12,0.01,0.10,1,0.04,-0.28,0
77,3932,20,2,1478.09,3,31,0.03,0.01,1,0.08,0.67,0
92,5748,18,1,1931.97,7,21,0.16,0.09,1,0.05,0.57,0
97,5111,15,0,1057.33,7,50,0.10,0.12,1,0.05,-0.39,0
78,6027,15,2,1402.55,8,45,0.12,0.01,1,0.09,-0.24,0
63,4409,19,4,1311.77,4,21,0.02,0.12,1,0.07,1.35,0
66,5188,10,4,1357.78,7,28,0.08,0.12,1,0.06,-0.59,0
61,6663,18,1,1450.05,4,31,0.10,0.11,1,0.04,0.00,0
38,4168,17,2,1245.95,1,31,0.08,0.20,1,0.05,-0.09,0
88,7533,17,3,1364.72,6,36,0.08,0.05,1,0.09,0.64,0
69,6833,11,3,1428.64,2,24,0.13,0.18,1,0.04,-0.30,0
72,3842,13,4,1379.35,6,32,0.16,0.08,1,0.02,0.35,0
55,4999,17,3,1460.36,6,31,0.04,0.10,1,0.06,0.62,0
43,5717,12,1,1519.18,5,46,0.15,0.05,1,0.06,-0.17,0
59,5969,17,3,1642.70,2,5,0.20,0.08,1,0.04,-0.88,0
74,4687,19,4,1197.98,6,13,0.15,0.17,1,0.07,0.16,0
62,6757,20,2,1603.41,2,24,0.04,0.00,1,0.08,-0.31,0
66,5944,14,0,1391.87,2,36,0.06,0.20,1,0.00,-0.22,0
53,4552,14,4,1792.33,4,19,0.09,0.03,1,0.10,-0.23,0
64,4149,14,1,1346.91,6,17,0.15,0.03,1,0.09,0.56,0
46,3744,16,3,1066.81,8,29,0.02,0.20,1,0.03,0.18,0
55,5253,18,0,1531.68,2,40,0.15,0.12,1,0.04,-0.19,0
73,4318,18,3,1308.32,3,35,0.05,0.11,1,0.05,-0.29,0
80,5211,14,0,1097.07,5,21,0.14,0.06,1,0.08,0.58,0
48,4998,15,4,1766.22,3,37,0.13,0.12,1,0.04,-0.32,0
110,4548,16,4,1165.52,4,40,0.16,0.04,1,0.10,-0.42,0
77,5005,18,2,1353.54,6,21,0.16,0.07,1,0.08,0.64,0
57,4822,8,1,1091.05,2,27,0.07,0.17,1,0.01,0.11,0
55,4494,19,2,1782.91,8,25,0.17,0.14,1,0.06,0.16,0
67,5646,15,3,1269.44,6,21,0.16,0.13,1,0.05,-0.11,0
39,4474,13,4,1721.46,6,31,0.08,0.15,1,0.00,-0.28,0
86,4575,8,2,1258.78,5,34,0.14,0.20,1,0.07,-0.41,0
83,4978,18,4,1529.17,0,23,0.16,0.12,1,0.09,0.21,0
45,4691,8,1,988.84,6,32,0.12,0.06,1,0.09,-0.31,0
51,3157,19,2,1300.08,4,45,0.10,0.14,1,0.01,-0.82,0
77,4428,17,4,1547.79,2,29,0.11,0.06,1,0.05,0.61,0
72,6067,17,3,1664.57,10,23,0.08,0.17,1,0.02,-1.25,0
64,4833,9,2,1932.71,5,40,0.12,0.06,1,0.00,-0.49,0
44,5693,10,1,1319.95,7,37,0.08,0.19,1,0.01,-0.84,0
81,5272,11,4,1743.08,8,19,0.07,0.14,1,0.01,-0.58,0
46,5707,19,0,1763.41,3,41,0.06,0.10,1,0.05,0.09,0
76,4704,17,1,1808.01,8,26,0.19,0.05,1,0.07,-0.62,0
53,6648,18,3,1670.84,2,38,0.11,0.06,1,0.04,-0.40,0
72,5280,18,1,1516.99,7,41,0.17,0.10,1,0.09,0.78,0
72,4795,12,2,1481.43,8,31,0.10,0.04,1,0.05,0.41,0
56,4689,13,1,1289.28,-2,31,0.04,0.18,1,0.00,0.57,0
49,5210,10,4,1260.22,5,29,0.04,0.00,1,0.04,0.94,0
76,3617,19,3,1375.83,7,11,0.10,0.15,1,0.02,-0.20,0
75,5818,8,4,1657.82,0,40,0.02,0.17,1,0.08,0.41,0
57,4623,13,1,1095.34,6,28,0.01,0.06,1,0.05,0.36,0
29,4363,20,2,1503.81,-4,20,0.09,0.15,1,0.01,-1.03,0
75,6061,14,0,1396.90,10,32,0.19,0.12,1,0.00,-0.73,0
65,4923,10,4,1472.67,9,40,0.13,0.04,1,0.00,-0.65,0
97,3226,20,3,1571.80,5,29,0.13,0.01,1,0.09,0.22,0
87,6338,19,1,918.25,6,34,0.19,0.19,1,0.04,0.30,0
27,4646,17,1,1366.88,6,28,0.02,0.12,1,0.01,-0.14,0
72,5557,11,2,1208.28,0,25,0.19,0.04,1,0.07,0.45,0
37,5811,19,2,1290.18,8,23,0.04,0.10,1,0.01,0.03,0
70,5767,14,3,1512.04,5,51,0.20,0.13,1,0.00,0.58,0
70,5267,12,1,1493.03,3,39,0.12,0.03,1,0.02,-0.68,0
41,5308,13,3,1606.77,7,31,0.12,0.16,1,0.08,-0.96,0
28,4589,20,3,1237.64,4,40,0.01,0.17,1,0.02,0.63,0
97,4246,15,2,1409.91,3,32,0.08,0.08,1,0.07,0.07,0
88,4718,8,0,1495.60,2,30,0.11,0.18,1,0.05,-0.68,0
41,4236,12,0,1384.82,1,36,0.09,0.07,1,0.04,-0.32,0
64,6151,16,4,1471.38,8,41,0.08,0.01,1,0.08,-0.22,0
20,5569,11,3,1228.50,7,29,0.03,0.02,1,0.06,0.11,0
39,4022,19,2,1529.83,3,33,0.04,0.01,1,0.06,0.41,0
63,4488,10,4,1551.61,-1,30,0.03,0.13,1,0.02,-0.14,0
33,4700,9,1,1172.15,8,33,0.20,0.09,1,0.08,-0.06,0
42,6045,15,1,1474.59,4,39,0.03,0.13,1,0.08,0.61,0
78,6403,18,2,1331.16,7,35,0.07,0.10,1,0.05,0.11,0
66,3864,18,2,1802.81,5,30,0.02,0.09,1,0.08,0.71,0
91,5669,17,0,1421.35,6,33,0.19,0.06,1,0.00,-0.21,0
72,4261,10,0,1118.48,6,26,0.12,0.01,1,0.04,-0.24,0
52,4340,10,4,1582.32,6,15,0.08,0.00,1,0.07,-0.48,0
33,3925,16,3,1509.09,5,42,0.06,0.20,1,0.04,-0.78,0
42,5325,17,2,1364.77,0,42,0.01,0.17,1,0.06,-0.13,0
80,4971,16,3,1631.89,3,24,0.14,0.12,1,0.06,0.13,0
40,4088,12,1,1367.95,0,25,0.12,0.12,1,0.07,0.12,0
44,2898,19,3,1379.64,6,31,0.18,0.09,1,0.03,0.18,0
53,4324,14,2,1608.48,11,23,0.15,0.08,1,0.08,0.84,0
42,4041,16,4,1823.11,2,17,0.09,0.11,1,0.01,-0.32,0
22,5590,16,3,1419.58,5,34,0.04,0.17,1,0.01,-0.39,0
95,4423,11,4,1246.43,6,14,0.01,0.11,1,0.09,-0.27,0
37,5805,20,3,1582.06,5,23,0.16,0.11,1,0.05,-0.83,0
57,4422,13,4,1579.45,4,18,0.11,0.17,1,0.09,0.64,0
51,4033,14,2,1193.83,0,26,0.16,0.16,1,0.09,-0.56,0
92,4259,9,1,1746.48,6,48,0.19,0.02,1,0.09,0.27,0
54,4036,13,1,1442.86,8,46,0.17,0.02,1,0.08,0.36,0
4,3937,9,0,1576.33,5,36,0.04,0.14,1,0.08,0.03,0
79,6606,12,1,1414.85,-1,19,0.07,0.02,1,0.01,-0.63,0
81,3278,14,4,1458.43,9,22,0.01,0.18,1,0.01,0.69,0
62,5616,13,2,1380.99,4,33,0.13,0.13,1,0.04,0.29,0
54,6994,20,0,1557.17,7,23,0.14,0.05,1,0.09,-0.23,0
52,4214,18,1,1565.85,6,36,0.03,0.02,1,0.08,0.09,0
65,5249,16,2,1270.29,0,19,0.16,0.01,1,0.08,0.52,0
87,6912,17,1,1012.20,4,37,0.18,0.14,1,0.09,-0.07,0
40,3470,19,0,1371.03,12,32,0.16,0.09,1,0.07,-0.02,0
50,4717,14,1,1393.78,5,25,0.12,0.01,1,0.02,0.56,0
65,5887,8,1,1707.49,4,37,0.18,0.18,1,0.02,-1.12,0
59,4838,11,3,1149.57,0,11,0.02,0.18,1,0.02,0.54,0
43,5968,18,0,1504.73,4,29,0.15,0.03,1,0.03,-0.45,0
59,4929,18,4,1437.30,2,27,0.03,0.13,1,0.09,-0.38,0
81,5294,8,3,1278.70,10,26,0.02,0.14,1,0.03,-0.66,0
45,4636,20,3,1993.67,4,11,0.04,0.15,1,0.01,0.75,0
66,4417,11,4,1555.94,6,24,0.18,0.17,1,0.09,0.42,0
91,4762,8,0,1507.87,7,29,0.15,0.12,1,0.09,-0.25,0
52,5841,13,1,1828.24,5,32,0.05,0.09,1,0.06,-0.48,0
45,4290,15,1,1365.74,2,23,0.20,0.14,1,0.07,-0.51,0
65,4547,11,3,1205.70,7,41,0.13,0.15,1,0.06,-0.13,0
91,4695,18,1,1296.87,8,39,0.18,0.12,1,0.05,-0.61,0
70,4212,10,3,1360.59,10,43,0.04,0.07,1,0.08,0.12,0
43,5148,11,2,1722.14,4,24,0.07,0.19,1,0.02,0.44,0
59,4426,9,1,1558.52,6,40,0.05,0.02,1,0.06,0.20,0
22,3307,16,2,1561.85,4,33,0.11,0.02,1,0.05,0.24,0
84,4423,15,0,1360.99,6,44,0.20,0.08,1,0.03,0.71,0
82,5429,19,2,1375.38,9,40,0.10,0.04,1,0.02,0.18,0
54,4555,11,0,1027.03,9,26,0.02,0.10,1,0.03,0.08,0
52,4822,11,2,1295.37,6,22,0.14,0.15,1,0.08,0.87,0
7,4167,19,4,1182.60,6,33,0.05,0.02,1,0.10,0.18,0
74,4607,8,1,1564.71,10,18,0.16,0.08,1,0.01,-0.21,0
42,4966,18,0,1615.54,2,19,0.02,0.07,1,0.01,-0.22,0
69,4120,18,2,1485.23,6,24,0.14,0.07,1,0.00,-0.13,0
59,4930,8,3,1465.26,6,8,0.12,0.09,1,0.02,0.67,0
76,5376,16,3,1392.45,9,26,0.14,0.16,1,0.07,-0.04,0
22,6411,20,3,1381.12,5,35,0.08,0.01,1,0.10,0.41,0
61,5299,13,0,1633.70,5,42,0.02,0.02,1,0.01,0.48,0
61,5915,10,4,1420.76,6,35,0.01,0.17,1,0.02,-0.62,0
57,4307,9,4,1429.28,6,13,0.06,0.10,1,0.03,1.05,0
65,6591,18,2,1556.77,4,16,0.12,0.07,1,0.08,0.14,0
94,4645,18,3,1364.92,4,34,0.18,0.15,1,0.05,1.10,0
28,3379,11,1,1449.38,4,24,0.03,0.04,1,0.00,-0.31,0
41,6665,15,0,1138.54,4,38,0.14,0.13,1,0.04,-0.02,0
58,5044,8,0,1399.86,4,40,0.12,0.11,1,0.03,0.99,0
49,4603,14,2,1202.21,6,32,0.15,0.13,1,0.04,-0.08,0
47,5965,19,1,1280.36,8,17,0.02,0.14,1,0.03,-0.15,0
59,4191,18,1,1574.25,7,24,0.12,0.19,1,0.03,-1.03,0
56,5337,12,2,1353.91,11,15,0.05,0.02,1,0.01,0.37,0
84,4292,17,4,1534.00,5,20,0.09,0.13,1,0.00,0.26,0
51,3436,12,2,1306.81,2,45,0.17,0.12,1,0.04,0.05,0
69,6239,13,4,1096.78,4,42,0.17,0.04,1,0.04,-0.78,0
66,2549,8,3,1452.91,9,18,0.16,0.18,1,0.06,1.02,0
76,4961,18,0,1540.25,2,32,0.14,0.05,1,0.06,0.16,0
83,5067,17,4,1547.83,11,20,0.09,0.02,1,0.03,-0.25,0
47,2739,19,0,1571.28,4,18,0.04,0.06,1,0.01,-0.33,0
62,4594,13,4,1664.69,7,32,0.16,0.12,1,0.03,0.76,0
87,7462,19,0,1429.61,6,27,0.16,0.07,1,0.00,0.11,0
86,3411,15,1,1239.49,9,45,0.12,0.13,1,0.04,-0.33,0
66,4993,11,3,1106.40,3,38,0.06,0.02,1,0.00,0.38,0
22,3476,12,1,1432.69,11,36,0.04,0.06,1,0.03,-0.04,0
55,3174,19,1,1374.82,7,48,0.00,0.16,1,0.09,-0.41,0
53,5996,12,2,1258.80,-2,29,0.12,0.14,1,0.07,-0.14,0
71,4065,8,1,1347.49,6,17,0.07,0.13,1,0.05,0.58,0
52,5365,19,4,1624.61,6,22,0.11,0.04,1,0.08,-0.58,0
50,5405,15,1,1303.59,8,25,0.12,0.03,1,0.08,0.07,0
33,4113,15,2,1414.67,3,16,0.18,0.15,1,0.01,-0.43,0
65,6816,14,1,1445.63,13,0,0.04,0.15,1,0.05,-0.36,0
68,5166,16,1,1466.36,5,42,0.03,0.11,1,0.02,-0.84,0
64,6676,8,2,1386.33,6,44,0.07,0.20,1,0.04,0.19,0
58,3817,18,0,1817.77,-1,41,0.13,0.04,1,0.01,0.03,0
54,4957,11,3,1237.51,3,37,0.12,0.18,1,0.02,-0.25,0
62,5002,14,1,1729.22,4,55,0.16,0.11,1,0.04,-0.59,0
65,4593,10,4,1544.50,3,20,0.04,0.03,1,0.06,-0.41,0
91,5802,18,4,1240.24,1,19,0.04,0.07,1,0.03,0.67,0
52,5504,11,3,1274.36,7,24,0.05,0.16,1,0.08,-0.08,0
48,3899,13,3,1751.22,6,34,0.00,0.04,1,0.07,0.22,0
62,4970,18,4,1387.39,5,13,0.05,0.06,1,0.04,-0.65,0
77,5283,20,2,1380.18,7,23,0.19,0.07,1,0.06,-0.57,0
27,3472,20,4,1676.25,5,41,0.13,0.06,1,0.04,0.78,0
47,5977,20,3,1328.57,10,20,0.20,0.06,1,0.06,0.03,0
88,5396,18,2,1296.43,7,37,0.08,0.16,1,0.07,0.14,0
62,4348,16,2,1428.21,5,32,0.07,0.01,1,0.05,-0.48,0
43,4765,12,0,1654.78,4,44,0.11,0.13,1,0.02,0.52,0
11,4767,17,1,1326.51,10,50,0.06,0.10,1,0.05,0.92,0
84,4591,15,2,1613.56,6,21,0.18,0.13,1,0.01,-0.48,0
88,5763,17,0,1225.87,3,37,0.12,0.15,1,0.05,-0.12,0
96,5308,17,0,1367.84,9,24,0.14,0.15,1,0.10,0.74,0
40,3240,15,1,1568.84,2,28,0.04,0.06,1,0.05,0.38,0
40,4229,10,0,1443.57,4,23,0.12,0.13,1,0.07,0.42,0
20,4295,20,2,1284.93,8,32,0.01,0.07,1,0.08,-0.43,0
80,4218,12,4,1604.93,2,24,0.04,0.10,1,0.09,0.73,0
39,5458,19,3,1748.97,7,44,0.14,0.12,1,0.02,0.03,0
59,3870,18,1,1604.68,8,35,0.09,0.07,1,0.02,-0.27,0
70,4012,20,1,1447.75,3,19,0.00,0.01,1,0.05,0.20,0
48,5356,8,3,1220.66,3,41,0.14,0.19,1,0.09,-1.04,0
92,5485,12,2,1452.23,4,23,0.11,0.10,1,0.01,0.65,0
61,4924,8,3,1567.27,8,36,0.13,0.13,1,0.05,0.54,0
87,4193,12,4,983.54,9,21,0.03,0.16,1,0.06,-0.55,0
83,5413,13,2,1330.94,3,37,0.04,0.03,1,0.01,0.73,0
59,4789,8,2,1313.36,10,32,0.20,0.03,1,0.06,0.97,0
32,4960,13,0,1286.43,1,17,0.09,0.09,1,0.07,-0.33,0
48,5468,18,4,1397.08,-1,14,0.12,0.06,1,0.01,0.36,0
69,2278,13,0,1592.32,4,34,0.12,0.02,1,0.09,-0.23,0
64,4316,19,3,1565.19,6,17,0.05,0.17,1,0.06,-0.20,0
37,4850,15,0,1983.03,0,44,0.13,0.03,1,0.03,-0.02,0
76,3096,14,2,1505.40,3,45,0.11,0.17,1,0.04,-0.33,0
62,4303,8,1,1446.11,7,39,0.12,0.06,1,0.03,0.06,0
82,5005,19,0,1184.58,2,32,0.03,0.20,1,0.04,1.06,0
60,4019,19,2,1373.08,7,33,0.11,0.16,1,0.08,0.52,0
63,5969,19,0,1439.88,9,45,0.01,0.10,1,0.09,-0.75,0
53,3597,9,3,1271.78,-1,53,0.16,0.09,1,0.08,0.17,0
19,5430,19,2,1317.33,6,39,0.14,0.16,1,0.07,0.03,0
55,4810,10,4,1573.75,10,34,0.01,0.02,1,0.03,-0.62,0
40,4849,15,0,1379.38,7,26,0.15,0.12,1,0.02,-0.75,0
76,5006,19,4,1545.61,3,30,0.02,0.18,1,0.03,-0.68,0
60,4804,19,2,1448.06,8,36,0.14,0.17,1,0.04,-0.08,0
65,3716,12,2,1287.88,7,31,0.17,0.11,1,0.04,0.20,0
61,5353,17,1,1464.30,6,29,0.01,0.04,1,0.02,0.00,0
43,3930,8,0,1208.25,2,23,0.15,0.09,1,0.05,0.66,0
68,5039,15,4,1387.74,6,21,0.18,0.11,1,0.03,0.21,0
53,4023,19,3,1613.65,3,21,0.19,0.07,1,0.06,-0.31,0
83,7060,19,4,1484.33,0,27,0.20,0.05,1,0.07,-0.25,0
45,3706,17,2,1615.75,3,22,0.15,0.12,1,0.03,-0.13,0
66,5331,20,1,1349.85,-1,23,0.04,0.15,1,0.07,-0.48,0
34,6569,10,2,1468.22,0,29,0.12,0.10,1,0.03,-0.43,0
71,5053,10,1,1552.36,6,7,0.03,0.17,1,0.04,0.01,0
83,3085,9,1,1619.51,2,19,0.16,0.05,1,0.05,0.68,0
18,4638,18,3,1457.16,5,45,0.15,0.05,1,0.00,0.39,0
57,4853,11,3,1229.82,8,23,0.11,0.16,1,0.05,0.33,0
88,7030,14,2,1544.36,7,23,0.08,0.13,1,0.06,0.47,0
78,3111,15,1,1398.57,7,29,0.08,0.20,1,0.04,-0.35,0
40,3577,19,4,1671.00,6,30,0.07,0.04,1,0.00,0.09,0
118,5479,8,1,1488.19,0,36,0.18,0.02,1,0.02,-0.59,0
68,6031,17,1,1054.50,4,40,0.07,0.09,1,0.10,0.23,0
65,5179,19,2,1545.38,0,22,0.17,0.12,1,0.01,-0.55,0
43,5672,9,0,1291.66,1,31,0.11,0.00,1,0.03,0.04,0
27,3951,14,4,1499.02,1,48,0.09,0.07,1,0.03,-0.06,0
46,4154,19,1,1276.13,8,42,0.12,0.19,1,0.00,0.47,0
56,5193,15,0,1392.20,2,19,0.18,0.03,1,0.04,0.15,0
42,2894,11,4,1118.91,3,32,0.02,0.11,1,0.00,-0.78,0
38,4316,8,1,1447.46,2,32,0.17,0.12,1,0.06,-0.73,0
76,5075,18,3,1523.73,2,25,0.05,0.02,1,0.04,0.16,0
57,3962,9,0,1629.04,1,28,0.07,0.11,1,0.02,0.29,0
80,5465,15,4,1460.65,-1,28,0.15,0.17,1,0.03,0.53,0
28,3787,18,0,1423.38,4,37,0.09,0.11,1,0.02,0.92,0
61,2189,9,4,1217.82,7,34,0.05,0.10,1,0.04,0.67,0
66,5758,13,1,1419.47,9,26,0.00,0.12,1,0.05,0.31,0
78,5152,9,4,1405.29,6,51,0.02,0.10,1,0.04,0.20,0
80,6300,9,1,1195.31,0,37,0.14,0.11,1,0.08,0.04,0
88,4219,19,3,1342.57,-2,22,0.13,0.18,1,0.02,-0.63,0
44,4923,18,4,1507.22,7,35,0.17,0.16,1,0.03,0.44,0
45,5856,16,1,1476.58,-1,35,0.07,0.16,1,0.09,-0.05,0
20,3939,17,4,1476.36,6,34,0.08,0.12,1,0.08,-0.13,0
71,4392,19,3,1679.65,4,43,0.13,0.12,1,0.05,-0.36,0
51,5597,19,2,1144.53,7,26,0.01,0.02,1,0.07,-1.03,0
81,4792,15,2,1282.46,6,50,0.05,0.09,1,0.09,0.17,0
50,4258,12,0,1422.13,4,36,0.19,0.14,1,0.02,0.27,0
50,5006,9,4,1545.76,6,19,0.04,0.17,1,0.02,0.58,0
51,4499,16,2,1595.94,5,21,0.08,0.05,1,0.01,-0.46,0
64,6121,11,2,1334.05,7,22,0.18,0.08,1,0.04,0.05,0
53,3128,12,0,1682.29,3,25,0.09,0.17,1,0.01,0.44,0
55,5329,18,3,1715.59,11,35,0.16,0.04,1,0.08,-1.04,0
35,4600,20,2,1446.45,2,28,0.12,0.11,1,0.04,-0.28,0
31,4620,15,3,1410.72,7,38,0.06,0.13,1,0.07,0.75,0
43,5199,9,3,1776.76,1,28,0.15,0.19,1,0.04,0.48,0
77,4806,18,2,1286.45,3,38,0.18,0.09,1,0.04,-0.07,0
29,5337,18,1,1414.25,1,26,0.03,0.08,1,0.07,0.00,0
52,3545,15,4,1166.16,3,33,0.17,0.16,1,0.07,0.55,0
49,5127,19,0,1690.95,9,35,0.09,0.12,1,0.07,0.32,0
0,6579,18,3,1687.49,10,39,0.10,0.14,1,0.04,0.67,0
101,6363,11,4,1285.36,9,39,0.04,0.04,1,0.00,-0.22,0
62,3527,19,1,1399.45,5,38,0.20,0.18,1,0.09,0.40,0
70,6247,17,1,1329.49,5,30,0.14,0.01,1,0.05,0.51,0
39,4007,17,4,1197.44,-4,28,0.07,0.20,1,0.06,0.55,0
50,1635,8,4,1348.05,4,31,0.15,0.10,1,0.05,0.10,0
63,4038,14,0,1586.81,5,19,0.05,0.06,1,0.02,-0.56,0
54,6029,11,3,910.11,6,37,0.13,0.02,1,0.09,-0.46,0
28,5372,8,1,1368.41,6,26,0.02,0.13,1,0.07,0.32,0
54,4369,11,3,1672.44,8,21,0.05,0.04,1,0.06,-0.42,0
80,4466,17,4,1371.13,2,37,0.10,0.01,1,0.07,-0.21,0
73,2669,9,1,1269.75,3,22,0.02,0.14,1,0.02,-0.62,0
43,3964,14,0,1545.06,7,33,0.04,0.05,1,0.07,-0.47,0
61,5318,12,0,1106.54,9,27,0.09,0.11,1,0.03,0.33,0
58,5887,10,0,1137.12,7,29,0.13,0.02,1,0.02,-0.85,0
91,3387,15,1,1279.94,5,30,0.08,0.03,1,0.07,-0.26,0
68,5106,16,2,1384.59,5,38,0.03,0.03,1,0.08,0.27,0
52,3683,14,2,1352.53,3,31,0.10,0.16,1,0.08,-0.91,0
44,3815,20,4,1418.37,4,37,0.13,0.11,1,0.02,1.35,0
42,4027,10,3,1444.61,2,41,0.14,0.03,1,0.05,0.32,0
28,4613,18,0,1458.31,7,38,0.02,0.19,1,0.01,0.82,0
75,4412,12,4,1351.51,10,50,0.14,0.01,1,0.07,1.37,0
34,5360,11,0,1773.05,4,36,0.19,0.09,1,0.02,0.40,0
64,3876,12,4,1445.01,5,37,0.06,0.17,1,0.03,-0.49,0
31,5824,16,1,1299.07,7,29,0.13,0.15,1,0.00,0.23,0
58,5335,11,0,1531.86,7,26,0.18,0.15,1,0.03,0.10,0
62,2728,18,0,1167.16,11,37,0.14,0.14,1,0.00,-0.59,0
54,5716,11,1,1319.34,7,13,0.00,0.04,1,0.01,0.50,0
50,5686,9,0,1618.25,6,34,0.12,0.01,1,0.02,-0.43,0
54,4842,10,3,1439.15,8,45,0.01,0.02,1,0.07,-0.29,0
89,4934,13,4,1517.43,5,38,0.05,0.04,1,0.09,-0.37,0
66,4661,12,4,1203.76,3,12,0.13,0.00,1,0.01,0.50,0
56,4118,16,2,1380.41,6,45,0.06,0.08,1,0.05,0.20,0
68,3968,18,0,1329.42,2,18,0.13,0.12,1,0.02,0.78,0
59,6207,16,0,1477.50,4,50,0.18,0.06,1,0.02,-0.99,0
28,4666,15,4,1339.14,2,42,0.02,0.07,1,0.06,0.87,0
70,4457,10,1,1401.44,1,21,0.00,0.11,1,0.10,0.48,0
33,3155,15,3,2007.68,0,10,0.07,0.17,1,0.02,-0.69,0
85,4115,14,4,1623.68,1,24,0.10,0.08,1,0.01,-0.46,0
57,5090,18,4,1386.34,4,29,0.10,0.03,1,0.10,-0.53,0
54,3338,12,4,1135.41,-1,49,0.06,0.06,1,0.01,-0.15,0
73,6806,13,3,1507.00,11,41,0.13,0.13,1,0.03,-1.55,0
58,4887,10,0,1355.56,4,23,0.17,0.17,1,0.07,0.55,0
85,6032,11,4,1367.66,6,-4,0.06,0.17,1,0.02,-0.22,0
84,4348,11,2,1453.20,2,30,0.09,0.15,1,0.08,0.07,0
60,3910,11,2,1337.26,6,42,0.05,0.11,1,0.02,0.78,0
65,3880,13,1,1180.72,3,24,0.14,0.01,1,0.10,-0.76,0
61,5968,13,2,1345.01,3,49,0.20,0.09,1,0.05,-0.05,0
114,6502,10,1,1251.08,7,31,0.04,0.16,1,0.09,-0.88,0
56,6138,10,3,1699.46,5,32,0.03,0.02,1,0.04,-0.05,0
58,6288,11,0,1268.11,7,27,0.10,0.08,1,0.02,0.31,0
37,4476,14,2,1773.09,6,22,0.19,0.01,1,0.01,-0.38,0
92,5475,18,0,1314.03,1,32,0.14,0.15,1,0.00,-0.76,0
40,4808,9,1,1867.06,4,27,0.04,0.05,1,0.02,-0.17,0
93,3880,15,2,1524.00,6,42,0.19,0.07,1,0.08,-0.23,0
51,5898,14,1,1379.89,4,32,0.07,0.09,1,0.03,0.02,0
54,4714,10,0,1610.03,10,24,0.17,0.14,1,0.08,0.82,0
71,3443,19,4,1516.36,8,37,0.03,0.05,1,0.08,0.02,0
50,6390,12,2,1468.54,10,35,0.06,0.01,1,0.09,0.46,0
27,5712,17,0,1640.68,2,36,0.11,0.00,1,0.08,0.29,0
64,5043,14,3,1168.43,8,32,0.04,0.05,1,0.04,0.43,0
43,6690,19,0,1171.75,7,46,0.15,0.12,1,0.10,0.68,0
100,5445,17,4,1392.68,-1,30,0.07,0.09,1,0.03,-0.68,0
51,5123,18,2,1833.89,3,17,0.08,0.03,1,0.08,-0.58,0
38,3319,17,2,1419.30,1,29,0.07,0.04,1,0.01,0.15,0
77,5757,13,1,1512.71,8,37,0.01,0.11,1,0.05,0.57,0
50,5226,9,4,1273.13,3,31,0.00,0.08,1,0.01,-0.40,0
50,4899,8,0,1312.20,2,34,0.04,0.01,1,0.07,0.29,0
88,4435,11,1,1336.91,5,40,0.07,0.19,1,0.06,-0.04,0
55,4658,9,3,1436.02,1,36,0.09,0.16,1,0.09,-0.02,0
55,5348,12,4,1219.18,0,41,0.09,0.10,1,0.10,-0.23,0
60,4286,8,2,1507.97,2,35,0.07,0.07,1,0.06,-0.19,0
48,4144,13,1,1513.86,-2,43,0.13,0.06,1,0.01,0.99,0
72,5438,17,1,1432.01,-3,51,0.01,0.14,1,0.01,0.22,0
86,4875,15,1,1704.82,2,25,0.08,0.15,1,0.09,-0.80,0
40,6286,13,0,1365.08,4,24,0.09,0.08,1,0.08,-0.01,0
67,3769,9,0,1485.31,9,43,0.19,0.20,1,0.04,-0.03,0
53,4788,8,2,1515.50,-3,37,0.00,0.10,1,0.08,1.30,0
47,3809,18,1,1701.09,3,40,0.07,0.07,1,0.09,-0.01,0
86,2091,16,0,1465.83,4,20,0.13,0.11,1,0.03,-0.30,0
27,5084,14,1,1220.92,3,22,0.18,0.19,1,0.07,-0.71,0
105,4881,12,0,1730.39,2,43,0.14,0.14,1,0.02,-0.05,0
47,6091,20,1,1208.42,5,50,0.08,0.10,1,0.09,0.36,0
64,4752,17,1,1337.83,9,31,0.00,0.14,1,0.01,0.54,0
49,5469,18,3,1654.80,7,41,0.16,0.12,1,0.03,-0.17,0
47,4624,15,1,1810.78,10,16,0.13,0.08,1,0.03,-0.64,0
85,4589,13,2,1454.52,3,33,0.03,0.19,1,0.09,-0.95,0
49,3922,20,1,1711.66,0,39,0.03,0.02,1,0.05,-0.54,0
41,5134,12,4,1212.39,6,40,0.10,0.04,1,0.01,-0.31,0
22,4201,12,1,1247.45,4,15,0.11,0.02,1,0.10,-1.14,0
45,4373,8,3,1271.67,4,32,0.15,0.10,1,0.03,-0.13,0
56,5075,18,3,1499.59,5,60,0.14,0.10,1,0.02,0.21,0
73,5057,14,3,1541.98,7,41,0.18,0.19,1,0.09,-0.03,0
31,7104,8,3,1493.40,10,9,0.13,0.13,1,0.02,-0.35,0
50,5815,14,1,1088.13,6,35,0.19,0.05,1,0.05,0.49,0
28,5008,15,4,1066.46,-1,9,0.00,0.06,1,0.03,0.14,0
40,4713,15,1,1374.10,7,29,0.13,0.05,1,0.04,0.37,0
62,6858,17,2,1339.37,2,24,0.05,0.12,1,0.08,-0.62,0
48,6220,12,2,1107.76,10,35,0.15,0.04,1,0.05,0.37,0
60,6137,14,0,1370.49,6,14,0.03,0.06,1,0.02,-0.48,0
63,5278,10,3,1444.64,4,25,0.18,0.04,1,0.08,-0.16,0
55,4959,19,0,1339.97,7,20,0.08,0.18,1,0.04,1.22,0
65,5534,20,3,1632.78,5,24,0.08,0.12,1,0.09,-0.52,0
47,4835,13,3,1547.13,2,13,0.11,0.02,1,0.09,0.18,0
69,4787,14,1,1299.29,7,18,0.10,0.13,1,0.06,0.59,0
46,5123,14,3,1476.02,5,19,0.09,0.03,1,0.05,-0.06,0
21,5727,20,2,1357.63,8,29,0.04,0.02,1,0.03,0.80,0
58,4388,17,4,1339.87,5,49,0.08,0.17,1,0.03,-0.35,0
65,4705,19,1,1755.14,5,43,0.09,0.07,1,0.04,-0.28,0
31,4965,17,3,1774.17,12,37,0.15,0.05,1,0.03,-0.49,0
54,6568,18,4,1470.13,8,23,0.11,0.04,1,0.05,1.28,0
38,4674,13,4,1764.15,4,14,0.13,0.19,1,0.08,0.16,0
57,4922,15,0,1606.59,7,38,0.14,0.07,1,0.02,0.13,0
22,5442,17,3,983.35,4,35,0.01,0.18,1,0.06,0.08,0
51,6212,15,0,1655.49,2,26,0.09,0.13,1,0.08,0.09,0
103,4242,19,4,1658.65,5,27,0.12,0.04,1,0.08,-0.41,0
76,6056,16,0,1168.31,1,22,0.14,0.07,1,0.02,0.00,0
44,4429,9,0,1763.22,2,7,0.02,0.05,1,0.01,-0.30,0
53,5279,9,1,1566.52,1,7,0.12,0.10,1,0.03,-0.49,0
98,5666,13,2,1519.28,4,31,0.03,0.09,1,0.06,-0.77,0
45,4906,8,2,1100.56,4,29,0.17,0.02,1,0.03,0.38,0
53,3788,18,3,1041.40,3,36,0.19,0.04,1,0.07,-0.61,0
60,6702,9,2,1364.81,6,38,0.14,0.20,1,0.07,-0.29,0
94,4302,15,0,1636.92,7,38,0.19,0.04,1,0.05,0.23,0
38,5803,8,4,1665.73,2,22,0.10,0.15,1,0.04,-0.18,0
54,5972,10,0,1439.24,5,35,0.19,0.02,1,0.03,0.27,0
67,6506,15,0,1544.33,3,27,0.13,0.08,1,0.05,0.00,0
65,3550,12,3,1246.81,3,23,0.16,0.18,1,0.02,-0.69,0
103,5669,11,1,1174.13,4,5,0.16,0.15,1,0.01,-0.15,0
83,5113,20,1,1949.21,10,25,0.17,0.19,1,0.10,-0.73,0
81,4528,10,2,1969.25,9,44,0.18,0.14,1,0.04,-0.20,0
57,5449,11,2,1158.09,5,37,0.18,0.16,1,0.02,0.64,0
71,6158,12,3,1214.48,12,16,0.04,0.12,1,0.02,0.47,0
28,6265,13,1,1387.61,-2,47,0.07,0.19,1,0.09,-0.54,0
94,2656,20,0,1340.82,-2,30,0.13,0.08,1,0.09,0.04,0
51,5611,11,4,1644.61,4,41,0.20,0.18,1,0.02,-0.72,0
19,5641,17,1,1269.80,7,38,0.12,0.16,1,0.07,-0.39,0
66,3497,14,0,1186.63,2,42,0.04,0.18,1,0.05,-0.70,0
83,4261,16,4,1482.91,4,15,0.00,0.14,1,0.08,-0.35,0
85,2980,10,2,1884.10,4,28,0.15,0.12,1,0.09,0.36,0
27,4081,19,3,1410.02,8,35,0.14,0.10,1,0.00,-0.58,0
79,5443,12,1,1348.77,7,27,0.00,0.17,1,0.09,0.36,0
36,5692,19,4,1516.41,12,22,0.11,0.06,1,0.02,-0.22,0
87,4528,10,2,1231.41,6,26,0.19,0.05,1,0.07,0.22,0
40,3845,18,0,1455.39,3,26,0.08,0.03,1,0.03,-0.06,0
71,6237,20,3,1220.96,6,32,0.18,0.09,1,0.00,-0.29,0
54,5990,18,3,1820.58,4,47,0.17,0.01,1,0.03,0.36,0
60,5223,17,0,1419.09,1,35,0.03,0.16,1,0.04,0.96,0
77,4463,17,1,1596.01,6,33,0.02,0.13,1,0.05,0.70,0
63,4884,13,3,1755.54,2,21,0.08,0.02,1,0.02,-0.01,0
69,2994,15,2,1806.07,6,43,0.12,0.09,1,0.02,-0.36,0
78,3502,20,0,1627.93,6,44,0.05,0.11,1,0.08,-0.65,0
87,3629,19,2,1496.84,11,39,0.06,0.20,1,0.08,-0.29,0
54,5147,10,0,1497.43,4,32,0.10,0.02,1,0.07,0.92,0
69,4734,11,4,1534.75,11,15,0.06,0.01,1,0.07,0.88,0
76,6176,16,1,1307.89,3,44,0.19,0.09,1,0.08,-0.27,0
23,4731,20,3,1311.82,2,16,0.19,0.12,1,0.01,-0.01,0
78,5905,14,4,1832.57,3,24,0.10,0.05,1,0.09,-0.01,0
93,3738,20,3,819.90,6,24,0.08,0.00,1,0.06,0.08,0
39,4795,16,0,1818.10,8,44,0.02,0.02,1,0.00,-0.09,0
97,5319,9,4,1550.34,11,46,0.05,0.07,1,0.09,0.22,0
69,3122,12,1,1658.64,-2,33,0.10,0.17,1,0.05,-0.09,0
41,6248,10,3,979.59,5,16,0.17,0.05,1,0.06,-0.03,0
53,3840,14,3,1622.25,5,20,0.19,0.16,1,0.08,-0.42,0
52,4672,10,0,1591.31,3,38,0.05,0.08,1,0.10,-0.45,0
47,3644,20,0,1434.85,2,45,0.16,0.11,1,0.00,-0.47,0
49,5149,10,3,1239.84,7,24,0.12,0.18,1,0.03,0.47,0
75,5670,18,2,1379.72,4,33,0.02,0.06,1,0.05,0.98,0
69,5773,14,0,1825.48,5,37,0.02,0.19,1,0.01,-0.03,0
74,4937,11,0,1513.62,13,31,0.03,0.19,1,0.07,-0.13,0
40,5766,16,2,1434.00,3,23,0.04,0.15,1,0.08,0.76,0
56,5683,16,1,1173.68,3,22,0.09,0.08,1,0.07,0.61,0
65,5604,20,2,1332.11,6,43,0.06,0.08,1,0.09,-0.09,0
69,5963,11,2,1375.88,3,23,0.03,0.04,1,0.06,0.04,0
79,7148,11,1,1404.02,4,37,0.13,0.01,1,0.10,0.12,0
66,4353,17,0,1743.60,3,41,0.07,0.05,1,0.09,-0.32,0
25,5399,17,2,1233.56,7,40,0.14,0.05,1,0.06,0.15,0
83,5429,13,2,1246.87,5,33,0.18,0.05,1,0.01,-0.14,0
63,4435,11,3,1735.70,2,33,0.01,0.04,1,0.01,0.08,0
66,5389,13,4,1538.16,6,45,0.04,0.03,1,0.09,0.24,0
27,4988,14,4,1495.73,7,28,0.15,0.01,1,0.02,-1.08,0
106,4170,20,0,1758.70,7,25,0.09,0.04,1,0.07,0.21,0
45,4021,12,0,1355.10,5,21,0.20,0.12,1,0.03,-0.01,0
44,5118,19,1,1182.98,1,31,0.11,0.09,1,0.09,-0.14,0
60,4475,19,0,1552.67,3,36,0.07,0.10,1,0.09,-0.50,0
60,4443,12,4,1299.37,0,37,0.01,0.01,1,0.03,0.16,0
45,4124,9,3,1375.26,4,23,0.19,0.15,1,0.08,-0.38,0
29,4406,14,4,1735.25,9,43,0.06,0.06,1,0.10,-1.10,0
59,4934,11,1,1659.58,-1,40,0.14,0.07,1,0.01,0.44,0
42,4318,13,1,1391.27,4,21,0.19,0.02,1,0.02,-0.33,0
64,5433,9,1,1325.77,3,45,0.05,0.06,1,0.06,-0.16,0
69,3530,17,4,1590.56,4,20,0.01,0.12,1,0.08,-0.59,0
35,4292,20,0,1526.98,10,20,0.14,0.10,1,0.05,-0.35,0
60,4203,19,1,1494.76,3,40,0.15,0.19,1,0.10,0.08,0
75,4096,12,4,1314.97,8,33,0.13,0.06,1,0.05,0.52,0
31,4518,16,0,1358.74,5,44,0.00,0.13,1,0.07,-0.96,0
40,5454,12,1,1522.67,4,45,0.11,0.08,1,0.08,-0.25,0
24,6386,9,2,1367.99,8,37,0.03,0.11,1,0.08,0.11,0
63,6615,9,0,1351.66,8,48,0.13,0.19,1,0.03,-0.97,0
28,6005,10,3,1417.33,5,27,0.16,0.01,1,0.06,-0.09,0
44,4196,8,4,1569.52,6,40,0.13,0.19,1,0.03,0.10,0
93,5829,18,1,947.91,5,42,0.13,0.01,1,0.05,-0.05,0
53,2972,17,2,1629.95,8,23,0.13,0.09,1,0.05,0.05,0
73,4816,8,0,1566.56,3,19,0.08,0.10,1,0.05,0.38,0
55,5869,20,1,1760.94,4,4,0.13,0.19,1,0.01,-0.44,0
33,4787,10,1,1465.27,1,22,0.08,0.01,1,0.04,0.23,0
66,6481,11,3,1253.73,4,17,0.08,0.16,1,0.05,0.32,0
39,4090,13,1,1502.31,9,37,0.20,0.05,1,0.02,0.21,0
49,4957,13,3,1524.39,3,36,0.13,0.13,1,0.06,-0.13,0
96,5323,19,2,1699.59,7,37,0.05,0.20,1,0.10,0.36,0
80,3878,16,0,883.41,5,41,0.03,0.14,1,0.10,-0.68,0
67,5313,13,0,1479.61,-1,20,0.14,0.11,1,0.01,0.49,0
58,5743,12,2,1940.65,5,20,0.11,0.09,1,0.04,-0.32,0
84,6095,17,3,1146.46,0,22,0.14,0.00,1,0.03,0.67,0
83,4180,10,0,1727.06,8,41,0.08,0.07,1,0.06,0.83,0
50,6038,16,2,1686.48,7,25,0.11,0.04,1,0.06,-0.28,0
79,4329,12,4,1799.46,9,37,0.03,0.16,1,0.07,0.47,0
45,5738,8,3,1496.32,4,52,0.08,0.13,1,0.04,0.02,0
84,3570,10,1,1364.52,2,48,0.18,0.01,1,0.02,-0.60,0
60,3600,12,1,1257.69,7,39,0.18,0.19,1,0.08,0.12,0
56,5291,14,2,1704.65,7,32,0.19,0.07,1,0.03,0.30,0
16,5818,13,2,1621.23,8,22,0.10,0.07,1,0.00,0.62,0
39,5170,9,0,1443.87,7,12,0.17,0.07,1,0.03,0.50,0
53,5994,18,1,1627.86,4,18,0.00,0.07,1,0.04,-0.20,0
54,4929,18,4,1411.21,6,20,0.09,0.03,1,0.05,-0.09,0
68,6668,18,3,1702.36,1,20,0.17,0.10,1,0.02,0.13,0
70,4740,14,1,1745.62,2,37,0.11,0.07,1,0.03,-0.20,0
38,5288,20,1,1633.05,7,10,0.19,0.12,1,0.07,0.66,0
86,3812,13,0,1604.12,2,50,0.05,0.12,1,0.04,0.12,0
28,5740,9,0,1891.20,2,37,0.15,0.19,1,0.02,0.03,0
51,4796,17,1,1366.08,7,18,0.07,0.16,1,0.04,-0.10,0
61,7461,12,2,1276.94,7,27,0.17,0.03,1,0.07,0.05,0
34,4928,10,3,1287.75,4,24,0.00,0.17,1,0.06,0.25,0
59,5986,13,1,1704.93,2,44,0.03,0.10,1,0.02,-0.36,0
64,4319,17,0,1587.73,0,31,0.13,0.04,1,0.05,0.20,0
50,2771,13,3,1296.19,5,31,0.18,0.11,1,0.01,0.45,0
103,6488,11,1,945.75,0,16,0.12,0.05,1,0.04,0.36,0
37,4075,19,3,1445.37,7,37,0.18,0.18,1,0.01,0.04,0
83,5504,17,0,1380.44,5,30,0.08,0.08,1,0.04,0.23,0
45,3852,19,3,1490.27,5,30,0.02,0.03,1,0.04,-0.34,0
57,5417,15,0,1440.63,5,33,0.02,0.00,1,0.05,-0.13,0
70,4307,18,2,1345.83,3,25,0.14,0.03,1,0.05,-0.42,0
75,4464,14,1,1542.83,1,29,0.09,0.17,1,0.06,-0.46,0
69,5139,11,4,1501.47,11,14,0.20,0.14,1,0.03,0.72,0
47,4292,10,1,1873.47,8,9,0.11,0.05,1,0.00,0.16,0
23,5819,20,3,1372.57,5,31,0.16,0.08,1,0.09,0.29,0
114,4395,16,0,1356.12,7,15,0.07,0.00,1,0.10,-0.14,0
87,4602,8,1,1505.97,6,35,0.03,0.10,1,0.06,0.14,0
81,5278,11,3,1330.48,3,31,0.12,0.12,1,0.02,1.40,0
50,6894,11,2,1518.17,8,32,0.12,0.08,1,0.08,0.83,0
99,4652,18,0,1635.09,7,44,0.10,0.19,1,0.08,0.03,0
68,4623,11,2,1401.55,3,42,0.15,0.07,1,0.07,0.03,0
40,5209,19,2,1570.87,8,28,0.13,0.02,1,0.09,0.99,0
92,5506,8,1,1353.58,12,22,0.10,0.18,1,0.10,0.59,0
57,5264,13,2,1336.41,0,20,0.12,0.15,1,0.07,-0.74,0
109,6038,20,3,1589.41,1,61,0.17,0.11,1,0.05,0.01,0
61,5099,13,0,1684.62,5,32,0.04,0.16,1,0.06,-0.12,0
58,3613,20,4,1405.62,10,38,0.09,0.07,1,0.08,0.61,0
81,4344,17,0,1064.88,8,37,0.02,0.19,1,0.10,-0.46,0
69,4911,16,2,1720.84,2,25,0.06,0.12,1,0.02,-0.55,0
83,5154,19,3,1240.33,9,31,0.14,0.17,1,0.08,0.46,0
72,4917,10,1,1445.46,7,35,0.10,0.13,1,0.04,0.33,0
75,8235,10,0,1467.06,1,27,0.10,0.02,1,0.06,-0.12,0
104,6202,11,2,1540.81,7,33,0.13,0.01,1,0.09,-0.51,0
71,5726,14,4,1553.35,8,19,0.18,0.00,1,0.07,-0.75,0
61,5066,14,0,1511.39,3,23,0.08,0.18,1,0.10,-0.14,0
78,4749,15,2,1290.39,5,35,0.16,0.11,1,0.09,-0.82,0
52,5371,8,3,1744.49,6,21,0.13,0.17,1,0.10,-0.49,0
82,4406,17,0,1640.66,9,28,0.19,0.17,1,0.03,-0.30,0
56,3803,9,1,1327.93,4,31,0.19,0.04,1,0.00,0.18,0
1,4297,14,4,1245.51,6,39,0.09,0.18,1,0.02,0.47,0
56,4905,10,1,1337.23,3,28,0.08,0.07,1,0.02,0.84,0
102,4111,12,3,1566.71,5,34,0.12,0.16,1,0.06,-0.25,0
62,5390,17,3,1483.49,5,30,0.03,0.04,1,0.09,0.21,0
64,5777,14,2,1641.07,6,34,0.05,0.15,1,0.05,0.97,0
79,4370,9,4,1530.87,2,34,0.02,0.13,1,0.08,-0.11,0
68,4867,16,4,1556.67,4,55,0.02,0.08,1,0.03,-0.75,0
101,5459,11,1,1493.47,4,37,0.09,0.18,1,0.09,0.16,0
19,3944,16,1,1513.57,6,35,0.02,0.06,1,0.10,0.63,0
48,4723,15,3,1756.65,2,23,0.07,0.02,1,0.06,0.30,0
69,6251,17,1,1338.14,8,35,0.00,0.05,1,0.05,0.28,0
73,5360,16,1,1205.37,4,23,0.14,0.04,1,0.01,0.33,0
43,4021,9,0,1342.26,14,49,0.00,0.20,1,0.06,-0.91,0
62,4541,16,3,1766.92,12,26,0.11,0.12,1,0.03,0.49,0
30,5402,12,3,1717.44,3,29,0.13,0.02,1,0.09,0.42,0
89,5352,16,3,1480.16,0,31,0.06,0.17,1,0.09,0.03,0
43,5759,17,4,1516.51,8,24,0.15,0.15,1,0.09,-0.11,0
75,5538,11,1,1225.72,11,33,0.08,0.02,1,0.03,0.36,0
25,5338,15,4,1533.71,3,20,0.07,0.11,1,0.09,0.59,0
48,4843,14,0,1389.49,5,28,0.17,0.18,1,0.01,-0.04,0
75,4899,19,2,1262.81,7,20,0.10,0.09,1,0.10,-0.18,0
86,5505,15,4,1518.04,8,19,0.11,0.13,1,0.06,0.52,0
60,5032,10,2,1490.47,10,35,0.08,0.08,1,0.07,-0.04,0
70,6175,10,1,1365.77,-2,36,0.04,0.00,1,0.09,-0.51,0
41,4383,9,0,1378.56,-1,20,0.02,0.08,1,0.03,-0.52,0
56,5294,9,0,1865.54,7,29,0.12,0.18,1,0.04,0.22,0
54,4087,8,3,1408.23,8,22,0.05,0.04,1,0.08,-0.44,0
65,3758,17,2,1605.98,6,42,0.17,0.14,1,0.01,-0.20,0
67,4402,9,1,1107.36,6,26,0.08,0.15,1,0.03,-0.24,0
58,6919,16,1,1383.45,0,27,0.10,0.15,1,0.02,-0.34,0
72,3752,18,1,1691.26,5,52,0.13,0.16,1,0.06,-0.01,0
56,4478,18,2,1497.60,8,23,0.07,0.04,1,0.10,-0.11,0
80,5844,13,0,1696.98,4,30,0.12,0.05,1,0.07,-1.02,0
18,6852,17,1,1534.59,4,51,0.18,0.16,1,0.06,0.57,0
52,6556,8,3,1532.25,3,48,0.16,0.10,1,0.05,0.77,0
60,6786,19,2,1281.34,6,33,0.17,0.19,1,0.07,-0.21,0
16,4734,15,1,1332.77,2,21,0.05,0.15,1,0.02,0.35,0
76,6469,13,4,1575.39,2,13,0.09,0.11,1,0.05,0.62,0
38,5487,17,4,1085.05,-2,40,0.16,0.13,1,0.07,-0.04,0
20,4848,8,2,1259.44,8,41,0.02,0.17,1,0.06,-0.23,0
44,4667,20,1,1601.93,2,22,0.10,0.07,1,0.08,0.36,0
51,7312,8,2,1617.07,0,30,0.03,0.10,1,0.01,-0.28,0
41,4845,11,3,1644.29,7,37,0.06,0.10,1,0.01,0.56,0
28,4821,12,2,1344.53,3,6,0.11,0.13,1,0.09,0.35,0
49,4120,10,0,1450.07,-1,34,0.01,0.15,1,0.05,-0.37,0
74,4579,18,2,1593.44,3,38,0.19,0.10,1,0.07,0.42,0
58,6312,14,1,1578.87,8,8,0.01,0.00,1,0.05,-0.67,0
87,4625,15,1,1445.83,12,21,0.03,0.14,1,0.04,-0.18,0
58,5220,13,4,1378.53,3,31,0.03,0.04,1,0.03,0.51,0
25,5931,13,2,1504.80,7,26,0.11,0.17,1,0.09,-0.92,0
62,3264,8,1,1504.42,12,31,0.17,0.16,1,0.02,0.05,0
91,6773,19,3,1497.58,4,27,0.02,0.11,1,0.07,-0.52,0
75,5071,9,3,1400.21,5,42,0.16,0.04,1,0.07,-0.53,0
74,5928,19,0,1722.72,9,28,0.14,0.19,1,0.03,-1.29,0
72,3557,13,2,1435.95,2,24,0.04,0.07,1,0.04,0.09,0
67,7003,9,4,1409.74,6,20,0.14,0.19,1,0.06,-0.21,0
79,7119,15,2,1574.85,10,37,0.16,0.16,1,0.09,0.15,0
61,5162,11,2,1731.83,4,31,0.10,0.07,1,0.01,-0.12,0
42,6157,20,3,1561.07,4,56,0.17,0.01,1,0.04,-0.03,0
70,5483,17,2,1273.53,6,26,0.08,0.01,1,0.05,0.00,0
30,2906,18,0,1698.64,3,44,0.07,0.08,1,0.06,-0.43,0
62,4600,17,4,1438.16,6,52,0.11,0.13,1,0.09,-0.24,0
60,6683,16,4,1220.52,5,21,0.01,0.17,1,0.02,-0.05,0
37,5241,20,4,1481.57,4,20,0.11,0.17,1,0.02,-0.39,0
54,5145,13,3,849.24,3,21,0.10,0.11,1,0.05,0.17,0
53,5048,20,0,1314.02,6,48,0.14,0.02,1,0.06,0.91,0
61,3186,18,4,1306.52,6,34,0.03,0.17,1,0.07,0.04,0
45,5934,16,1,1389.13,7,31,0.02,0.16,1,0.06,-0.32,0
66,5391,16,3,1703.01,3,34,0.15,0.00,1,0.09,-0.04,0
73,5407,17,3,1174.06,1,19,0.12,0.18,1,0.03,-0.39,0
68,4614,20,4,1395.15,4,52,0.10,0.12,1,0.02,0.40,0
102,4727,14,3,1335.59,11,18,0.08,0.00,1,0.07,-0.53,0
52,5991,19,3,1249.44,8,32,0.17,0.06,1,0.03,0.01,0
9,4565,13,4,1663.53,7,41,0.03,0.06,1,0.00,-0.86,0
50,6403,18,4,1609.08,7,21,0.19,0.14,1,0.08,-0.29,0
54,5163,8,0,1377.21,5,22,0.02,0.13,1,0.02,-0.48,0
71,4704,14,4,1363.00,4,38,0.05,0.11,1,0.02,0.08,0
42,5312,9,1,1626.59,10,29,0.13,0.16,1,0.09,-0.08,0
26,4066,20,0,1845.96,3,24,0.10,0.13,1,0.06,0.40,0
77,4342,10,3,1345.31,2,18,0.04,0.00,1,0.05,0.35,0
30,4600,14,0,1720.58,4,37,0.00,0.19,1,0.03,0.21,0
17,4579,15,0,1536.41,7,21,0.20,0.11,1,0.07,-0.04,0
83,2774,14,1,1282.49,4,28,0.10,0.08,1,0.00,-0.24,0
79,4078,10,1,1361.52,5,34,0.15,0.16,1,0.09,-0.27,0
72,4752,18,1,1318.45,4,16,0.11,0.19,1,0.06,0.34,0
56,5711,17,3,1480.36,8,45,0.18,0.02,1,0.03,0.40,0
76,4801,17,4,1406.02,6,39,0.09,0.10,1,0.09,-0.55,0
68,5530,10,2,1201.76,2,25,0.10,0.03,1,0.08,0.09,0
71,2689,15,2,1564.85,8,35,0.18,0.13,1,0.04,-0.02,0
84,6901,14,2,1280.51,0,12,0.05,0.15,1,0.05,0.90,0
56,4392,16,0,1282.79,8,30,0.07,0.11,1,0.08,-0.10,0
54,6118,19,4,1531.32,3,22,0.03,0.14,1,0.08,-1.06,0
65,4376,20,0,1198.67,5,24,0.08,0.12,1,0.04,-0.13,0
81,5875,12,0,1301.26,3,45,0.10,0.00,1,0.06,0.84,0
56,5516,17,4,1252.43,4,29,0.13,0.10,1,0.05,-1.26,0
72,4691,16,2,1393.25,4,35,0.17,0.12,1,0.07,0.10,0
90,6125,15,0,1769.16,0,30,0.17,0.10,1,0.06,-0.27,0
72,4401,19,2,1618.29,6,35,0.14,0.03,1,0.07,0.23,0
56,5948,20,1,1360.00,3,24,0.18,0.14,1,0.07,-0.32,0
49,6171,11,0,1767.30,3,33,0.19,0.10,1,0.04,-0.10,0
60,3174,16,3,1401.18,9,16,0.07,0.02,1,0.10,-0.30,0
39,5205,20,3,1777.20,12,31,0.03,0.01,1,0.04,-0.38,0
43,5273,15,0,1208.09,4,21,0.01,0.10,1,0.02,0.01,0
57,4134,13,2,1604.94,7,36,0.07,0.04,1,0.07,0.69,0
60,5178,9,1,876.98,4,31,0.07,0.15,1,0.09,-1.31,0
54,5407,13,2,1182.33,2,21,0.01,0.07,1,0.07,0.54,0
82,3534,10,4,1385.21,7,34,0.08,0.15,1,0.07,0.34,0
62,4771,11,0,1698.78,0,48,0.11,0.09,1,0.08,-0.32,0
73,5843,18,0,1317.35,4,45,0.05,0.05,1,0.06,-0.56,0
90,5340,20,2,1323.93,11,33,0.20,0.16,1,0.00,0.43,0
75,3190,19,2,1730.28,6,22,0.01,0.11,1,0.07,-0.29,0
81,3431,13,3,1253.99,4,11,0.02,0.08,1,0.02,0.64,0
39,6426,16,3,1306.83,3,45,0.06,0.02,1,0.07,0.29,0
43,4485,20,1,1608.18,0,30,0.02,0.06,1,0.07,-0.01,0
63,4098,18,2,1329.42,4,32,0.09,0.17,1,0.01,-0.25,0
51,4192,16,2,1283.18,0,25,0.19,0.11,1,0.08,-0.12,0
64,7132,17,1,1383.58,2,43,0.14,0.13,1,0.01,0.29,0
53,4879,14,1,1429.66,2,32,0.01,0.19,1,0.08,0.57,0
18,4183,15,4,1606.52,11,31,0.07,0.05,1,0.01,0.68,0
80,5089,12,3,1261.39,1,29,0.04,0.19,1,0.08,0.57,0
43,5492,13,2,1645.00,7,22,0.06,0.12,1,0.02,-0.43,0
66,4316,12,3,1767.22,6,28,0.15,0.14,1,0.08,-0.09,0
71,4799,15,0,1563.02,8,14,0.01,0.07,1,0.05,-0.21,0
81,6361,20,4,1281.88,4,21,0.19,0.06,1,0.03,-0.25,0
69,6004,11,1,1540.82,5,33,0.13,0.13,1,0.01,0.59,0
15,5638,13,3,1291.33,7,20,0.12,0.08,1,0.04,-0.06,0
67,6361,8,3,1480.66,8,17,0.07,0.02,1,0.09,0.52,0
44,5173,16,3,1746.38,4,25,0.15,0.14,1,0.06,-0.27,0
54,5480,10,4,1265.09,5,21,0.16,0.03,1,0.05,0.62,0
41,5019,16,4,1682.65,5,39,0.04,0.13,1,0.09,-0.39,0
73,4706,14,4,1573.50,4,43,0.15,0.02,1,0.10,0.22,0
64,5099,9,1,1597.96,6,34,0.05,0.06,1,0.09,-0.05,0
68,4452,18,4,1064.11,0,32,0.11,0.05,1,0.06,0.43,0
22,6383,18,4,1506.24,7,9,0.04,0.06,1,0.08,1.05,0
80,4877,9,4,1276.56,3,23,0.08,0.13,1,0.10,0.02,0
33,4666,20,3,1563.74,6,25,0.20,0.03,1,0.07,-0.68,0
60,3396,9,2,1376.09,9,27,0.15,0.17,1,0.05,-0.54,0
82,5306,19,2,1651.64,7,27,0.19,0.04,1,0.08,-0.54,0
41,3859,14,0,1923.67,5,42,0.09,0.09,1,0.09,-0.58,0
60,6184,13,2,1463.52,8,33,0.15,0.15,1,0.08,-0.11,0
87,5028,14,4,1199.46,0,31,0.17,0.13,1,0.06,0.50,0
113,5062,20,4,1213.42,2,23,0.17,0.15,1,0.02,0.17,0
79,6220,19,2,1357.46,4,23,0.16,0.15,1,0.09,-0.65,0
39,5966,12,1,1252.69,5,16,0.13,0.17,1,0.02,0.56,0
61,5763,10,2,1533.03,1,44,0.12,0.10,1,0.09,-0.24,0
34,4436,11,4,1435.82,3,18,0.17,0.16,1,0.02,-0.03,0
44,4735,18,0,1311.07,-1,18,0.15,0.15,1,0.05,-0.55,0
63,7141,17,0,1406.15,3,33,0.01,0.07,1,0.02,0.10,0
68,5346,13,4,1548.50,9,35,0.12,0.19,1,0.02,0.32,0
57,5605,9,0,1462.22,2,42,0.04,0.10,1,0.10,-0.07,0
63,5341,20,4,1551.39,3,22,0.02,0.02,1,0.07,0.11,0
58,3857,15,2,1644.93,8,1,0.08,0.17,1,0.03,0.64,0
78,4134,8,1,1350.19,8,29,0.08,0.07,1,0.08,0.03,0
59,5507,8,2,1500.13,10,29,0.10,0.17,1,0.09,-0.09,0
73,5181,11,3,1685.66,7,46,0.19,0.15,1,0.03,-0.10,0
77,5127,12,1,1542.74,3,31,0.06,0.03,1,0.08,-0.31,0
46,4307,20,2,1477.05,7,19,0.19,0.04,1,0.07,-0.45,0
82,4394,12,3,1402.72,9,26,0.07,0.01,1,0.01,0.17,0
86,4778,15,0,1323.60,4,39,0.02,0.11,1,0.01,-0.13,0
39,4914,9,1,1319.00,3,39,0.01,0.02,1,0.02,-0.66,0
66,5924,18,2,1529.23,9,30,0.02,0.05,1,0.01,-0.39,0
54,4773,8,0,1624.43,5,40,0.14,0.17,1,0.09,0.77,0
76,5296,20,2,1256.82,9,18,0.15,0.00,1,0.02,0.42,0
76,4263,20,4,1510.40,10,39,0.14,0.05,1,0.06,-0.46,0
41,5851,14,3,1337.77,5,34,0.15,0.06,1,0.06,-0.04,0
54,5066,15,2,1005.77,8,36,0.10,0.06,1,0.02,-0.33,0
92,6064,13,1,1533.58,1,27,0.04,0.15,1,0.02,0.36,0
51,4735,13,1,1306.21,5,30,0.12,0.07,1,0.07,0.54,0
90,4604,14,3,1742.19,5,20,0.02,0.19,1,0.02,-0.01,0
49,5717,14,1,1244.37,6,39,0.11,0.11,1,0.01,0.55,0
43,4871,10,1,1479.40,4,43,0.10,0.01,1,0.06,-0.40,0
75,4842,19,1,1580.10,3,35,0.01,0.09,1,0.07,0.14,0
56,4155,19,3,1714.36,9,25,0.09,0.04,1,0.06,-0.31,0
114,2824,8,1,1651.01,4,20,0.13,0.04,1,0.04,0.18,0
64,3537,11,0,1109.21,5,41,0.07,0.18,1,0.06,0.52,0
40,5962,9,3,1482.46,6,27,0.13,0.13,1,0.09,-0.45,0
56,3906,14,0,1593.84,6,35,0.17,0.08,1,0.06,0.57,0
58,5056,18,2,1218.74,1,34,0.13,0.06,1,0.10,-0.55,0
63,4363,20,2,1308.51,4,34,0.02,0.04,1,0.10,0.10,0
60,4652,12,2,1608.70,1,29,0.15,0.13,1,0.05,0.33,0
35,4380,15,1,1579.77,3,32,0.19,0.19,1,0.10,0.03,0
79,3960,9,4,1484.18,7,24,0.04,0.01,1,0.02,-0.04,0
41,4775,14,1,1316.98,6,30,0.08,0.19,1,0.04,0.45,0
78,6285,10,1,976.70,3,31,0.14,0.17,1,0.02,0.41,0
58,5113,12,4,1609.70,1,21,0.13,0.18,1,0.02,0.12,0
26,6042,18,3,1426.62,6,24,0.20,0.15,1,0.04,-0.27,0
64,6278,12,1,1612.51,8,24,0.02,0.16,1,0.08,0.00,0
78,5480,12,0,1420.77,7,37,0.08,0.13,1,0.03,-0.64,0
31,5767,17,0,1633.76,-1,32,0.07,0.00,1,0.10,0.26,0
74,4988,20,2,1749.67,7,42,0.11,0.13,1,0.08,-0.53,0
69,3812,20,2,1500.22,3,32,0.04,0.06,1,0.01,-0.35,0
74,4444,15,0,1572.42,8,39,0.14,0.09,1,0.07,-0.46,0
21,4343,14,2,1390.54,8,47,0.15,0.15,1,0.00,-0.74,0
50,6883,10,4,1771.37,6,35,0.11,0.07,1,0.01,0.52,0
59,5574,10,3,1612.47,4,29,0.15,0.19,1,0.10,-0.28,0
72,4898,13,4,1707.83,4,9,0.07,0.18,1,0.05,0.21,0
50,4900,20,1,1528.33,7,26,0.04,0.19,1,0.06,-0.70,0
76,5979,19,1,1659.48,4,38,0.04,0.13,1,0.00,0.33,0
63,7113,12,4,1656.39,1,23,0.03,0.14,1,0.04,0.22,0
53,5687,8,0,1707.73,8,49,0.10,0.14,1,0.00,0.28,0
35,4442,10,3,1302.87,3,36,0.08,0.08,1,0.04,-0.24,0
25,4153,19,2,1497.21,1,21,0.16,0.18,1,0.08,-0.92,0
39,4559,18,2,1438.44,1,12,0.17,0.15,1,0.07,0.42,0
67,6669,14,3,1679.55,6,15,0.07,0.08,1,0.10,0.12,0
71,4973,11,2,1281.88,5,25,0.17,0.12,1,0.09,-0.13,0
105,5161,8,0,1670.36,0,29,0.03,0.11,1,0.03,0.28,0
69,3634,20,3,1362.49,6,22,0.06,0.18,1,0.09,0.37,0
73,3326,16,1,1396.70,2,36,0.04,0.03,1,0.01,0.27,0
28,4770,15,3,1184.11,3,24,0.16,0.11,1,0.08,0.23,0
39,6171,8,2,1452.89,5,33,0.01,0.02,1,0.06,0.63,0
87,3023,20,1,1190.73,7,15,0.04,0.18,1,0.05,-1.37,0
52,5616,20,4,2083.20,2,35,0.16,0.17,1,0.03,0.20,0
14,3085,16,4,1464.79,7,26,0.07,0.17,1,0.02,-0.31,0
47,3816,19,0,1882.56,5,18,0.04,0.16,1,0.09,-0.22,0
15,4892,13,1,1026.44,2,15,0.02,0.00,1,0.03,0.19,0
55,4336,17,1,1595.02,10,25,0.18,0.08,1,0.04,0.37,0
43,4799,9,2,1428.73,4,44,0.15,0.19,1,0.08,0.10,0
79,3622,20,1,1356.88,4,20,0.13,0.16,1,0.04,0.13,0
77,5124,19,4,1318.22,2,18,0.12,0.20,1,0.07,0.05,0
30,3878,13,1,1423.90,8,43,0.06,0.02,1,0.03,-0.47,0
28,4572,9,0,1615.86,6,37,0.14,0.08,1,0.04,0.15,0
78,5876,12,4,1523.74,4,44,0.04,0.07,1,0.09,0.13,0
60,4351,18,0,1272.63,8,21,0.04,0.20,1,0.02,0.08,0
33,6848,19,1,1301.34,6,37,0.13,0.01,1,0.04,0.22,0
58,5535,8,1,1098.23,5,30,0.14,0.19,1,0.09,-0.57,0
73,4113,9,3,1665.03,9,21,0.02,0.01,1,0.09,-0.39,0
69,4710,18,3,1211.77,1,21,0.18,0.11,1,0.05,0.42,0
75,4486,16,4,1627.19,8,48,0.20,0.07,1,0.09,0.21,0
90,4050,18,2,1431.07,5,23,0.12,0.06,1,0.08,0.27,0
72,5670,15,2,1937.93,6,16,0.18,0.11,1,0.07,-0.11,0
14,3668,16,2,1167.55,2,18,0.02,0.18,1,0.04,-0.54,0
78,5162,11,1,1379.70,9,24,0.08,0.20,1,0.06,0.88,0
33,4260,10,2,1261.15,9,25,0.07,0.16,1,0.05,0.55,0
64,5944,8,3,1236.69,3,21,0.06,0.07,1,0.00,0.19,0
58,4751,11,0,1539.33,8,39,0.01,0.07,1,0.08,-0.02,0
62,5028,14,3,1409.78,7,18,0.03,0.12,1,0.03,0.43,0
70,7012,11,1,1517.07,1,34,0.12,0.10,1,0.04,0.58,0
65,4977,19,4,1157.81,-2,51,0.09,0.14,1,0.03,0.00,0
81,4744,12,3,1395.08,0,37,0.03,0.05,1,0.06,0.42,0
47,3301,8,3,1142.98,7,27,0.02,0.11,1,0.08,-0.57,0
32,3852,12,0,1164.71,4,52,0.06,0.14,1,0.10,0.16,0
54,5585,9,1,1306.97,9,32,0.08,0.10,1,0.03,0.92,0
45,5233,10,0,1488.34,1,38,0.09,0.16,1,0.02,0.14,0
62,3783,9,2,1708.93,7,39,0.04,0.04,1,0.01,-0.74,0
61,6678,16,4,1561.26,9,30,0.10,0.04,1,0.10,-0.11,0
54,5587,17,2,1294.49,1,40,0.14,0.08,1,0.07,-0.03,0
29,5189,10,0,1614.13,7,29,0.08,0.13,1,0.08,-0.07,0
52,2854,12,3,1300.14,3,16,0.19,0.07,1,0.08,1.00,0
48,5115,18,2,1612.03,3,32,0.04,0.20,1,0.08,0.06,0
43,6355,12,2,1678.83,10,25,0.07,0.09,1,0.03,0.12,0
55,4785,10,1,1450.13,5,38,0.05,0.17,1,0.03,0.00,0
70,4723,10,4,1372.58,5,35,0.18,0.04,1,0.01,0.23,0
25,5027,10,0,1073.75,3,37,0.16,0.11,1,0.01,0.20,0
42,6391,8,4,1212.24,3,18,0.12,0.15,1,0.01,-0.68,0
71,5113,16,4,1278.83,7,38,0.05,0.14,1,0.08,0.33,0
39,4553,9,2,1511.25,5,27,0.11,0.06,1,0.02,0.63,0
3,3604,14,2,1291.06,6,43,0.12,0.10,1,0.08,0.21,0
50,5237,13,3,1261.51,8,45,0.06,0.16,1,0.05,0.47,0
67,5510,10,3,1415.70,2,29,0.17,0.07,1,0.03,0.49,0
57,5916,18,4,1460.15,7,27,0.10,0.18,1,0.09,0.09,0
58,4796,19,3,1279.24,7,43,0.10,0.15,1,0.10,-0.61,0
67,4356,20,0,1350.71,5,26,0.07,0.18,1,0.07,-0.41,0
62,5370,10,0,1198.88,2,42,0.11,0.08,1,0.01,-0.60,0
64,4721,15,1,1233.86,6,38,0.04,0.12,1,0.05,0.49,0
58,4774,13,1,1443.02,2,25,0.05,0.18,1,0.03,0.41,0
85,5802,19,1,1589.34,6,23,0.14,0.02,1,0.03,0.30,0
85,4045,12,0,1469.63,2,38,0.01,0.06,1,0.07,0.17,0
73,3889,16,0,1372.18,-1,21,0.11,0.19,1,0.09,-0.71,0
64,4340,14,2,1806.62,1,19,0.13,0.03,1,0.09,-0.50,0
70,6031,9,2,1303.16,4,28,0.01,0.16,1,0.09,-0.49,0
8,4971,17,3,1668.41,-1,53,0.19,0.19,1,0.08,0.28,0
49,3951,13,0,1449.38,8,40,0.20,0.17,1,0.07,0.13,0
35,5586,17,0,1497.10,7,24,0.19,0.17,1,0.00,-0.70,0
59,5137,18,1,1538.02,6,27,0.13,0.08,1,0.05,0.30,0
17,6124,16,2,1535.47,1,26,0.20,0.01,1,0.06,0.76,0
50,5086,15,2,992.73,10,39,0.07,0.17,1,0.03,-0.10,0
37,5102,12,4,1483.61,10,30,0.05,0.08,1,0.09,-0.23,0
45,5781,18,2,1453.08,8,39,0.13,0.11,1,0.07,0.03,0
69,4677,10,2,1294.51,1,26,0.15,0.09,1,0.08,0.53,0
67,5982,13,3,1148.80,4,31,0.20,0.15,1,0.03,-0.38,0
70,5629,10,1,1230.91,2,35,0.05,0.11,1,0.02,0.67,0
51,6219,16,3,1668.79,4,23,0.12,0.01,1,0.09,-0.96,0
66,7749,9,1,1590.92,6,39,0.12,0.07,1,0.05,0.15,0
58,4814,14,4,1251.83,2,39,0.01,0.05,1,0.09,-0.23,0
35,5637,20,2,1338.72,0,35,0.16,0.10,1,0.09,0.30,0
42,4538,18,3,1500.54,5,26,0.20,0.09,1,0.09,1.17,0
45,6155,14,3,1410.59,6,23,0.20,0.12,1,0.05,0.20,0
76,4757,10,4,1309.24,4,35,0.12,0.04,1,0.07,0.72,0
47,6256,18,1,1687.35,3,31,0.19,0.20,1,0.03,-0.25,0
46,4906,15,1,1262.85,4,30,0.06,0.07,1,0.03,0.33,0
74,5162,17,0,1697.00,5,15,0.20,0.06,1,0.03,-0.24,0
57,5003,10,2,1712.95,4,11,0.11,0.12,1,0.09,-0.87,0
78,4450,9,3,1225.76,2,43,0.05,0.18,1,0.06,-0.75,0
73,4579,19,3,1582.37,3,46,0.04,0.19,1,0.08,-0.04,0
65,3634,16,1,1155.90,4,37,0.10,0.12,1,0.02,0.75,0
54,5707,19,1,1663.78,12,31,0.10,0.01,1,0.01,0.39,0
43,2576,13,2,1746.72,10,38,0.03,0.01,1,0.02,-0.26,0
42,4019,18,1,1575.37,2,38,0.17,0.19,1,0.07,0.01,0
81,6494,17,4,1468.73,2,19,0.10,0.03,1,0.04,-1.04,0
53,4460,17,4,1377.25,2,28,0.01,0.09,1,0.08,-0.13,0
95,6432,17,2,1631.95,4,43,0.06,0.07,1,0.08,-0.03,0
46,5713,13,3,1567.91,7,34,0.09,0.18,1,0.07,-0.43,0
56,4279,14,1,1371.38,7,30,0.09,0.06,1,0.09,-0.24,0
72,5422,19,0,1454.23,6,42,0.03,0.13,1,0.09,0.05,0
24,5276,20,2,1100.86,10,26,0.13,0.01,1,0.03,-0.68,0
49,5178,13,0,1452.58,4,37,0.01,0.18,1,0.09,0.33,0
44,7753,9,3,1033.41,9,25,0.14,0.02,1,0.01,0.70,0
89,5201,10,3,1797.96,7,18,0.06,0.14,1,0.02,-0.70,0
61,4833,14,4,1703.74,7,30,0.14,0.16,1,0.02,1.03,0
37,4321,18,2,1198.36,1,30,0.11,0.17,1,0.05,0.57,0
48,5254,20,2,1406.03,7,35,0.03,0.13,1,0.09,-0.18,0
39,5592,15,4,1489.75,4,17,0.10,0.18,1,0.06,0.70,0
41,4746,20,3,1430.18,6,28,0.18,0.12,1,0.07,-1.69,0
53,4917,15,3,1614.97,6,20,0.08,0.19,1,0.04,0.14,0
36,3663,20,0,1731.45,4,42,0.10,0.08,1,0.08,-0.44,0
75,5676,10,4,1431.71,2,23,0.15,0.11,1,0.02,-0.26,0
104,4287,11,1,1405.59,3,14,0.17,0.03,1,0.04,0.35,0
55,4019,14,0,1238.13,13,33,0.13,0.12,1,0.08,0.06,0
39,5422,11,0,1149.49,3,39,0.07,0.08,1,0.09,0.15,0
54,6499,10,0,1803.02,0,34,0.19,0.06,1,0.03,-0.92,0
107,2378,11,1,1619.50,1,44,0.11,0.04,1,0.08,-1.26,0
26,5406,18,3,1287.39,9,11,0.06,0.00,1,0.07,0.10,0
79,6300,10,0,1465.54,8,33,0.00,0.11,1,0.09,0.19,0
50,3920,13,0,1586.22,4,23,0.08,0.02,1,0.10,-1.01,0
63,6287,19,1,1171.93,8,29,0.20,0.04,1,0.05,-0.28,0
27,5715,17,1,1600.88,8,30,0.16,0.04,1,0.09,-0.56,0
29,5967,16,3,1240.86,5,33,0.11,0.07,1,0.01,0.31,0
78,5589,15,4,742.04,1,42,0.02,0.04,1,0.00,-0.30,0
31,4121,9,4,1375.57,6,38,0.06,0.00,1,0.01,0.58,0
75,4426,17,3,1595.66,4,14,0.07,0.14,1,0.09,0.55,0
37,3811,9,0,1214.39,7,32,0.13,0.18,1,0.09,0.33,0
41,6743,10,4,1584.77,5,37,0.07,0.15,1,0.10,-0.06,0
87,6120,11,4,1641.38,5,38,0.14,0.04,1,0.03,-0.34,0
40,4803,10,2,1287.95,9,41,0.08,0.05,1,0.04,-0.56,0
68,4891,11,0,1385.70,8,31,0.16,0.18,1,0.05,-0.10,0
52,4275,16,1,1494.41,8,46,0.04,0.09,1,0.05,-0.55,0
65,6637,8,4,1551.43,5,22,0.09,0.13,1,0.00,-0.12,0
39,3378,8,3,1677.00,10,44,0.00,0.02,1,0.04,0.43,0
82,5496,14,4,1460.06,10,44,0.10,0.20,1,0.05,-0.85,0
68,5425,11,3,1490.30,3,38,0.03,0.08,1,0.01,-0.62,0
51,4751,11,1,1607.38,4,45,0.03,0.02,1,0.09,-0.12,0
43,6783,19,2,1786.90,7,23,0.06,0.06,1,0.00,-0.07,0
76,6423,12,0,1771.95,8,53,0.07,0.02,1,0.04,1.21,0
81,3262,11,1,1734.99,5,36,0.01,0.01,1,0.02,0.04,0
36,6673,9,0,984.50,-3,40,0.19,0.14,1,0.10,-0.35,0
54,4204,14,2,1362.94,3,36,0.07,0.13,1,0.01,0.33,0
60,5243,15,0,1488.41,5,24,0.15,0.19,1,0.00,0.69,0
30,5200,14,1,1481.02,8,34,0.05,0.05,1,0.01,-0.03,0
68,4913,8,2,1243.11,6,29,0.00,0.05,1,0.07,-0.05,0
58,4314,18,1,1307.47,8,28,0.01,0.20,1,0.09,0.28,0
101,4583,20,1,1329.62,3,39,0.00,0.16,1,0.01,-0.03,0
105,4648,11,4,1416.20,3,23,0.03,0.13,1,0.05,0.07,0
63,3765,16,3,1189.51,6,38,0.03,0.01,1,0.08,-0.74,0
40,6115,10,3,1352.48,8,24,0.15,0.19,1,0.00,0.32,0
100,4200,11,4,1376.43,8,28,0.18,0.04,1,0.00,0.08,0
52,4576,10,4,1711.79,3,34,0.14,0.14,1,0.02,0.10,0
109,6365,15,0,1318.31,6,15,0.09,0.04,1,0.09,0.53,0
72,5120,9,1,1434.37,5,31,0.08,0.06,1,0.02,-0.09,0
40,3900,18,3,1402.42,6,26,0.11,0.16,1,0.02,-1.10,0
67,5521,14,3,1647.59,6,16,0.02,0.14,1,0.07,0.20,0
92,3244,20,3,1401.73,7,18,0.19,0.09,1,0.06,-0.28,0
27,4691,15,3,1225.93,6,35,0.06,0.05,1,0.01,-0.50,0
69,5302,9,1,1872.87,-1,23,0.16,0.16,1,0.08,-0.26,0
82,4888,17,4,1356.66,4,31,0.05,0.02,1,0.04,-0.53,0
62,3220,11,3,1378.25,2,46,0.02,0.14,1,0.10,-0.42,0
57,8216,15,2,1790.44,8,30,0.12,0.04,1,0.02,-0.22,0
79,3989,12,4,1570.49,7,24,0.18,0.00,1,0.03,0.61,0
40,4524,16,3,1561.06,13,41,0.14,0.06,1,0.03,-0.41,0
46,4607,8,3,1463.87,4,30,0.16,0.14,1,0.08,0.44,0
46,5643,13,0,1418.53,6,31,0.09,0.13,1,0.08,0.21,0
52,4908,14,4,1464.91,6,24,0.18,0.00,1,0.05,-0.37,0
50,4224,15,2,1604.22,11,13,0.13,0.17,1,0.10,0.37,0
64,6209,17,3,1525.76,6,23,0.03,0.15,1,0.04,-0.40,0
22,5656,9,3,1363.58,0,36,0.15,0.13,1,0.03,-1.00,0
85,5104,18,0,1530.85,4,51,0.05,0.03,1,0.09,-0.27,0
65,4645,11,2,1010.57,8,15,0.15,0.01,1,0.08,0.05,0
66,5326,11,2,1158.68,8,40,0.20,0.05,1,0.09,-0.09,0
65,5114,8,2,1362.55,3,34,0.16,0.15,1,0.07,-0.76,0
40,4659,16,0,1309.30,6,26,0.01,0.04,1,0.01,-0.72,0
65,5998,18,1,1161.14,2,33,0.16,0.06,1,0.02,-0.85,0
45,4956,20,4,1299.54,16,36,0.02,0.17,1,0.04,-0.14,0
67,5590,18,0,1515.85,3,18,0.10,0.01,1,0.09,-0.30,0
73,4657,8,4,1515.53,4,30,0.15,0.09,1,0.00,-0.01,0
64,4445,20,1,1454.61,5,17,0.20,0.03,1,0.06,0.15,0
70,5184,11,1,1504.25,3,37,0.19,0.15,1,0.07,0.45,0
66,4841,12,4,1383.29,7,32,0.00,0.17,1,0.03,-0.09,0
67,5697,10,2,1330.59,4,26,0.07,0.12,1,0.05,0.19,0
52,4675,19,4,1524.51,3,31,0.11,0.04,1,0.06,-0.19,0
85,5487,19,3,1329.69,5,43,0.15,0.10,1,0.09,-0.07,0
70,5790,13,1,1295.79,8,41,0.15,0.19,1,0.10,-0.21,0
67,4764,20,2,1248.70,7,33,0.05,0.13,1,0.02,-0.06,0
55,4319,8,4,1398.36,6,24,0.09,0.11,1,0.01,1.18,0
64,5636,16,1,1225.62,6,30,0.13,0.12,1,0.02,-0.02,0
48,5139,17,0,1807.11,8,37,0.11,0.08,1,0.05,-0.20,0
81,6093,17,0,1661.02,-1,31,0.08,0.07,1,0.05,0.12,0
40,6042,19,2,1355.64,5,30,0.02,0.04,1,0.08,-0.18,0
99,6026,16,0,1673.51,6,15,0.12,0.12,1,0.06,0.93,0
36,5464,15,1,1427.78,5,19,0.12,0.12,1,0.04,-0.17,0
106,4551,8,3,1385.28,6,27,0.19,0.15,1,0.02,0.00,0
41,4546,13,2,1472.79,6,24,0.10,0.12,1,0.07,-0.60,0
20,5735,8,3,1380.74,3,43,0.06,0.12,1,0.05,0.07,0
62,3148,8,0,1460.33,6,34,0.15,0.06,1,0.04,-0.10,0
79,5042,8,4,1370.22,2,32,0.01,0.17,1,0.08,-0.45,0
58,3499,15,4,1304.65,10,34,0.18,0.04,1,0.07,-0.02,0
54,6759,15,4,1474.88,5,39,0.05,0.09,1,0.10,-0.35,0
45,6085,8,0,1065.19,12,42,0.05,0.02,1,0.00,-0.64,0
44,3435,12,0,1254.25,5,46,0.04,0.07,1,0.00,0.19,0
69,5551,8,4,1526.99,5,36,0.07,0.12,1,0.10,-1.19,0
57,2434,13,0,1385.05,5,34,0.10,0.04,1,0.00,0.01,0
73,4771,11,2,1233.69,8,31,0.17,0.06,1,0.08,0.44,0
66,4587,8,2,1624.70,10,16,0.05,0.17,1,0.08,0.35,0
84,3591,12,1,1336.01,8,22,0.12,0.13,1,0.04,0.71,0
96,5100,19,3,1522.95,7,27,0.05,0.20,1,0.03,-0.97,0
95,4196,13,2,1417.75,4,50,0.01,0.13,1,0.05,0.57,0
50,5594,12,4,1572.37,8,36,0.02,0.06,1,0.03,0.33,0
60,5747,12,2,1131.56,8,35,0.03,0.14,1,0.05,0.14,0
66,4203,19,1,1599.09,5,33,0.10,0.02,1,0.05,0.01,0
67,3777,12,3,1255.38,5,22,0.14,0.16,1,0.10,-0.03,0
62,3823,19,2,1239.62,6,49,0.14,0.17,1,0.02,-0.40,0
85,5846,17,3,1459.65,2,35,0.09,0.14,1,0.07,-0.18,0
38,4216,18,3,1517.51,9,37,0.01,0.14,1,0.04,-0.29,0
66,5160,11,4,1407.02,5,24,0.07,0.18,1,0.05,-0.24,0
55,5591,12,2,1923.68,5,14,0.04,0.06,1,0.07,-0.57,0
46,4788,9,0,1322.55,5,48,0.12,0.06,1,0.07,-0.43,0
38,5437,12,0,1842.46,7,29,0.15,0.02,1,0.09,0.25,0
88,6430,9,0,1206.68,11,26,0.17,0.19,1,0.05,-0.83,0
28,5439,12,3,1429.40,10,37,0.19,0.18,1,0.08,-0.85,0
41,4193,13,3,1662.43,8,24,0.15,0.00,1,0.05,0.64,0
71,6216,10,3,1584.23,6,44,0.20,0.14,1,0.06,0.15,0
58,4603,17,1,1382.39,9,25,0.10,0.16,1,0.03,0.77,0
61,4076,13,3,1465.08,3,31,0.10,0.03,1,0.04,0.12,0
92,5605,10,1,1506.42,4,25,0.13,0.10,1,0.02,0.59,0
44,5874,19,2,1561.19,2,7,0.12,0.03,1,0.09,-0.83,0
16,4426,15,3,1789.47,4,32,0.18,0.06,1,0.06,-0.33,0
62,5230,20,3,1292.77,4,33,0.19,0.00,1,0.04,0.49,0
54,4235,20,2,1640.10,3,29,0.18,0.20,1,0.03,-0.62,0
58,5144,11,1,1784.39,9,20,0.01,0.16,1,0.01,0.57,0
52,5221,16,2,1486.83,8,48,0.12,0.20,1,0.02,-0.01,0
76,4900,9,0,1215.84,5,33,0.15,0.09,1,0.02,0.63,0
61,4596,16,3,1386.56,1,13,0.03,0.19,1,0.01,-0.22,0
33,3976,10,1,1242.67,4,24,0.03,0.07,1,0.06,0.82,0
51,5222,12,1,1869.91,3,45,0.11,0.10,1,0.07,-0.36,0
41,4730,19,4,1153.86,5,19,0.11,0.06,1,0.05,-0.15,0
72,6222,17,4,1398.87,7,33,0.07,0.17,1,0.07,0.10,0
55,5389,20,1,1378.95,9,15,0.05,0.04,1,0.04,-0.76,0
33,2908,16,2,1532.91,8,28,0.06,0.12,1,0.05,-0.32,0
20,4799,20,3,1548.76,6,39,0.19,0.05,1,0.07,0.47,0
63,4478,13,2,1152.98,4,51,0.01,0.14,1,0.08,0.06,0
53,4653,8,0,1308.73,8,32,0.15,0.11,1,0.03,0.71,0
65,5486,11,2,1129.51,9,12,0.20,0.12,1,0.01,-0.37,0
47,5027,14,0,1557.37,6,18,0.00,0.14,1,0.06,0.15,0
82,5523,11,1,1454.33,7,36,0.19,0.11,1,0.03,0.08,0
87,2936,10,2,1604.69,4,43,0.10,0.15,1,0.09,0.14,0
58,4975,10,0,1536.87,3,21,0.17,0.06,1,0.08,0.33,0
95,4915,11,2,1582.82,3,21,0.13,0.15,1,0.02,-1.13,0
62,5370,18,3,1341.47,10,19,0.09,0.20,1,0.02,0.29,0
81,6888,13,4,1449.42,12,26,0.08,0.15,1,0.10,0.20,0
54,5909,12,1,1189.40,7,13,0.15,0.02,1,0.09,-0.24,0
50,5300,13,1,1879.61,2,4,0.19,0.04,1,0.02,0.85,0
52,5199,18,0,1463.01,8,41,0.17,0.16,1,0.01,-0.02,0
70,4648,12,2,985.57,0,24,0.13,0.05,1,0.09,-0.28,0
-11,6447,19,2,914.66,5,31,0.03,0.01,1,0.05,0.12,0
45,3974,12,2,1614.27,8,30,0.18,0.12,1,0.04,0.83,0
79,5483,11,2,1352.45,5,32,0.02,0.00,1,0.01,0.26,0
91,6486,13,2,1043.17,4,16,0.06,0.14,1,0.06,-0.59,0
94,3115,8,3,1129.88,8,28,0.11,0.05,1,0.06,0.08,0
74,4290,17,3,1647.95,4,35,0.05,0.19,1,0.07,0.71,0
61,5425,14,2,1488.81,5,29,0.13,0.11,1,0.08,0.12,0
66,6007,8,2,1227.94,3,48,0.04,0.14,1,0.04,-0.36,0
84,6333,19,3,1621.99,7,33,0.06,0.17,1,0.07,0.33,0
94,4394,19,0,1279.66,0,27,0.18,0.07,1,0.06,-0.23,0
82,5661,19,1,1342.54,-1,29,0.18,0.07,1,0.08,0.63,0
74,4283,9,2,1377.34,3,45,0.01,0.13,1,0.07,-0.29,0
84,5720,18,1,1632.87,-2,30,0.11,0.20,1,0.10,0.12,0
98,3938,14,0,1627.31,3,17,0.16,0.09,1,0.01,0.45,0
60,5089,16,0,1557.29,7,30,0.09,0.09,1,0.08,-0.08,0
80,5123,10,0,1756.74,6,29,0.05,0.20,1,0.05,-0.41,0
35,5917,20,2,1690.61,2,49,0.12,0.15,1,0.01,-1.38,0
67,6466,15,1,1297.48,6,33,0.16,0.11,1,0.02,-0.34,0
91,4590,8,1,1300.71,3,10,0.20,0.02,1,0.03,-0.23,0
57,2597,17,1,1402.44,4,45,0.14,0.11,1,0.04,0.15,0
58,6077,15,3,1269.38,10,18,0.05,0.05,1,0.00,0.18,0
70,3944,15,3,1205.24,0,24,0.06,0.02,1,0.05,0.20,0
31,5259,16,2,1714.15,2,32,0.20,0.19,1,0.10,1.26,0
53,5528,11,2,1362.01,2,24,0.05,0.13,1,0.01,-0.33,0
85,5288,13,1,1618.52,8,24,0.12,0.15,1,0.03,0.00,0
36,6357,11,0,1505.33,4,25,0.18,0.09,1,0.02,-0.79,0
58,3768,20,1,1510.43,7,28,0.18,0.02,1,0.07,0.34,0
48,6338,9,3,1386.74,4,30,0.14,0.11,1,0.00,0.71,0
45,5021,20,2,1035.60,7,39,0.07,0.02,1,0.03,0.27,0
58,3878,14,2,1139.44,4,18,0.00,0.17,1,0.07,0.10,0
66,4300,19,1,934.40,2,27,0.08,0.07,1,0.08,0.23,0
81,5827,12,3,1507.48,-1,47,0.14,0.14,1,0.05,-0.36,0
76,3570,19,3,1439.81,4,23,0.14,0.19,1,0.05,0.53,0
65,4851,11,3,1244.56,-1,23,0.06,0.15,1,0.02,0.93,0
73,4031,19,3,1297.58,3,41,0.09,0.02,1,0.01,0.76,0
55,6493,19,4,1821.63,9,23,0.07,0.03,1,0.02,0.03,0
63,5638,18,4,1862.50,1,30,0.11,0.00,1,0.08,-0.25,0
52,3186,8,0,1718.58,13,32,0.06,0.02,1,0.02,-0.31,0
32,4849,10,4,1432.86,1,27,0.16,0.11,1,0.02,-0.11,0
45,4950,13,4,1659.27,3,58,0.02,0.06,1,0.03,0.38,0
49,4028,19,1,1159.19,9,38,0.17,0.12,1,0.06,0.92,0
51,3591,17,0,1657.37,8,32,0.17,0.20,1,0.08,0.99,0
46,5191,9,1,1633.84,7,33,0.06,0.15,1,0.02,-0.42,0
37,6031,13,1,1270.59,6,36,0.19,0.05,1,0.08,0.11,0
75,4726,20,3,1408.50,3,41,0.08,0.14,1,0.06,-0.32,0
93,4465,19,4,1227.22,1,18,0.10,0.13,1,0.05,-0.12,0
50,5195,12,4,1472.00,7,27,0.08,0.06,1,0.06,0.11,0
79,3596,9,0,1548.04,4,19,0.04,0.19,1,0.02,-0.64,0
55,5399,10,4,1380.26,4,35,0.06,0.02,1,0.02,0.32,0
75,4427,19,1,1325.21,6,14,0.19,0.06,1,0.04,0.29,0
56,6193,15,3,1393.28,9,27,0.19,0.01,1,0.04,-0.49,0
47,5222,16,1,1570.57,6,21,0.18,0.15,1,0.01,-0.35,0
71,3736,13,3,1786.22,5,27,0.19,0.09,1,0.09,-0.28,0
60,5252,16,3,1339.08,6,38,0.09,0.04,1,0.07,-0.35,0
48,5373,12,2,1178.78,3,35,0.20,0.14,1,0.06,-0.08,0
80,5749,10,0,1464.21,4,34,0.02,0.18,1,0.10,0.70,0
73,4060,16,3,1391.02,-1,5,0.19,0.15,1,0.02,0.16,0
94,5775,10,1,1418.51,8,17,0.08,0.17,1,0.00,0.32,0
81,5094,15,2,1523.57,2,15,0.15,0.10,1,0.07,-0.81,0
112,5145,19,0,1754.90,9,42,0.02,0.07,1,0.04,-0.94,0
61,6262,16,4,1434.41,4,28,0.01,0.09,1,0.07,0.13,0
22,2818,18,2,1609.79,3,27,0.13,0.17,1,0.08,-0.54,0
43,6354,16,4,1465.15,4,44,0.04,0.16,1,0.05,0.54,0
106,6821,19,1,1368.62,-2,29,0.18,0.05,1,0.04,0.04,0
63,4588,20,4,1398.28,7,39,0.14,0.19,1,0.02,-0.47,0
53,5176,11,3,1482.17,8,25,0.20,0.12,1,0.08,-0.69,0
91,2540,16,1,1444.97,9,9,0.04,0.19,1,0.03,-0.13,0
73,5893,20,3,1213.48,5,32,0.01,0.03,1,0.04,0.20,0
46,3994,18,1,1654.72,2,53,0.08,0.03,1,0.02,-0.44,0
64,4303,8,0,1775.90,4,25,0.05,0.08,1,0.02,-0.37,0
86,4154,16,3,1484.33,3,37,0.06,0.15,1,0.07,-0.02,0
65,4839,20,2,1480.89,4,26,0.02,0.05,1,0.08,-0.24,0
71,4770,11,2,1494.97,1,48,0.03,0.13,1,0.06,-0.27,0
44,6024,19,4,1071.99,10,39,0.02,0.04,1,0.10,-0.16,0
53,4549,15,4,1573.78,4,27,0.03,0.03,1,0.05,0.28,0
58,3896,10,2,1369.94,7,46,0.12,0.19,1,0.06,0.20,0
55,5375,19,0,1492.59,5,26,0.12,0.04,1,0.06,-0.17,0
48,4490,10,1,1792.66,8,36,0.02,0.16,1,0.01,0.74,0
97,5448,15,1,1646.03,0,37,0.16,0.09,1,0.09,-0.53,0
35,6050,10,3,1252.94,7,33,0.02,0.11,1,0.01,0.83,0
121,4294,17,2,1187.90,5,37,0.17,0.02,1,0.06,0.28,0
54,5236,12,1,1686.58,4,38,0.01,0.11,1,0.09,1.50,0
73,5659,14,0,1189.12,3,38,0.07,0.11,1,0.04,-0.88,0
49,4722,13,4,1137.02,6,27,0.20,0.04,1,0.07,0.03,0
63,3801,8,1,1532.40,9,38,0.18,0.18,1,0.01,0.04,0
28,4924,10,3,1620.64,2,35,0.05,0.08,1,0.04,0.27,0
34,4967,9,0,1704.55,5,14,0.13,0.16,1,0.03,0.05,0
41,5395,8,1,1517.68,4,42,0.14,0.20,1,0.05,-0.50,0
33,4839,14,2,1344.91,7,42,0.15,0.13,1,0.10,-0.52,0
55,6032,18,3,1684.77,6,47,0.00,0.19,1,0.08,-0.09,0
28,3549,14,1,1551.90,7,22,0.05,0.09,1,0.03,0.13,0
31,4645,16,1,1594.76,6,45,0.03,0.11,1,0.09,-0.46,0
62,3902,16,0,1414.45,8,37,0.06,0.18,1,0.10,-0.03,0
62,3379,10,1,1785.81,10,28,0.06,0.09,1,0.04,0.19,0
76,6324,20,3,1480.80,3,29,0.08,0.20,1,0.03,-0.27,0
108,6935,19,3,1557.92,7,26,0.15,0.10,1,0.01,0.76,0
72,4745,10,4,1106.00,2,45,0.11,0.10,1,0.06,-0.64,0
102,5505,11,1,1285.73,3,39,0.13,0.07,1,0.10,0.17,0
57,5937,18,3,1675.53,4,21,0.03,0.04,1,0.07,-0.73,0
29,5063,16,1,1591.32,4,43,0.19,0.08,1,0.07,-0.60,0
39,4091,15,2,1432.45,6,24,0.13,0.10,1,0.01,-0.74,0
101,3928,20,0,1440.11,5,8,0.03,0.06,1,0.02,0.65,0
64,6392,8,4,1136.91,5,33,0.19,0.02,1,0.08,-0.14,0
16,4075,12,2,1321.05,3,30,0.09,0.15,1,0.03,-0.04,0
48,4321,8,0,1411.46,8,29,0.04,0.11,1,0.06,0.34,0
37,6778,19,4,1563.04,6,31,0.00,0.02,1,0.08,0.25,0
82,5190,12,2,1714.97,6,33,0.19,0.03,1,0.07,-0.44,0
80,4446,18,2,1522.71,13,25,0.08,0.16,1,0.05,0.31,0
52,4919,19,0,1455.86,6,31,0.05,0.00,1,0.07,0.58,0
90,4963,8,1,1458.18,0,38,0.03,0.13,1,0.06,0.66,0
85,5224,12,3,1603.33,7,30,0.08,0.08,1,0.07,0.90,0
17,4972,15,4,2008.69,7,18,0.14,0.13,1,0.10,-0.05,0
27,4581,10,4,1472.12,5,59,0.14,0.19,1,0.08,-0.33,0
46,3985,12,3,1222.72,6,35,0.07,0.11,1,0.04,-0.16,0
56,4366,10,3,1696.42,3,37,0.19,0.16,1,0.04,0.32,0
61,6328,9,4,1237.24,3,27,0.01,0.18,1,0.09,-0.17,0
83,5293,18,2,1485.15,4,58,0.09,0.10,1,0.06,0.07,0
51,6252,13,1,1376.18,8,26,0.04,0.07,1,0.06,0.41,0
89,3890,13,2,1759.87,7,31,0.16,0.07,1,0.08,-0.47,0
67,5355,8,2,1622.50,7,27,0.03,0.06,1,0.02,0.84,0
57,2744,11,3,1665.73,-2,32,0.03,0.08,1,0.01,-0.13,0
109,5623,17,3,1181.41,2,40,0.08,0.15,1,0.09,0.30,0
70,5608,11,2,1296.55,5,24,0.06,0.12,1,0.03,-0.03,0
79,5544,16,2,1505.60,6,18,0.06,0.16,1,0.08,-0.52,0
79,3290,16,1,1459.33,1,25,0.12,0.05,1,0.07,0.11,0
70,5524,8,2,1717.49,6,31,0.17,0.07,1,0.05,-0.31,0
52,5187,12,3,1541.65,10,43,0.14,0.12,1,0.06,-0.44,0
40,6548,20,3,1612.74,2,20,0.15,0.10,1,0.06,-0.74,0
52,5493,18,0,1739.04,0,39,0.20,0.14,1,0.09,0.92,0
44,4588,10,2,1190.45,5,71,0.01,0.05,1,0.08,-0.41,0
12,3633,17,1,1364.45,4,29,0.16,0.01,1,0.03,-0.01,0
22,6520,13,4,1612.72,3,30,0.01,0.01,1,0.08,0.06,0
89,5269,16,4,1414.64,9,31,0.10,0.12,1,0.02,-0.98,0
49,7048,13,0,1362.95,0,34,0.10,0.04,1,0.00,-0.14,0
38,5663,9,1,1075.82,6,17,0.16,0.06,1,0.10,0.44,0
82,5335,20,3,1695.26,3,19,0.07,0.05,1,0.06,0.28,0
34,3937,12,4,1423.68,8,36,0.18,0.02,1,0.08,0.38,0
36,5695,19,4,1612.42,5,26,0.11,0.09,1,0.07,0.44,0
87,5425,9,4,1224.29,3,23,0.08,0.06,1,0.07,-0.32,0
39,6199,16,3,1397.63,4,27,0.08,0.01,1,0.07,-0.14,0
72,4981,9,1,988.72,7,18,0.10,0.09,1,0.03,-0.23,0
50,4122,20,2,1452.41,7,32,0.01,0.15,1,0.07,-0.20,0
86,5838,18,1,1804.54,5,28,0.02,0.14,1,0.04,0.00,0
72,6176,10,1,1330.12,3,23,0.17,0.03,1,0.00,0.25,0
65,4942,19,4,989.80,1,32,0.13,0.03,1,0.04,0.17,0
64,5689,19,2,1464.36,8,13,0.07,0.14,1,0.03,0.54,0
26,5458,19,2,1704.00,7,28,0.19,0.06,1,0.02,-0.82,0
66,3577,10,1,1484.13,9,12,0.01,0.10,1,0.09,0.01,0
65,3243,10,2,1372.36,3,49,0.16,0.12,1,0.06,0.73,0
58,5857,10,4,1372.99,2,15,0.03,0.12,1,0.08,0.25,0
77,3193,9,1,1402.04,7,21,0.18,0.16,1,0.10,0.05,0
70,7407,16,0,1312.16,-2,36,0.12,0.17,1,0.09,0.09,0
17,5266,16,0,1636.79,2,25,0.03,0.13,1,0.07,0.56,0
37,5012,12,2,1910.94,3,31,0.01,0.11,1,0.06,-0.47,0
68,5630,17,0,1358.52,4,29,0.04,0.12,1,0.02,0.41,0
48,5962,14,2,1473.96,8,28,0.07,0.10,1,0.01,0.47,0
51,4471,9,4,1316.29,2,43,0.15,0.05,1,0.09,1.36,0
28,4325,19,1,1215.45,3,28,0.05,0.04,1,0.05,0.47,0
74,5297,18,0,1062.43,7,50,0.18,0.09,1,0.10,-0.62,0
37,5313,15,2,1422.66,5,18,0.09,0.15,1,0.05,-0.03,0
50,4319,20,0,1407.37,2,24,0.01,0.15,1,0.03,-0.02,0
88,2998,9,3,1517.07,6,32,0.06,0.12,1,0.05,-0.27,0
47,4724,13,4,1121.33,7,26,0.07,0.12,1,0.09,0.35,0
48,5779,9,0,1451.17,7,34,0.12,0.02,1,0.00,0.78,0
76,3309,20,3,1679.20,10,18,0.09,0.13,1,0.06,0.37,0
47,5921,15,1,1569.21,7,13,0.18,0.17,1,0.04,0.68,0
45,4095,17,3,1657.31,5,37,0.09,0.06,1,0.08,0.32,0
73,5985,15,2,1088.66,8,36,0.05,0.18,1,0.03,-0.48,0
85,5212,12,1,1148.54,6,35,0.09,0.11,1,0.08,-0.20,0
72,6216,9,0,1562.96,6,26,0.04,0.09,1,0.06,0.03,0
77,4992,19,1,1423.17,5,35,0.19,0.20,1,0.10,0.26,0
30,4461,15,2,1470.64,9,23,0.10,0.11,1,0.09,0.44,0
63,4907,15,0,1612.33,7,16,0.04,0.17,1,0.07,0.29,0
70,3712,11,0,1462.83,1,25,0.09,0.12,1,0.00,-0.14,0
30,4397,18,3,1390.97,3,37,0.01,0.09,1,0.08,0.48,0
49,6545,19,4,1610.47,5,13,0.17,0.01,1,0.09,0.76,0
67,5154,17,0,1629.26,7,20,0.06,0.11,1,0.04,0.34,0
45,6418,15,4,1333.36,5,51,0.16,0.08,1,0.10,1.01,0
66,5679,13,0,1670.57,6,31,0.04,0.13,1,0.01,0.30,0
83,5504,16,3,1226.75,9,38,0.19,0.15,1,0.05,-0.54,0
39,5295,19,2,1175.91,8,29,0.04,0.10,1,0.10,-0.80,0
49,6126,16,4,1231.76,7,30,0.17,0.09,1,0.07,0.26,0
100,4025,10,1,1788.56,4,44,0.16,0.09,1,0.05,0.39,0
94,4208,10,3,1528.28,3,17,0.15,0.18,1,0.09,-0.13,0
49,7494,17,3,1499.57,6,39,0.01,0.11,1,0.01,-0.10,0
82,5616,14,4,1194.83,6,35,0.06,0.01,1,0.04,-0.06,0
50,2778,12,1,1086.68,3,35,0.11,0.02,1,0.07,0.28,0
38,3529,12,4,1405.09,2,23,0.09,0.05,1,0.02,-0.48,0
64,6245,20,2,1618.60,5,37,0.10,0.18,1,0.04,-0.71,0
64,6126,19,2,1258.95,8,19,0.02,0.01,1,0.06,-0.56,0
20,6027,8,4,1480.33,2,29,0.15,0.18,1,0.02,0.09,0
52,4204,13,4,1406.90,6,21,0.16,0.14,1,0.05,0.46,0
77,5339,20,0,1538.13,3,26,0.16,0.11,1,0.09,0.80,0
65,5253,17,4,1450.35,5,30,0.04,0.09,1,0.10,0.18,0
69,4877,16,1,1522.54,7,25,0.12,0.06,1,0.01,0.35,0
43,5429,15,2,1661.02,7,34,0.20,0.17,1,0.08,-0.23,0
42,6821,8,1,1774.84,6,31,0.11,0.04,1,0.02,0.74,0
59,4564,12,1,1455.87,6,33,0.15,0.04,1,0.04,-1.23,0
47,6483,19,1,1784.93,5,8,0.05,0.13,1,0.02,0.89,0
79,4288,19,1,1346.82,5,37,0.19,0.12,1,0.03,0.63,0
37,4582,11,0,1255.13,7,29,0.07,0.06,1,0.04,0.11,0
74,5395,19,4,1606.38,2,25,0.04,0.16,1,0.07,0.72,0
70,4544,20,4,1516.40,9,22,0.01,0.07,1,0.08,0.14,0
30,4812,18,2,1579.93,2,48,0.08,0.18,1,0.10,-0.13,0
77,5396,17,1,1485.87,9,22,0.18,0.01,1,0.06,-0.65,0
32,3450,15,0,1499.75,8,28,0.08,0.07,1,0.01,-0.88,0
23,5404,9,0,1301.31,0,26,0.11,0.17,1,0.08,0.00,0
45,5426,15,0,1264.24,3,32,0.05,0.13,1,0.03,-1.49,0
85,4417,17,4,1997.18,8,18,0.16,0.02,1,0.05,-0.38,0
44,5271,12,1,1753.02,7,22,0.11,0.20,1,0.02,-0.50,0
54,4857,13,2,1413.96,5,21,0.03,0.07,1,0.08,0.32,0
55,4644,19,1,1309.01,6,13,0.02,0.18,1,0.06,0.33,0
51,3503,16,1,1607.57,10,3,0.10,0.14,1,0.07,-0.54,0
78,4696,17,1,1453.73,7,19,0.16,0.07,1,0.07,-0.07,0
38,4027,17,1,1460.65,8,22,0.14,0.00,1,0.07,0.14,0
58,6209,17,1,1101.68,4,34,0.16,0.11,1,0.02,0.46,0
41,2960,20,3,1312.94,2,6,0.13,0.19,1,0.06,-0.09,0
51,5245,11,0,1467.90,7,30,0.01,0.03,1,0.01,0.76,0
64,6113,17,3,1460.64,3,-9,0.11,0.06,1,0.07,0.54,0
18,5031,13,4,1299.59,10,15,0.18,0.04,1,0.00,0.10,0
84,4093,12,2,1469.51,3,30,0.01,0.04,1,0.02,0.26,0
53,4881,16,1,1851.91,6,39,0.11,0.18,1,0.08,0.10,0
46,6969,17,1,1154.84,-1,33,0.14,0.13,1,0.09,-0.88,0
65,6399,9,4,1811.59,4,36,0.00,0.01,1,0.02,1.20,0
57,4409,15,3,1552.82,12,23,0.06,0.19,1,0.01,1.22,0
57,5392,14,4,1358.52,6,26,0.20,0.12,1,0.01,0.86,0
46,4871,17,4,1481.54,6,30,0.04,0.06,1,0.00,-0.15,0
47,3845,11,4,1644.26,6,34,0.01,0.16,1,0.03,-0.63,0
60,6750,15,0,1361.24,3,31,0.16,0.19,1,0.07,-0.10,0
70,5298,13,1,1240.98,5,54,0.13,0.20,1,0.09,-0.73,0
42,4756,11,2,1346.08,2,28,0.11,0.04,1,0.05,0.51,0
67,5447,17,3,1355.75,7,21,0.13,0.01,1,0.06,0.21,0
35,5722,16,1,1736.31,3,20,0.06,0.11,1,0.08,0.23,0
87,3817,12,2,1451.05,7,32,0.05,0.19,1,0.07,0.15,0
95,4176,12,0,1508.29,3,36,0.05,0.19,1,0.00,0.39,0
36,4162,18,4,1783.64,1,29,0.14,0.17,1,0.05,0.69,0
58,6494,20,3,1426.90,6,30,0.02,0.10,1,0.03,-0.53,0
73,4987,17,3,1437.65,5,36,0.10,0.09,1,0.06,0.28,0
63,3492,10,0,1024.30,4,41,0.08,0.00,1,0.03,0.70,0
47,5197,9,4,1423.74,7,22,0.15,0.13,1,0.07,-0.56,0
40,3796,20,1,1583.64,7,44,0.05,0.02,1,0.04,-0.01,0
60,5692,13,1,1562.66,7,23,0.20,0.15,1,0.07,0.14,0
57,4352,20,3,1635.38,-1,26,0.12,0.03,1,0.04,0.32,0
27,5300,19,3,1355.10,2,34,0.02,0.04,1,0.07,-0.23,0
51,5528,8,1,1548.45,5,43,0.05,0.10,1,0.06,-0.40,0
53,2968,8,4,1340.21,4,32,0.04,0.05,1,0.00,0.99,0
71,4864,17,4,1601.37,8,23,0.11,0.17,1,0.00,0.26,0
53,4488,10,4,1530.36,2,22,0.18,0.14,1,0.02,-0.24,0
87,4234,18,2,1345.95,4,22,0.04,0.09,1,0.05,0.01,0
95,5556,8,2,1333.03,5,22,0.19,0.10,1,0.04,0.36,0
74,5942,12,3,1415.31,7,25,0.17,0.05,1,0.03,0.60,0
39,5659,10,4,1535.77,6,30,0.02,0.08,1,0.02,-0.40,0
85,5721,19,0,1223.78,10,36,0.15,0.20,1,0.03,0.40,0
79,5388,10,0,1359.48,9,24,0.20,0.16,1,0.09,0.06,0
41,5580,12,4,1141.98,3,10,0.13,0.10,1,0.07,0.78,0
53,5399,9,1,1267.00,6,36,0.07,0.13,1,0.10,0.05,0
73,6000,13,0,1540.83,3,13,0.10,0.01,1,0.03,-0.58,0
56,4826,9,1,1326.69,7,46,0.05,0.18,1,0.09,0.10,0
36,5966,13,0,1683.43,0,27,0.10,0.09,1,0.08,-0.04,0
42,4290,14,3,1301.31,12,19,0.07,0.19,1,0.02,-0.75,0
71,5876,15,2,1266.30,10,14,0.01,0.17,1,0.09,0.18,0
69,4470,20,4,1379.32,1,45,0.17,0.02,1,0.06,-0.22,0
75,5680,20,1,1206.88,3,18,0.18,0.04,1,0.06,0.54,0
33,5318,20,3,1295.84,4,17,0.14,0.17,1,0.01,0.28,0
25,2992,12,3,1263.77,0,16,0.03,0.06,1,0.02,0.17,0
58,4752,11,0,1307.12,9,26,0.18,0.15,1,0.01,0.07,0
72,3794,8,0,1288.29,-4,24,0.06,0.07,1,0.00,-0.68,0
62,4783,16,0,1373.27,7,45,0.15,0.17,1,0.00,-0.34,0
70,3891,20,0,1460.19,3,14,0.05,0.00,1,0.02,-0.64,0
25,4796,20,1,1127.72,3,19,0.10,0.07,1,0.06,-0.61,0
96,4208,10,3,1583.11,3,33,0.17,0.13,1,0.05,-0.15,0
33,6362,9,4,1401.29,5,33,0.13,0.18,1,0.01,-0.39,0
48,4730,14,4,1408.58,5,26,0.01,0.03,1,0.07,0.08,0
66,4877,9,2,1424.58,6,14,0.15,0.04,1,0.08,0.35,0
54,4799,19,1,1352.24,9,31,0.14,0.15,1,0.04,-0.23,0
64,4137,19,1,1511.95,5,28,0.09,0.13,1,0.05,-0.18,0
65,4781,9,3,1732.51,4,38,0.20,0.10,1,0.01,0.18,0
50,4062,20,2,1323.87,8,29,0.09,0.10,1,0.05,-0.65,0
89,4935,15,3,1111.35,4,25,0.07,0.08,1,0.07,-0.39,0
80,4644,16,2,1440.84,7,22,0.14,0.11,1,0.06,-0.31,0
76,5927,15,4,1470.29,9,38,0.12,0.03,1,0.04,-1.15,0
36,3668,17,1,1359.91,2,28,0.08,0.06,1,0.08,0.10,0
38,5213,20,4,1435.88,9,15,0.11,0.05,1,0.03,0.57,0
41,5416,14,1,1560.77,7,30,0.14,0.04,1,0.01,-0.02,0
43,5831,16,3,1283.00,1,34,0.05,0.09,1,0.10,-0.10,0
53,5723,9,2,1276.37,-1,25,0.02,0.18,1,0.04,0.51,0
37,4416,12,1,1607.68,7,30,0.11,0.07,1,0.07,1.04,0
76,6783,12,0,1360.94,6,42,0.04,0.17,1,0.05,-0.20,0
89,3817,15,4,1238.38,9,42,0.05,0.04,1,0.04,-0.71,0
46,5704,20,4,1508.39,7,27,0.05,0.17,1,0.04,0.40,0
45,5456,19,1,1101.42,6,49,0.00,0.13,1,0.05,-0.03,0
74,4212,11,0,1394.27,0,35,0.03,0.08,1,0.01,0.10,0
54,6568,17,2,1619.42,4,37,0.02,0.10,1,0.08,0.03,0
54,5066,16,4,1233.12,3,59,0.15,0.08,1,0.04,-0.50,0
13,5770,19,1,1410.13,8,27,0.03,0.04,1,0.08,-0.26,0
71,5095,13,3,1525.51,5,35,0.04,0.15,1,0.03,0.39,0
107,5656,10,2,1421.74,10,32,0.08,0.11,1,0.03,-0.19,0
45,3865,16,3,1774.80,6,40,0.01,0.03,1,0.03,-0.15,0
79,4576,10,4,1603.80,3,17,0.16,0.08,1,0.07,-0.05,0
26,5344,13,2,1406.43,6,33,0.02,0.07,1,0.04,-0.38,0
64,5021,17,3,1249.34,4,45,0.10,0.05,1,0.06,0.35,0
35,5152,14,3,1388.35,8,36,0.01,0.19,1,0.05,0.44,0
56,3940,11,4,1339.75,2,19,0.07,0.10,1,0.09,-0.43,0
74,5510,12,1,1080.38,2,31,0.08,0.19,1,0.04,-0.07,0
48,5847,8,4,1440.83,5,27,0.08,0.04,1,0.10,0.69,0
40,4184,8,2,1234.28,0,34,0.14,0.15,1,0.08,-0.07,0
14,4847,16,1,1667.85,4,32,0.14,0.05,1,0.05,-0.57,0
61,5882,12,1,1364.71,5,26,0.09,0.07,1,0.09,-0.31,0
79,5281,20,4,1672.91,4,36,0.05,0.02,1,0.03,0.64,0
68,5008,8,3,1542.26,1,38,0.03,0.19,1,0.09,-0.22,0
81,4413,17,1,1348.97,10,30,0.03,0.01,1,0.00,-0.01,0
16,5634,17,3,1495.53,8,34,0.08,0.15,1,0.00,-0.02,0
68,5180,20,2,1503.57,7,35,0.02,0.06,1,0.08,0.26,0
72,5033,12,4,1462.49,11,29,0.05,0.07,1,0.09,0.30,0
16,4969,14,1,1750.66,8,24,0.19,0.17,1,0.06,0.20,0
55,5865,9,3,1462.00,5,34,0.16,0.18,1,0.03,-0.51,0
53,4456,12,3,1689.21,6,19,0.16,0.04,1,0.01,-0.79,0
104,5017,13,3,1394.68,5,15,0.15,0.17,1,0.03,-0.21,0
55,4605,12,4,1524.65,-1,29,0.04,0.03,1,0.02,0.17,0
72,4298,19,4,1524.79,4,29,0.02,0.18,1,0.00,-0.35,0
87,5375,8,2,1492.65,5,41,0.19,0.14,1,0.03,0.13,0
51,4795,14,2,1430.95,8,37,0.15,0.14,1,0.07,0.20,0
44,6454,11,1,1283.95,4,39,0.13,0.01,1,0.08,-0.05,0
46,5463,14,0,1352.32,6,40,0.09,0.06,1,0.00,0.34,0
48,6061,10,1,1820.28,5,25,0.13,0.14,1,0.03,0.68,0
83,6349,16,0,1363.77,6,31,0.01,0.13,1,0.05,0.52,0
74,4257,13,2,1426.04,-1,20,0.10,0.01,1,0.03,-0.30,0
59,5768,12,1,1120.85,1,19,0.12,0.10,1,0.05,0.75,0
71,5859,12,3,1528.74,3,42,0.10,0.01,1,0.10,0.68,0
59,6183,9,3,1047.28,1,42,0.01,0.15,1,0.07,0.38,0
25,5965,11,4,1359.13,1,22,0.08,0.06,1,0.07,-0.54,0
52,4993,14,4,1236.15,8,32,0.06,0.10,1,0.07,0.22,0
48,4264,14,3,1396.51,7,17,0.12,0.15,1,0.04,-0.20,0
43,6054,17,4,1606.06,3,35,0.04,0.14,1,0.05,0.25,0
48,6286,19,0,1382.86,4,27,0.00,0.16,1,0.05,-0.15,0
69,6234,19,4,1257.44,5,45,0.13,0.16,1,0.07,0.51,0
86,4730,19,2,1461.71,2,34,0.19,0.02,1,0.07,0.85,0
71,5878,15,4,1709.45,0,39,0.02,0.13,1,0.01,-0.12,0
96,5333,18,1,1288.64,6,31,0.06,0.02,1,0.07,1.19,0
45,4787,8,3,1594.06,2,17,0.02,0.12,1,0.00,0.14,0
63,4627,8,1,1906.96,8,50,0.19,0.08,1,0.03,0.45,0
54,4266,20,2,1528.96,5,45,0.17,0.18,1,0.05,0.19,0
84,2937,17,1,1253.58,2,37,0.16,0.09,1,0.04,-0.70,0
9,4624,15,2,1494.25,8,31,0.12,0.14,1,0.09,0.68,0
55,4350,18,4,1210.16,7,17,0.19,0.02,1,0.07,-0.15,0
45,5224,16,4,1504.09,2,28,0.20,0.07,1,0.03,0.00,0
49,4548,15,2,1236.36,2,17,0.05,0.13,1,0.00,-0.68,0
36,4066,15,2,1353.81,2,24,0.15,0.10,1,0.02,-0.45,0
43,2238,18,4,1245.26,10,32,0.19,0.08,1,0.07,-0.12,0
61,2376,16,4,1452.32,2,24,0.13,0.01,1,0.06,-0.57,0
79,3782,14,2,1226.47,8,16,0.06,0.12,1,0.00,0.56,0
45,3789,8,2,1668.58,5,18,0.01,0.19,1,0.05,-0.51,0
76,5005,19,1,1680.61,1,37,0.16,0.12,1,0.09,0.49,0
30,5281,16,1,1627.79,9,28,0.13,0.18,1,0.08,-0.67,0
64,5798,16,2,1345.02,0,25,0.17,0.07,1,0.04,0.45,0
69,3124,14,3,1798.40,12,41,0.09,0.10,1,0.08,-0.98,0
20,5296,9,2,1623.67,7,29,0.15,0.15,1,0.00,0.07,0
59,3475,10,2,1551.49,4,35,0.15,0.17,1,0.01,-0.02,0
38,5260,11,3,1725.74,7,30,0.11,0.02,1,0.05,-0.28,0
56,5084,12,1,1680.38,6,36,0.02,0.08,1,0.02,-0.24,0
68,5691,14,4,1289.35,4,45,0.19,0.19,1,0.07,0.58,0
55,8807,13,3,1377.49,3,34,0.06,0.15,1,0.07,0.19,0
31,4874,10,2,1251.68,7,40,0.18,0.04,1,0.10,0.44,0
66,3904,8,4,1813.59,2,31,0.03,0.10,1,0.04,-0.06,0
52,5157,17,3,1562.74,4,27,0.20,0.01,1,0.08,0.54,0
23,3179,8,0,1268.06,5,16,0.14,0.12,1,0.07,0.31,0
45,5624,19,0,1094.37,3,24,0.13,0.12,1,0.09,-0.94,0
4,6792,14,4,1324.22,6,3,0.13,0.18,1,0.09,-0.15,0
50,4270,15,3,1838.72,4,38,0.01,0.06,1,0.01,0.06,0
54,4776,20,4,1143.29,9,41,0.00,0.09,1,0.07,0.64,0
90,4995,8,1,1410.58,2,9,0.05,0.13,1,0.04,0.29,0
85,5592,14,3,1508.36,0,16,0.17,0.03,1,0.00,0.38,0
57,5522,10,4,1476.19,7,33,0.11,0.17,1,0.04,-0.58,0
97,3551,12,4,1819.78,1,27,0.07,0.09,1,0.09,0.12,0
61,4612,15,0,1386.06,0,35,0.17,0.20,1,0.04,-0.28,0
58,3703,12,1,1170.53,6,24,0.05,0.14,1,0.03,0.11,0
77,5023,10,4,1746.51,1,25,0.03,0.09,1,0.08,0.67,0
46,5722,14,2,1383.96,7,30,0.06,0.08,1,0.07,-0.40,0
48,3816,14,0,1165.00,8,42,0.12,0.05,1,0.00,0.36,0
70,5478,16,4,1470.20,3,26,0.04,0.12,1,0.08,0.59,0
62,4446,13,4,1145.14,4,21,0.09,0.01,1,0.09,-0.25,0
57,6104,11,2,1509.58,5,40,0.09,0.17,1,0.01,-0.11,0
88,6086,8,2,1816.66,3,35,0.11,0.06,1,0.08,-0.72,0
80,4928,14,4,1452.62,9,23,0.16,0.08,1,0.06,0.54,0
75,5432,12,0,1204.43,4,39,0.17,0.00,1,0.06,-0.51,0
81,5901,15,3,1667.97,5,25,0.03,0.16,1,0.02,-0.34,0
68,3947,19,4,1157.48,6,37,0.10,0.14,1,0.05,-0.29,0
39,5188,17,1,1673.75,11,32,0.12,0.18,1,0.01,-1.06,0
78,5895,12,4,1606.63,4,31,0.02,0.17,1,0.06,-0.21,0
68,5881,10,2,1526.69,7,15,0.10,0.17,1,0.03,-0.54,0
62,3058,16,1,1489.22,6,32,0.04,0.06,1,0.05,0.26,0
74,5175,15,4,1759.22,3,20,0.01,0.19,1,0.08,-0.62,0
81,5314,20,0,1758.62,2,30,0.09,0.04,1,0.03,-0.49,0
64,3530,15,0,1711.91,3,32,0.01,0.08,1,0.01,0.41,0
53,3731,8,0,1441.74,3,19,0.10,0.19,1,0.07,-0.09,0
77,5808,13,1,1333.31,7,51,0.03,0.05,1,0.00,0.49,0
49,4769,12,4,1219.77,6,45,0.14,0.15,1,0.03,0.16,0
62,5487,19,0,1419.88,4,34,0.13,0.11,1,0.05,-0.14,0
85,5735,10,2,1410.01,7,19,0.07,0.15,1,0.02,-0.16,0
113,4112,13,1,1665.64,7,42,0.05,0.04,1,0.09,0.15,0
82,6215,12,3,1236.17,5,10,0.11,0.13,1,0.10,-1.02,0
76,5323,14,3,1313.51,6,32,0.08,0.16,1,0.05,-0.52,0
54,3938,19,0,1599.44,3,3,0.11,0.09,1,0.05,0.55,0
76,6118,20,0,1353.19,4,23,0.16,0.01,1,0.05,0.06,0
69,4769,16,4,1669.24,3,32,0.04,0.04,1,0.06,0.40,0
36,4650,18,4,1317.26,2,32,0.06,0.05,1,0.03,-0.17,0
61,6074,12,3,1302.75,7,45,0.12,0.01,1,0.08,-0.97,0
66,4988,11,1,1214.77,5,39,0.17,0.06,1,0.05,0.36,0
45,5186,10,3,1562.91,5,29,0.05,0.00,1,0.09,-1.25,0
66,4010,13,2,1394.70,2,25,0.05,0.03,1,0.09,0.12,0
25,6009,10,0,1416.68,2,26,0.03,0.02,1,0.09,-0.26,0
71,5225,14,0,1364.16,4,21,0.18,0.02,1,0.08,-0.84,0
85,4587,16,3,1475.80,3,43,0.20,0.14,1,0.03,0.11,0
81,6039,14,4,1497.95,3,30,0.19,0.19,1,0.09,0.31,0
71,5918,9,0,1486.91,7,40,0.10,0.03,1,0.09,-0.32,0
85,3969,10,3,1710.72,5,31,0.18,0.19,1,0.02,-0.38,0
69,4298,20,0,1728.59,5,17,0.10,0.18,1,0.06,0.13,0
42,6242,17,2,1485.25,0,33,0.14,0.15,1,0.02,-0.88,0
76,6161,13,0,1193.00,10,32,0.19,0.12,1,0.07,0.88,0
73,3391,19,3,1403.40,3,26,0.17,0.13,1,0.05,0.53,0
62,4924,18,4,1633.34,10,15,0.09,0.17,1,0.08,-0.18,0
57,5357,13,1,1250.26,0,31,0.11,0.04,1,0.05,0.45,0
62,5814,19,2,1429.07,5,25,0.12,0.10,1,0.08,0.04,0
14,5368,19,3,1469.71,1,33,0.11,0.02,1,0.07,-1.00,0
85,5636,10,2,1554.61,9,24,0.00,0.01,1,0.01,0.56,0
48,5944,17,1,1551.90,9,35,0.06,0.19,1,0.10,-0.36,0
91,5924,11,0,1296.34,7,45,0.15,0.14,1,0.08,-0.04,0
70,3956,9,4,1646.29,4,23,0.04,0.15,1,0.08,0.82,0
83,3510,19,4,1706.56,6,53,0.10,0.18,1,0.02,0.30,0
48,4619,19,3,1481.61,-2,31,0.16,0.08,1,0.04,-0.49,0
72,4776,14,0,1107.91,4,13,0.18,0.04,1,0.06,-0.80,0
95,6277,11,4,1535.53,1,29,0.18,0.03,1,0.09,0.21,0
35,3475,20,2,1484.06,1,38,0.11,0.12,1,0.03,-0.01,0
62,5464,8,0,1031.06,8,29,0.15,0.10,1,0.06,-0.23,0
88,6144,14,3,1367.94,8,31,0.12,0.08,1,0.09,-0.85,0
49,5027,16,4,1569.72,6,30,0.13,0.11,1,0.01,0.51,0
47,3581,19,4,1525.44,12,40,0.18,0.11,1,0.04,0.63,0
71,5559,16,2,1420.18,6,38,0.18,0.02,1,0.06,-0.51,0
38,5950,19,2,1470.95,11,31,0.16,0.06,1,0.04,0.10,0
42,6439,14,1,1319.12,6,36,0.06,0.08,1,0.07,-0.85,0
58,5434,17,2,1570.65,3,27,0.07,0.15,1,0.03,0.49,0
53,4470,13,1,1433.72,3,31,0.01,0.09,1,0.07,0.85,0
36,4499,11,2,1207.43,8,23,0.12,0.18,1,0.02,-0.94,0
56,4220,16,2,1628.35,7,39,0.18,0.01,1,0.02,0.67,0
24,3789,18,0,1348.25,4,38,0.08,0.01,1,0.07,0.01,0
40,4182,18,4,1500.21,4,40,0.01,0.06,1,0.02,-0.66,0
43,4391,9,1,1355.07,6,29,0.04,0.14,1,0.05,0.90,0
62,4757,16,1,1614.41,6,46,0.04,0.20,1,0.06,-0.48,0
53,6247,9,1,1407.71,4,19,0.05,0.16,1,0.02,-0.27,0
74,6092,16,1,1472.95,9,26,0.01,0.14,1,0.04,0.77,0
67,5585,13,3,1432.34,10,26,0.04,0.00,1,0.02,-0.67,0
16,3648,18,3,1458.30,6,30,0.14,0.19,1,0.03,0.68,0
132,6053,16,4,1443.10,9,19,0.16,0.12,1,0.01,-0.19,0
41,6872,10,0,1352.04,1,23,0.10,0.01,1,0.06,-0.03,0
87,5385,18,1,1360.22,3,29,0.10,0.19,1,0.05,-0.16,0
46,5868,9,4,1548.38,4,33,0.15,0.12,1,0.09,-0.13,0
41,4514,12,0,1475.53,4,42,0.15,0.06,1,0.01,0.24,0
55,3401,17,2,1461.15,1,6,0.03,0.08,1,0.03,0.07,0
78,3899,17,2,1475.09,7,42,0.12,0.01,1,0.04,0.32,0
58,3281,19,4,1332.93,7,20,0.18,0.03,1,0.02,0.09,0
71,3901,11,0,1040.40,2,22,0.15,0.18,1,0.02,0.84,0
52,3709,14,4,1641.10,8,28,0.06,0.02,1,0.04,-0.24,0
79,3583,14,2,1766.85,4,26,0.02,0.06,1,0.06,-0.20,0
84,3103,12,1,1534.63,10,42,0.03,0.04,1,0.07,0.41,0
54,6100,18,0,1568.71,4,28,0.04,0.10,1,0.09,-0.91,0
79,4408,9,0,1452.66,5,23,0.12,0.14,1,0.04,-0.27,0
42,5934,15,0,1433.70,5,51,0.04,0.16,1,0.03,1.35,0
28,5565,13,1,1555.28,6,30,0.16,0.11,1,0.05,0.14,0
36,7921,19,3,1569.97,1,36,0.07,0.17,1,0.09,0.16,0
84,5665,13,1,1196.32,8,47,0.05,0.15,1,0.02,-0.69,0
93,5771,12,1,1605.42,7,32,0.17,0.05,1,0.08,0.39,0
40,4494,14,4,1669.33,-3,28,0.04,0.15,1,0.01,0.37,0
56,5907,20,4,1510.85,4,33,0.10,0.17,1,0.10,-0.02,0
78,4360,19,3,1667.54,8,18,0.12,0.18,1,0.09,-0.04,0
43,5892,12,4,1382.73,8,32,0.18,0.02,1,0.10,-0.09,0
64,5014,10,4,1544.57,3,28,0.05,0.12,1,0.07,-0.80,0
80,3356,18,2,1193.14,5,30,0.00,0.08,1,0.07,-0.85,0
110,5452,8,2,1537.13,4,30,0.06,0.10,1,0.09,0.46,0
76,5428,17,1,1628.54,9,40,0.11,0.17,1,0.09,1.27,0
63,4035,19,3,1390.33,2,29,0.14,0.03,1,0.00,0.45,0
64,5941,17,2,1439.22,6,53,0.00,0.11,1,0.06,-0.23,0
81,4061,18,1,1295.06,6,48,0.17,0.02,1,0.02,0.26,0
56,3152,12,0,1167.35,5,26,0.07,0.04,1,0.07,0.08,0
65,5185,11,0,1082.52,7,20,0.12,0.10,1,0.07,-0.76,0
43,5861,12,4,1579.13,2,33,0.15,0.17,1,0.07,-0.41,0
61,5811,8,2,1313.41,8,38,0.03,0.12,1,0.10,-0.26,0
43,4576,12,1,1626.36,6,23,0.00,0.08,1,0.09,-0.29,0
52,3678,12,0,1500.00,12,22,0.10,0.20,1,0.01,0.10,0
22,5177,18,1,1293.81,1,30,0.11,0.18,1,0.09,0.34,0
40,5073,13,2,1299.65,4,26,0.01,0.10,1,0.02,-0.36,0
37,5062,11,3,1311.71,5,14,0.05,0.12,1,0.06,-0.41,0
39,5401,9,3,1528.20,4,29,0.12,0.07,1,0.00,0.66,0
66,2709,11,0,1560.78,12,27,0.20,0.09,1,0.01,-0.15,0
46,4138,13,1,1190.56,4,25,0.18,0.04,1,0.08,-0.10,0
53,2852,20,3,1607.25,6,20,0.14,0.04,1,0.06,-0.40,0
65,4216,17,3,1295.30,11,24,0.10,0.02,1,0.10,-0.60,0
46,5297,19,2,1622.30,0,40,0.14,0.11,1,0.02,-0.46,0
47,3594,16,4,1693.08,2,25,0.05,0.17,1,0.09,0.49,0
52,4928,15,1,1157.65,8,40,0.15,0.15,1,0.09,0.78,0
56,3445,14,4,1265.24,4,16,0.03,0.12,1,0.05,0.00,0
38,6092,16,0,1451.99,4,38,0.13,0.08,1,0.03,-0.07,0
68,4839,11,3,1540.92,4,23,0.04,0.03,1,0.10,-0.38,0
93,6231,13,3,1480.23,13,23,0.09,0.06,1,0.03,-0.02,0
46,3873,15,0,1464.46,7,22,0.19,0.12,1,0.02,-1.01,0
40,5647,11,4,1292.15,3,25,0.02,0.11,1,0.10,-0.13,0
98,3163,20,3,1683.52,8,14,0.18,0.06,1,0.07,0.04,0
71,4629,8,3,1290.41,6,38,0.06,0.18,1,0.08,-1.27,0
17,4915,14,4,1102.45,5,41,0.11,0.07,1,0.09,0.66,0
40,5935,11,1,1348.37,2,20,0.19,0.06,1,0.03,0.39,0
92,6699,16,3,1084.83,7,50,0.13,0.05,1,0.07,-0.70,0
62,5159,11,4,936.89,1,29,0.09,0.00,1,0.02,-1.06,0
48,3832,15,0,1624.38,8,27,0.04,0.09,1,0.06,0.79,0
47,5171,17,0,1638.92,3,18,0.09,0.11,1,0.05,-0.18,0
56,5435,8,3,1390.10,2,22,0.12,0.03,1,0.01,0.37,0
100,5269,10,1,1434.97,5,28,0.03,0.02,1,0.08,-0.15,0
11,4902,20,1,1335.37,3,30,0.06,0.10,1,0.07,-0.81,0
75,5960,19,1,1462.30,2,10,0.15,0.06,1,0.10,0.16,0
117,5403,10,4,708.98,4,16,0.19,0.06,1,0.01,-0.40,0
65,4789,11,3,1567.32,7,32,0.04,0.03,1,0.06,0.64,0
78,2963,11,4,1358.89,5,35,0.11,0.20,1,0.08,-0.55,0
96,3670,15,4,1588.43,9,17,0.16,0.05,1,0.08,-0.03,0
29,6372,13,4,1499.80,9,51,0.09,0.13,1,0.03,-0.24,0
70,5838,20,3,1195.57,7,23,0.19,0.16,1,0.02,0.12,0
86,5684,16,1,1597.48,3,25,0.11,0.16,1,0.03,0.04,0
55,5362,13,2,1283.06,9,38,0.10,0.18,1,0.09,-0.16,0
91,4715,19,2,1042.13,2,35,0.08,0.17,1,0.01,0.34,0
79,5322,14,0,1713.48,3,42,0.11,0.15,1,0.01,-0.13,0
85,7194,14,2,1542.39,6,23,0.17,0.02,1,0.06,0.34,0
68,5440,8,3,1276.23,0,22,0.04,0.15,1,0.03,0.08,0
60,5340,12,3,1470.36,1,16,0.13,0.13,1,0.02,-0.89,0
89,4998,14,0,1377.40,-2,48,0.01,0.11,1,0.04,0.33,0
54,4600,11,3,1483.01,1,34,0.16,0.15,1,0.08,-0.19,0
74,4119,18,3,1280.17,6,28,0.06,0.16,1,0.05,-0.51,0
96,4870,20,1,1460.51,8,32,0.00,0.11,1,0.04,-0.38,0
72,7112,12,3,1433.07,5,32,0.08,0.03,1,0.01,-0.36,0
24,5530,20,0,1287.44,8,27,0.03,0.19,1,0.06,-0.34,0
77,4889,9,2,1640.41,4,36,0.05,0.20,1,0.01,-0.90,0
102,4074,15,0,1173.21,7,33,0.15,0.17,1,0.06,0.16,0
13,5027,8,1,1633.47,5,38,0.07,0.14,1,0.06,0.08,0
83,6366,15,4,1431.39,3,11,0.16,0.15,1,0.09,-0.51,0
85,2980,9,0,1424.54,3,42,0.18,0.18,1,0.04,-0.19,0
50,3157,20,1,1258.19,7,36,0.06,0.14,1,0.01,0.11,0
53,4543,20,3,1442.52,1,26,0.06,0.16,1,0.05,0.06,0
37,5539,19,0,1375.11,11,28,0.05,0.13,1,0.06,0.38,0
36,3711,15,4,1409.02,5,29,0.11,0.05,1,0.10,-0.32,0
80,5412,17,1,1720.90,10,34,0.12,0.10,1,0.07,-0.33,0
83,2330,20,0,1569.45,6,34,0.00,0.18,1,0.03,0.26,0
57,5196,10,2,1222.62,10,35,0.06,0.13,1,0.02,0.96,0
16,6087,16,4,1881.04,6,28,0.08,0.01,1,0.04,0.91,0
53,6054,12,3,1252.70,2,32,0.09,0.12,1,0.05,-0.31,0
73,5762,12,0,996.35,5,27,0.12,0.00,1,0.07,-0.57,0
45,7811,15,3,1643.79,2,24,0.11,0.11,1,0.03,1.28,0
92,5814,9,2,1538.24,9,22,0.02,0.14,1,0.07,-0.21,0
70,5246,20,3,1480.56,7,42,0.17,0.05,1,0.06,0.35,0
39,5241,13,0,1480.70,2,36,0.05,0.09,1,0.09,-0.95,0
30,3740,14,1,1393.17,3,30,0.17,0.11,1,0.06,-0.12,0
66,4928,10,3,1228.39,3,50,0.10,0.13,1,0.04,0.14,0
102,4214,12,0,1650.98,12,26,0.15,0.06,1,0.02,-0.18,0
78,5898,19,0,1240.27,-2,36,0.19,0.07,1,0.05,0.76,0
51,6160,12,2,1603.00,6,39,0.20,0.01,1,0.04,-1.22,0
48,5132,12,0,1658.51,-1,22,0.06,0.05,1,0.04,-0.27,0
67,6614,19,3,1039.07,4,26,0.13,0.15,1,0.05,-0.47,0
36,5591,17,2,1542.12,-1,24,0.18,0.15,1,0.07,1.19,0
43,5042,12,3,1245.24,3,29,0.18,0.16,1,0.08,0.28,0
55,3545,16,0,1369.87,7,33,0.06,0.16,1,0.08,-0.98,0
79,6115,16,3,1933.72,6,26,0.01,0.07,1,0.06,0.76,0
52,4657,14,4,1031.74,5,18,0.16,0.14,1,0.03,-0.60,0
44,4981,13,4,1261.96,3,34,0.17,0.04,1,0.04,0.47,0
78,5332,15,3,1427.23,5,12,0.05,0.14,1,0.06,-0.56,0
45,4599,17,3,1066.40,5,37,0.18,0.14,1,0.06,-0.03,0
43,3603,17,2,1307.78,8,18,0.09,0.11,1,0.08,0.69,0
51,3678,20,4,1342.68,7,41,0.02,0.09,1,0.01,-0.26,0
48,4923,18,4,1698.79,5,36,0.06,0.07,1,0.01,-0.25,0
49,3956,16,2,1614.59,4,27,0.02,0.04,1,0.05,0.34,0
52,3213,8,1,1175.37,4,43,0.08,0.05,1,0.04,-0.38,0
23,4595,15,1,1086.38,2,46,0.02,0.16,1,0.00,0.12,0
102,3634,17,4,1294.92,3,30,0.15,0.05,1,0.08,-0.69,0
54,5781,9,3,1506.71,3,35,0.08,0.19,1,0.05,-0.45,0
60,4499,16,2,1253.11,7,37,0.02,0.05,1,0.00,0.20,0
47,5944,16,4,1434.78,9,28,0.11,0.02,1,0.08,-0.02,0
77,3833,13,1,1151.29,7,36,0.00,0.04,1,0.06,-0.21,0
50,6103,11,3,1474.16,3,31,0.08,0.00,1,0.06,-0.08,0
54,4084,11,4,1416.22,-2,38,0.05,0.13,1,0.09,-1.03,0
61,3459,15,3,1043.47,8,28,0.07,0.11,1,0.00,0.03,0
103,5107,9,2,1550.43,5,43,0.20,0.03,1,0.00,0.60,0
52,6602,11,2,1447.73,0,10,0.09,0.08,1,0.09,-0.37,0
54,6127,12,2,1710.27,8,22,0.12,0.12,1,0.09,0.33,0
85,5807,19,2,1119.90,-1,20,0.17,0.08,1,0.05,-0.22,0
79,5246,18,4,1136.12,3,37,0.03,0.17,1,0.07,-0.62,0
67,5159,12,4,1688.62,2,37,0.05,0.06,1,0.03,0.03,0
15,3609,12,4,1517.64,-3,30,0.19,0.20,1,0.05,-0.37,0
23,5129,16,1,1463.38,4,50,0.06,0.16,1,0.00,0.83,0
84,3729,9,4,1488.26,0,41,0.01,0.08,1,0.02,0.05,0
64,5556,17,1,1286.68,5,13,0.11,0.16,1,0.05,-0.95,0
65,4330,20,0,1358.08,0,20,0.08,0.14,1,0.04,0.38,0
61,3751,8,1,1516.99,2,21,0.00,0.16,1,0.00,0.22,0
59,2844,18,2,1540.73,7,38,0.05,0.04,1,0.05,-0.48,0
53,5145,8,4,1186.29,5,18,0.10,0.08,1,0.03,-0.43,0
59,4027,18,1,1625.62,8,44,0.09,0.03,1,0.04,-0.45,0
85,3959,18,3,1389.95,6,31,0.09,0.16,1,0.05,-0.02,0
36,4903,15,0,1394.08,3,31,0.18,0.01,1,0.06,1.03,0
36,4921,15,0,1257.56,11,36,0.06,0.14,1,0.05,0.36,0
43,3268,8,4,1434.55,9,32,0.16,0.05,1,0.00,1.27,0
64,2417,14,2,1592.70,8,18,0.16,0.19,1,0.09,0.44,0
54,4138,10,3,1393.39,3,30,0.12,0.09,1,0.07,0.08,0
62,5527,14,4,1190.33,1,30,0.02,0.16,1,0.04,0.04,0
74,5194,13,3,1716.87,9,19,0.09,0.00,1,0.06,0.18,0
24,5739,17,0,1271.55,2,38,0.09,0.14,1,0.05,0.40,0
51,5904,15,1,1822.78,12,18,0.14,0.06,1,0.04,0.64,0
39,6517,15,4,1673.59,6,28,0.14,0.01,1,0.08,0.36,0
53,6170,20,4,1287.72,4,38,0.04,0.18,1,0.04,-0.75,0
51,5629,15,4,1426.40,0,29,0.13,0.09,1,0.00,0.28,0
45,5006,18,2,1308.55,9,22,0.14,0.16,1,0.08,0.15,0
40,4099,13,2,1457.88,7,29,0.13,0.08,1,0.10,-0.32,0
82,2757,16,2,1521.93,2,39,0.16,0.06,1,0.06,-0.68,0
78,3898,8,1,1677.98,8,35,0.17,0.06,1,0.09,-0.78,0
36,6887,12,0,1495.99,5,13,0.18,0.06,1,0.03,0.45,0
77,4988,8,0,1617.44,9,23,0.04,0.07,1,0.09,0.30,0
71,6709,8,0,1554.31,7,32,0.07,0.07,1,0.01,0.01,0
83,6357,11,3,1566.49,2,44,0.04,0.05,1,0.09,0.11,0
58,5746,15,1,1338.68,0,39,0.00,0.13,1,0.07,-0.26,0
65,7106,20,4,1552.06,7,33,0.19,0.09,1,0.02,0.59,0
8,3906,11,4,1400.63,3,54,0.19,0.07,1,0.08,-0.02,0
30,5169,8,0,1308.07,5,40,0.17,0.15,1,0.05,-0.76,0
55,5558,18,2,1533.73,0,31,0.19,0.17,1,0.09,0.71,0
76,2868,8,2,1511.77,7,26,0.05,0.19,1,0.03,-0.10,0
70,4224,14,0,1206.23,8,34,0.06,0.14,1,0.04,-1.06,0
68,4829,11,3,1113.03,1,22,0.06,0.17,1,0.08,-0.35,0
51,6935,18,3,1379.20,5,29,0.01,0.02,1,0.03,-1.04,0
34,3382,8,2,1525.68,3,38,0.08,0.09,1,0.01,-0.08,0
42,3346,12,4,1444.93,5,25,0.14,0.03,1,0.04,-0.14,0
77,7069,15,2,1530.64,5,39,0.10,0.03,1,0.09,0.25,0
70,4985,14,4,1733.93,4,32,0.05,0.06,1,0.06,-0.15,0
63,5877,17,2,1586.87,3,18,0.07,0.05,1,0.02,-0.16,0
43,4427,11,0,1807.12,8,42,0.03,0.11,1,0.03,-0.34,0
20,5314,15,2,1500.57,6,24,0.18,0.09,1,0.09,-0.40,0
71,4874,20,2,1360.42,1,33,0.17,0.17,1,0.09,0.59,1
45,4958,10,2,1268.48,3,34,0.07,0.14,1,0.02,-1.60,1
61,8939,20,2,1836.30,8,29,0.17,0.02,1,0.02,-0.08,1
83,4743,13,0,1253.60,4,19,0.13,0.04,1,0.04,0.39,1
2890,5649,2,2,1.18,854,426,0.89,0.11,0,0.89,5.00,1
48,6666,16,0,1586.19,10,22,0.06,0.09,1,0.09,0.57,1
51,3735,18,0,1635.59,-1,13,0.14,0.15,1,0.05,0.33,1
46,4045,10,3,1334.38,2,34,0.00,0.17,1,0.03,-0.16,1
53,5319,8,1,1599.63,7,37,0.10,0.16,1,0.04,0.26,1
2693,3839,1,0,6.69,912,474,0.94,0.15,0,0.86,5.00,1
82,4201,14,2,1235.40,6,44,0.19,0.01,1,0.03,0.18,1
34,6093,16,3,1455.18,5,32,0.03,0.15,1,0.06,-1.45,1
76,6094,17,4,1552.68,6,32,0.01,0.17,1,0.07,0.21,1
41,4420,12,2,1356.38,-2,36,0.02,0.11,1,0.01,-0.50,1
2621,3751,0,4,7.01,1212,465,0.81,0.17,0,0.84,5.00,1
70,2895,16,0,1170.28,6,32,0.16,0.17,1,0.08,0.06,1
74,6073,12,0,1489.28,4,13,0.05,0.17,1,0.10,0.28,1
40,3602,18,4,984.07,0,23,0.12,0.04,1,0.06,-0.76,1
36,6075,16,3,1199.43,1,47,0.01,0.07,1,0.08,-0.78,1
3068,5497,2,4,8.62,847,606,0.72,0.14,0,0.90,5.00,1
69,3914,11,1,1724.73,-1,24,0.02,0.02,1,0.03,0.01,1
76,4139,14,0,1033.64,4,35,0.17,0.01,1,0.07,0.39,1
86,5159,14,1,1310.73,5,18,0.00,0.01,1,0.10,0.45,1
78,4633,8,4,1377.33,7,34,0.10,0.02,1,0.07,-0.50,1
2649,5189,1,2,9.40,760,453,0.79,0.06,0,0.89,5.00,1
42,5053,16,3,1388.09,3,18,0.14,0.00,1,0.03,-0.44,1
69,3762,19,3,1485.16,3,39,0.08,0.15,1,0.02,0.42,1
61,4386,10,0,1454.66,9,28,0.04,0.04,1,0.03,-0.27,1
85,3607,16,1,1311.66,4,31,0.11,0.05,1,0.03,0.39,1
2439,5315,1,1,6.87,1095,524,0.70,0.03,0,0.93,5.00,1
63,6431,12,3,1237.60,1,46,0.04,0.13,1,0.07,-1.66,1
62,3855,14,1,1577.53,2,26,0.02,0.04,1,0.08,-0.53,1
73,5553,14,1,1455.56,8,48,0.04,0.16,1,0.04,-0.12,1
41,4289,12,1,1565.64,6,34,0.00,0.09,1,0.06,0.43,1
3698,5191,3,1,9.42,940,557,0.94,0.01,0,0.94,5.00,1
71,4759,10,2,1505.99,6,31,0.16,0.14,1,0.01,0.10,1
54,5677,17,4,1303.99,8,15,0.15,0.00,1,0.03,-0.47,1
94,5168,16,2,1295.41,3,39,0.20,0.09,1,0.03,0.14,1
17,5085,8,1,1471.60,3,28,0.16,0.14,1,0.05,-0.51,1
3003,7082,3,4,9.98,825,619,0.84,0.16,0,0.99,5.00,1
40,5481,15,1,1366.76,10,45,0.07,0.15,1,0.04,0.13,1
30,3888,20,4,1261.55,2,17,0.05,0.15,1,0.00,-0.50,1
76,5557,19,2,1412.42,4,34,0.14,0.13,1,0.04,-0.68,1
105,4974,16,3,1514.43,4,41,0.05,0.01,1,0.05,-0.29,1
3486,4784,1,4,9.80,899,433,0.79,0.13,0,0.99,5.00,1
85,5502,13,1,1336.81,3,34,0.09,0.01,1,0.07,-0.10,1
84,5405,17,3,1178.51,5,26,0.15,0.15,1,0.07,-0.08,1
62,6489,16,0,1475.92,3,46,0.19,0.15,1,0.10,-0.02,1
76,5776,15,2,1673.65,4,34,0.05,0.05,1,0.08,-0.01,1
3247,6221,1,1,2.11,951,523,0.77,0.01,0,0.96,5.00,1
30,6032,13,2,1510.71,1,31,0.10,0.12,1,0.03,-0.68,1
57,6048,15,1,1268.24,6,39,0.18,0.18,1,0.02,1.06,1
55,4524,8,4,1762.86,9,23,0.09,0.02,1,0.01,-0.35,1
63,4167,9,2,1235.08,2,26,0.04,0.14,1,0.01,-0.67,1
3300,5260,3,0,3.78,715,509,0.99,0.01,0,0.95,5.00,1
71,5450,9,1,1275.23,3,42,0.08,0.03,1,0.05,-0.43,1
79,5189,9,4,1326.37,3,36,0.20,0.18,1,0.02,0.93,1
99,5314,19,4,1432.55,8,37,0.04,0.16,1,0.10,0.65,1
71,7383,11,1,1598.30,13,38,0.13,0.03,1,0.02,-0.33,1
2250,3482,2,2,3.68,968,501,1.00,0.15,0,0.95,5.00,1
76,3900,11,4,1347.59,-1,33,0.18,0.15,1,0.10,1.40,1
43,4952,9,0,1408.75,7,22,0.10,0.03,1,0.07,-0.37,1
31,3920,13,4,1527.22,3,26,0.04,0.15,1,0.02,0.30,1
62,4553,11,0,1608.89,7,10,0.15,0.03,1,0.01,0.34,1
3011,4795,0,2,2.32,863,524,0.92,0.17,0,0.94,5.00,1
45,4296,17,2,1305.20,0,39,0.20,0.04,1,0.08,-0.13,1
45,5731,18,4,1321.46,7,21,0.05,0.10,1,0.01,-0.33,1
91,5423,18,2,1314.15,11,43,0.19,0.03,1,0.07,-0.69,1
27,3412,17,3,1442.18,4,49,0.01,0.05,1,0.04,-0.33,1
3423,6859,0,2,3.64,872,442,0.74,0.12,0,0.92,5.00,1
73,4491,11,2,1451.72,10,27,0.20,0.16,1,0.03,-0.18,1
14,6168,17,1,1584.88,8,41,0.11,0.01,1,0.03,-0.15,1
41,4909,8,1,1394.45,4,51,0.16,0.14,1,0.02,0.45,1
79,2605,8,1,1440.94,5,32,0.15,0.15,1,0.07,0.92,1
2504,5071,3,1,2.43,825,457,0.86,0.07,0,1.00,5.00,1
21,3616,16,1,1316.55,9,27,0.13,0.19,1,0.06,0.91,1
79,5218,16,0,1471.35,8,26,0.01,0.11,1,0.07,0.15,1
83,5183,14,2,1384.83,3,38,0.14,0.15,1,0.10,-0.14,1
56,4424,8,4,1367.64,2,12,0.18,0.04,1,0.10,0.10,1
2349,5055,2,3,3.23,1225,426,0.74,0.13,0,0.89,5.00,1
69,4642,12,0,1701.56,1,34,0.18,0.06,1,0.09,0.27,1
94,3765,18,1,1727.45,-2,42,0.13,0.14,1,0.02,-0.29,1
61,5167,14,2,1299.83,7,30,0.11,0.04,1,0.03,-0.36,1
58,5182,18,2,1653.12,1,33,0.08,0.19,1,0.04,-0.76,1
2684,5117,3,3,5.88,1076,543,0.87,0.16,0,0.83,5.00,1
59,3690,15,2,1479.01,9,43,0.15,0.03,1,0.05,-1.07,1
62,5803,19,1,895.15,8,21,0.01,0.06,1,0.07,0.17,1
32,5836,8,1,1343.67,6,14,0.03,0.16,1,0.07,-0.26,1
88,4976,8,4,1693.02,0,31,0.19,0.15,1,0.10,0.71,1
2532,6565,2,3,1.85,1177,515,0.75,0.08,0,0.95,5.00,1
66,4245,18,0,961.98,3,23,0.19,0.09,1,0.09,-0.08,1
42,5195,13,0,1397.44,5,31,0.15,0.06,1,0.10,-1.17,1
40,6475,20,3,1429.57,1,46,0.15,0.04,1,0.06,-0.02,1
59,4722,13,1,1608.08,7,19,0.07,0.02,1,0.06,0.34,1
3620,4108,2,0,4.74,1121,504,0.85,0.10,0,0.84,5.00,1
33,4236,14,4,1509.06,1,13,0.06,0.05,1,0.03,-0.16,1
37,4836,16,4,1488.08,2,14,0.03,0.05,1,0.04,0.50,1
39,6306,9,3,1470.67,2,29,0.18,0.05,1,0.00,1.06,1
68,4821,11,4,1760.57,4,32,0.07,0.01,1,0.01,0.62,1
2016,5564,2,3,4.43,852,526,0.89,0.02,0,0.94,5.00,1
69,5377,19,1,1716.91,7,32,0.15,0.15,1,0.07,-0.88,1
54,4923,18,1,1391.59,3,22,0.18,0.12,1,0.08,-0.16,1
35,3234,11,0,1320.09,9,43,0.02,0.14,1,0.02,-0.06,1
64,4507,16,2,1283.90,7,26,0.06,0.10,1,0.06,0.53,1
3114,5523,1,0,3.85,1118,480,0.78,0.05,0,0.95,5.00,1
43,5122,14,0,1450.86,8,41,0.18,0.06,1,0.03,-0.42,1
75,5073,14,1,1613.73,2,26,0.08,0.13,1,0.05,0.23,1
81,5401,19,4,1110.14,-1,43,0.02,0.06,1,0.09,0.43,1
64,5317,15,0,1428.18,3,41,0.02,0.17,1,0.08,-0.28,1
2998,4020,1,0,8.43,939,560,0.92,0.03,0,0.89,5.00,1
75,3644,19,2,1370.32,8,11,0.04,0.02,1,0.03,1.01,1
47,6607,20,1,1238.48,1,10,0.16,0.18,1,0.00,-0.17,1
86,6089,18,3,1638.80,9,20,0.10,0.18,1,0.05,-0.15,1
37,3964,14,1,1420.54,3,26,0.15,0.10,1,0.03,0.83,1
3500,3652,1,3,7.18,1243,481,0.99,0.06,0,0.93,5.00,1
29,5643,11,1,1754.76,2,22,0.12,0.10,1,0.00,0.12,1
54,3828,20,4,1429.20,3,23,0.19,0.07,1,0.00,-0.28,1
30,4634,20,1,1626.16,-2,38,0.13,0.09,1,0.00,-0.04,1
61,7408,13,3,1223.59,3,34,0.13,0.17,1,0.09,-0.87,1
2385,4543,2,3,2.03,990,442,0.84,0.10,0,0.98,5.00,1
101,5564,16,2,1585.01,5,22,0.03,0.20,1,0.06,0.70,1
72,4002,17,2,1560.52,5,36,0.09,0.11,1,0.08,-0.04,1
76,6455,8,4,1466.03,0,20,0.16,0.18,1,0.05,-0.44,1
48,5558,16,4,1408.83,12,33,0.17,0.13,1,0.02,-0.28,1
2960,4545,0,1,1.26,1122,428,0.84,0.14,0,0.86,5.00,1
57,7064,14,0,1572.76,2,26,0.06,0.08,1,0.06,-0.18,1
66,4064,13,3,1570.12,2,18,0.18,0.00,1,0.02,0.86,1
47,6349,18,4,1674.99,10,32,0.13,0.09,1,0.00,-0.40,1
53,3742,19,3,1382.15,6,6,0.19,0.11,1,0.10,-0.22,1
2462,5491,3,3,3.58,920,540,0.92,0.16,0,0.93,5.00,1
20,6496,14,4,1884.74,9,21,0.00,0.17,1,0.08,-0.62,1
50,3884,9,0,1656.22,3,39,0.18,0.12,1,0.06,0.39,1
79,6156,16,3,1353.39,6,32,0.03,0.15,1,0.04,0.24,1
72,4572,20,2,1265.70,4,20,0.10,0.16,1,0.10,-0.02,1
3354,4400,3,0,4.51,812,537,0.82,0.01,0,0.87,5.00,1
40,5222,20,3,1517.37,8,46,0.13,0.04,1,0.02,0.34,1
80,4748,16,3,1635.69,6,38,0.00,0.14,1,0.02,0.07,1
54,5752,20,3,1681.41,-1,33,0.04,0.04,1,0.09,-0.05,1
81,2180,14,1,1320.41,6,8,0.12,0.09,1,0.09,0.38,1
3050,6038,3,2,5.89,1059,481,0.94,0.13,0,0.86,5.00,1
59,4959,16,0,1700.92,9,44,0.10,0.18,1,0.07,-0.02,1
42,3391,18,2,1232.11,5,40,0.02,0.13,1,0.09,-0.57,1
64,5114,17,0,1396.41,0,19,0.05,0.11,1,0.02,-0.80,1
46,4816,9,2,1650.83,3,30,0.08,0.19,1,0.02,-0.21,1
2184,5520,2,1,9.43,1141,598,0.74,0.06,0,0.84,5.00,1
78,5297,15,3,1559.32,7,31,0.07,0.04,1,0.09,-1.18,1
38,5526,19,2,1377.57,4,29,0.09,0.04,1,0.01,-0.42,1
56,3860,8,3,1373.34,8,35,0.04,0.10,1,0.04,-0.25,1
64,5030,12,1,1645.25,9,37,0.07,0.20,1,0.03,-0.80,1
2962,5168,2,2,6.90,1103,534,0.84,0.17,0,0.95,5.00,1
94,4846,19,4,1453.41,5,49,0.10,0.07,1,0.06,-0.27,1
73,6268,14,0,1144.42,2,27,0.19,0.11,1,0.03,-0.68,1
84,3422,12,1,1677.26,-1,31,0.18,0.01,1,0.02,0.03,1
63,4484,10,3,1487.90,1,41,0.18,0.08,1,0.08,0.22,1
3118,7476,3,4,6.91,993,450,0.72,0.06,0,0.96,5.00,1
54,4134,10,3,1785.29,10,23,0.18,0.17,1,0.05,-0.41,1
95,3713,20,3,1596.30,8,33,0.01,0.04,1,0.05,-0.49,1
70,5030,19,0,1301.89,5,27,0.13,0.03,1,0.02,0.31,1
61,4892,10,3,1071.16,1,27,0.08,0.13,1,0.02,-0.35,1
3271,5021,0,0,5.78,961,492,0.85,0.16,0,0.83,5.00,1
97,5984,11,4,1399.15,5,44,0.04,0.18,1,0.08,0.63,1
58,3432,16,2,1122.35,-1,41,0.04,0.02,1,0.06,-0.05,1
31,4626,14,3,1467.59,2,50,0.12,0.02,1,0.07,-0.17,1
73,7343,8,3,1791.38,3,28,0.04,0.07,1,0.00,-0.47,1
3419,3940,0,0,9.38,840,506,0.81,0.19,0,0.90,5.00,1
50,6550,10,0,1472.22,8,20,0.12,0.16,1,0.06,0.25,1
41,4219,9,4,980.25,9,14,0.07,0.02,1,0.05,-0.79,1
93,6182,20,0,1359.32,8,24,0.18,0.08,1,0.09,-0.30,1
47,4768,17,0,1360.29,0,23,0.08,0.14,1,0.01,0.04,1
3752,2947,3,0,2.80,964,488,0.88,0.08,0,0.95,5.00,1
54,7097,20,3,1506.51,3,19,0.09,0.06,1,0.07,0.59,1
71,4101,13,1,1311.84,6,43,0.10,0.02,1,0.01,-0.70,1
49,5434,14,4,1516.85,8,25,0.11,0.12,1,0.10,1.22,1
46,4334,10,2,1244.07,5,19,0.07,0.19,1,0.07,-0.23,1
2634,4988,2,3,8.65,815,554,0.87,0.09,0,0.93,5.00,1
33,3047,17,3,1141.16,5,19,0.10,0.05,1,0.07,0.34,1
51,4543,14,3,1217.89,5,31,0.05,0.11,1,0.03,0.39,1
79,4689,20,1,1296.49,2,40,0.07,0.14,1,0.05,-0.41,1
83,6585,10,0,1449.09,7,29,0.13,0.07,1,0.07,-0.90,1
3918,5652,1,3,6.38,963,518,0.77,0.08,0,0.90,5.00,1
29,5049,19,4,1540.66,2,39,0.15,0.04,1,0.09,-0.25,1
67,5133,17,1,1561.41,11,35,0.13,0.05,1,0.08,0.56,1
80,5428,15,0,1448.74,6,36,0.16,0.20,1,0.05,0.91,1
81,4753,20,0,1483.44,2,32,0.08,0.13,1,0.03,0.72,1
2519,5330,3,3,3.87,799,471,0.89,0.12,0,0.98,5.00,1
65,4280,14,1,1178.41,4,34,0.07,0.12,1,0.04,-0.33,1
21,5163,10,2,1410.35,5,26,0.07,0.16,1,0.07,0.13,1
34,4938,19,0,1343.84,2,38,0.17,0.09,1,0.03,0.82,1
46,4763,16,4,1441.62,6,45,0.10,0.01,1,0.02,0.17,1
2674,2845,3,3,6.97,1047,461,0.76,0.10,0,0.83,5.00,1
58,5878,16,2,1040.79,5,23,0.18,0.08,1,0.07,-0.47,1
44,3932,11,4,1658.36,4,38,0.17,0.01,1,0.03,-0.11,1
66,5187,20,2,1310.43,6,24,0.10,0.04,1,0.07,-0.26,1
53,5033,14,4,1344.92,8,21,0.14,0.06,1,0.10,-0.08,1
4155,4144,0,1,6.86,772,488,0.86,0.04,0,0.86,5.00,1
75,4986,19,1,1371.97,5,17,0.17,0.17,1,0.10,1.41,1
41,5555,12,2,1618.97,7,28,0.03,0.04,1,0.04,-0.41,1
68,7590,16,2,1787.11,6,39,0.03,0.05,1,0.09,0.43,1
49,5270,19,4,1413.67,4,24,0.09,0.12,1,0.03,-0.61,1
3544,5055,0,3,6.76,711,522,0.81,0.09,0,0.98,5.00,1
108,4135,11,2,1362.39,5,17,0.02,0.13,1,0.03,-0.16,1
48,3676,8,4,1624.00,6,36,0.02,0.11,1,0.06,-0.62,1
50,3681,14,0,1542.55,6,21,0.12,0.11,1,0.07,-0.30,1
63,5986,20,4,1102.89,9,36,0.11,0.03,1,0.04,-0.03,1
3342,4631,2,0,9.35,1398,482,0.78,0.06,0,0.91,5.00,1
49,4237,9,2,1407.59,4,40,0.17,0.01,1,0.07,-0.53,1
80,5610,15,1,1322.78,3,19,0.14,0.16,1,0.10,0.21,1
26,4611,8,1,1271.56,5,15,0.03,0.18,1,0.07,0.00,1
69,3877,16,2,1263.95,3,30,0.10,0.05,1,0.05,-0.86,1
2079,3673,0,0,1.95,1038,506,0.87,0.15,0,0.89,5.00,1
59,5502,13,4,1281.84,8,27,0.18,0.08,1,0.08,-0.48,1
32,4165,9,2,1348.34,1,16,0.10,0.11,1,0.02,-0.92,1
29,6097,17,2,1814.15,11,19,0.09,0.12,1,0.04,0.62,1
26,4586,13,1,1441.59,5,15,0.16,0.11,1,0.06,-0.04,1
2649,4747,3,3,6.89,1060,508,0.75,0.11,0,0.91,5.00,1
16,4831,16,2,1318.65,1,26,0.11,0.18,1,0.05,-0.56,1
60,3145,11,0,1178.91,5,37,0.14,0.04,1,0.07,-0.19,1
45,3935,15,2,1572.78,6,39,0.02,0.11,1,0.04,-0.65,1
38,5115,11,1,1480.83,-1,27,0.20,0.20,1,0.03,0.57,1
3041,3517,0,3,7.75,1122,584,0.87,0.14,0,0.82,5.00,1
63,3704,10,1,1177.54,8,32,0.07,0.05,1,0.07,-0.43,1
43,4602,11,1,1507.50,9,30,0.17,0.19,1,0.05,0.54,1
92,6512,9,1,1611.49,7,41,0.01,0.09,1,0.08,0.50,1
86,5343,15,0,1404.23,5,39,0.14,0.15,1,0.04,0.37,1
3095,5126,1,2,7.44,977,587,0.81,0.10,0,0.86,5.00,1
69,4771,11,0,1654.14,1,31,0.06,0.10,1,0.08,-0.69,1
54,5256,19,4,1310.75,6,22,0.04,0.10,1,0.03,0.26,1
58,6093,14,3,1165.89,6,22,0.18,0.09,1,0.06,-0.70,1
96,3569,14,3,1576.61,8,28,0.07,0.13,1,0.02,0.38,1
3095,4772,0,0,1.28,1213,546,0.95,0.16,0,0.91,5.00,1
41,6077,8,0,1437.33,-1,37,0.04,0.03,1,0.03,0.40,1
118,3791,14,1,1625.61,6,39,0.09,0.12,1,0.08,0.17,1
64,5028,12,3,1355.62,9,36,0.18,0.15,1,0.05,-0.75,1
76,6080,8,0,1402.58,6,11,0.05,0.03,1,0.03,0.27,1
2458,5081,0,1,2.11,817,467,0.99,0.09,0,0.92,5.00,1
55,3762,17,3,1259.32,5,40,0.15,0.05,1,0.05,0.29,1
49,4471,19,1,1522.76,10,19,0.15,0.15,1,0.07,0.50,1
37,7205,8,1,1661.94,6,29,0.06,0.09,1,0.02,-0.17,1
52,5814,17,1,1460.85,9,32,0.01,0.10,1,0.08,0.13,1
2514,4564,2,1,3.12,856,476,0.84,0.04,0,0.86,5.00,1
60,5046,12,3,1349.28,1,33,0.07,0.15,1,0.04,-0.24,1
63,5420,8,4,1615.71,5,31,0.14,0.14,1,0.08,-0.44,1
56,5679,14,2,1722.84,2,36,0.04,0.00,1,0.05,-0.28,1
43,6301,10,3,1190.29,4,33,0.08,0.18,1,0.05,-0.26,1
3048,3695,1,3,2.49,1058,474,0.80,0.06,0,0.96,5.00,1
32,7567,9,0,1613.03,6,29,0.01,0.04,1,0.03,-0.14,1
83,5523,10,3,1476.49,5,27,0.15,0.17,1,0.07,0.09,1
66,5221,9,1,1439.99,6,37,0.03,0.01,1,0.03,0.12,1
72,4896,9,1,1602.35,4,26,0.20,0.07,1,0.02,0.04,1
2576,5666,3,3,1.48,1028,453,0.88,0.08,0,0.86,5.00,1
66,3137,10,2,1606.46,5,23,0.05,0.12,1,0.01,-0.01,1
24,4192,16,2,1505.64,3,46,0.04,0.12,1,0.07,-0.85,1
90,6670,18,2,1661.18,6,53,0.11,0.20,1,0.01,1.00,1
48,5839,17,3,1366.24,6,25,0.02,0.17,1,0.06,-0.25,1
2831,4538,3,0,9.46,1198,551,0.86,0.03,0,0.87,5.00,1
100,5159,16,3,1695.65,6,38,0.04,0.01,1,0.01,0.02,1
19,4981,17,0,1468.31,7,27,0.15,0.17,1,0.01,-0.18,1
65,6142,8,1,1606.43,9,25,0.14,0.19,1,0.01,-0.24,1
65,6547,16,1,1645.00,7,25,0.03,0.04,1,0.01,-0.20,1
2729,5994,3,3,8.11,894,444,0.82,0.01,0,0.98,5.00,1
54,5110,8,0,1316.89,2,42,0.06,0.08,1,0.03,-0.03,1
51,4274,15,3,1592.57,5,29,0.00,0.15,1,0.06,-0.46,1
55,6888,10,2,1777.27,6,33,0.10,0.19,1,0.08,0.90,1
41,5616,9,4,1378.47,7,33,0.14,0.02,1,0.04,-0.11,1
2363,6812,1,3,1.23,1153,495,0.82,0.18,0,0.93,5.00,1
30,5422,8,0,987.38,8,52,0.05,0.15,1,0.01,0.32,1
44,4946,11,3,1078.10,8,27,0.11,0.17,1,0.01,0.39,1
19,6240,10,0,1700.20,8,33,0.00,0.17,1,0.01,-0.31,1
92,6042,20,2,1734.29,2,22,0.15,0.18,1,0.08,-0.60,1
3671,3441,3,0,9.60,940,524,0.73,0.04,0,0.86,5.00,1
20,4111,16,2,1647.25,6,29,0.13,0.09,1,0.05,-0.79,1
110,3091,19,2,1102.78,5,23,0.00,0.11,1,0.04,-0.43,1
69,4573,19,4,1693.99,1,39,0.01,0.16,1,0.02,0.01,1
35,4567,13,1,1808.26,6,42,0.05,0.09,1,0.02,0.31,1
3184,4392,1,3,2.64,1045,530,0.96,0.07,0,0.87,5.00,1
38,4893,14,3,1235.19,8,9,0.01,0.09,1,0.02,1.41,1
96,5254,11,0,1763.04,6,30,0.16,0.15,1,0.06,-1.06,1
68,4387,20,3,1552.21,1,42,0.15,0.02,1,0.08,0.00,1
50,3765,14,3,1452.87,10,54,0.18,0.16,1,0.08,-0.02,1
3055,3802,2,1,4.96,808,439,0.77,0.01,0,0.84,5.00,1
66,7610,9,3,1362.64,-1,31,0.07,0.06,1,0.04,0.03,1
87,5158,19,1,1293.64,4,26,0.10,0.02,1,0.04,-0.40,1
72,5247,12,0,1316.62,6,43,0.15,0.07,1,0.00,-0.55,1
60,4792,12,3,1783.15,6,31,0.03,0.08,1,0.06,0.95,1
2996,5688,1,2,6.55,937,545,0.86,0.11,0,0.88,5.00,1
34,4144,15,2,1791.39,6,47,0.18,0.17,1,0.05,0.06,1
45,5586,13,2,1017.27,8,28,0.11,0.15,1,0.04,0.06,1
53,4374,8,2,1479.14,-3,18,0.15,0.08,1,0.07,0.48,1
87,6273,9,2,1520.04,6,41,0.03,0.06,1,0.03,0.14,1
2797,6590,3,1,3.70,863,552,0.86,0.07,0,0.80,5.00,1
70,6254,9,3,1542.27,0,13,0.14,0.18,1,0.00,0.18,1
95,3439,19,3,1461.52,3,20,0.07,0.07,1,0.08,0.22,1
64,3630,16,1,1539.32,8,39,0.15,0.14,1,0.01,-0.28,1
61,4852,18,1,1559.89,6,11,0.14,0.14,1,0.07,0.21,1
2658,5508,2,4,5.04,1187,414,1.00,0.08,0,0.81,5.00,1
64,3623,12,4,1247.48,7,28,0.08,0.17,1,0.05,-0.25,1
23,3420,15,4,1340.45,3,20,0.12,0.08,1,0.07,-0.62,1
57,6499,12,3,1297.54,4,18,0.16,0.12,1,0.10,-0.05,1
50,6969,13,2,1998.41,2,19,0.07,0.10,1,0.07,0.32,1
3566,5046,3,1,9.96,803,512,0.76,0.14,0,0.91,5.00,1
79,6252,19,4,1490.35,4,20,0.11,0.08,1,0.03,-0.62,1
51,5431,17,4,1387.39,2,21,0.06,0.13,1,0.02,0.47,1
75,5627,8,0,1541.35,5,31,0.09,0.00,1,0.07,0.42,1
74,5103,9,2,1415.40,6,34,0.16,0.04,1,0.08,-0.22,1
2441,5195,3,4,6.85,937,520,0.81,0.18,0,0.98,5.00,1
97,5362,19,3,1812.53,7,21,0.06,0.03,1,0.01,-0.71,1
59,5075,9,1,1683.88,5,29,0.12,0.14,1,0.04,-0.02,1
56,4305,11,4,1197.46,4,54,0.19,0.06,1,0.02,-0.57,1
81,6979,19,0,1671.03,4,20,0.09,0.13,1,0.04,-0.90,1
3169,3542,0,1,5.44,1109,434,0.74,0.08,0,0.82,5.00,1
70,4521,18,0,1427.60,5,44,0.05,0.04,1,0.03,0.24,1
39,5855,11,3,1882.51,3,22,0.14,0.06,1,0.09,0.54,1
79,4581,16,2,1596.58,5,31,0.03,0.14,1,0.07,0.00,1
47,4597,18,4,1418.17,8,28,0.16,0.03,1,0.03,-0.18,1
2889,3225,0,0,5.44,1284,426,0.71,0.08,0,0.80,5.00,1
59,3623,9,1,1681.24,5,19,0.09,0.00,1,0.07,-0.10,1
124,4438,12,3,1578.12,6,32,0.07,0.03,1,0.05,-0.12,1
24,4111,13,4,1516.30,5,33,0.03,0.06,1,0.08,0.26,1
48,5917,16,2,1701.91,3,28,0.07,0.12,1,0.09,-0.47,1
4335,6399,1,1,2.67,888,512,0.83,0.10,0,0.82,5.00,1
53,5076,18,3,1409.56,11,26,0.13,0.00,1,0.07,-0.97,1
51,6754,17,3,1527.16,7,30,0.18,0.02,1,0.04,0.01,1
11,3575,19,0,1475.30,5,39,0.00,0.13,1,0.04,0.06,1
94,5035,16,2,1570.93,2,14,0.10,0.09,1,0.07,0.06,1
3858,5626,2,3,6.60,686,458,0.71,0.10,0,0.92,5.00,1
45,4687,18,1,1307.03,6,28,0.06,0.07,1,0.02,-0.11,1
57,5754,10,4,1353.90,8,42,0.01,0.04,1,0.10,0.74,1
55,6376,11,3,1324.74,4,26,0.06,0.08,1,0.04,-0.26,1
68,5389,13,2,1229.46,6,32,0.12,0.08,1,0.05,0.35,1
2853,3678,1,4,6.88,1337,492,0.71,0.07,0,0.92,5.00,1
84,5200,18,1,1231.08,4,39,0.01,0.11,1,0.01,0.16,1
78,6639,15,3,1442.02,8,39,0.18,0.14,1,0.08,-0.45,1
40,3985,12,3,1521.68,13,28,0.20,0.13,1,0.03,-0.09,1
97,3590,9,1,1311.69,-3,44,0.13,0.02,1,0.03,-0.18,1
2350,3341,1,4,6.12,1009,560,0.71,0.01,0,0.83,5.00,1
57,5477,12,1,1582.14,9,16,0.13,0.04,1,0.03,-0.04,1
34,5239,10,0,1275.84,6,43,0.08,0.20,1,0.01,0.09,1
61,6094,20,4,1614.32,1,20,0.03,0.07,1,0.04,0.29,1
68,5761,13,0,1696.32,4,47,0.07,0.06,1,0.07,0.05,1
3351,5443,3,4,7.93,724,459,0.76,0.09,0,0.84,5.00,1
66,4024,10,0,1499.38,11,29,0.18,0.15,1,0.03,0.24,1
66,4316,17,2,1844.43,5,32,0.13,0.06,1,0.07,0.36,1
82,4805,15,4,940.64,1,27,0.14,0.18,1,0.05,-1.02,1
54,4169,19,4,1185.30,4,30,0.20,0.18,1,0.07,-0.03,1
3282,5680,1,2,5.27,836,447,0.99,0.18,0,0.97,5.00,1
42,4466,8,2,1558.36,3,35,0.10,0.04,1,0.04,-0.37,1
97,5145,11,1,1321.15,5,42,0.15,0.13,1,0.03,0.31,1
69,5826,9,4,1585.78,4,27,0.05,0.07,1,0.00,-0.21,1
43,5989,12,3,1315.18,4,28,0.13,0.16,1,0.10,0.38,1
2928,5178,2,3,3.34,1381,484,0.81,0.12,0,0.91,5.00,1
35,5091,18,0,1707.80,4,23,0.10,0.14,1,0.01,0.17,1
47,5671,19,2,1461.55,7,29,0.03,0.12,1,0.05,-0.01,1
73,4790,9,4,1919.42,9,9,0.07,0.18,1,0.05,1.26,1
102,5383,11,3,1453.46,10,42,0.17,0.08,1,0.08,0.34,1
3199,3769,0,3,4.44,956,550,0.77,0.15,0,0.98,5.00,1
41,5824,10,4,1393.85,5,27,0.10,0.02,1,0.02,1.57,1
38,4945,11,1,1444.49,8,30,0.03,0.03,1,0.07,0.72,1
31,5059,10,1,996.78,5,21,0.08,0.06,1,0.10,-0.35,1
89,4959,20,0,1698.48,5,51,0.10,0.10,1,0.05,-0.23,1
2875,4813,1,3,3.79,826,531,0.82,0.00,0,0.96,5.00,1
83,5398,11,2,1482.86,1,47,0.03,0.07,1,0.07,-1.01,1
95,7103,10,2,1164.41,1,21,0.06,0.05,1,0.02,0.06,1
34,6550,20,4,1255.18,-1,24,0.19,0.10,1,0.05,-0.34,1
80,6148,9,0,1498.65,1,36,0.12,0.14,1,0.00,-0.13,1
2784,4953,1,0,8.80,1079,457,0.83,0.20,0,0.89,5.00,1
22,4700,12,4,1533.14,3,59,0.20,0.06,1,0.05,-0.38,1
67,6139,20,2,1329.90,6,25,0.20,0.17,1,0.06,0.09,1
96,6741,12,0,1299.65,2,12,0.13,0.10,1,0.00,0.89,1
34,6087,13,3,1442.82,4,24,0.07,0.14,1,0.03,-0.18,1
3719,4822,0,1,4.75,1409,475,0.93,0.14,0,0.97,5.00,1
17,4318,15,2,1665.74,10,33,0.04,0.11,1,0.07,0.00,1
89,1636,9,2,1331.06,8,30,0.13,0.02,1,0.05,0.47,1
59,4825,10,2,1491.93,3,41,0.19,0.08,1,0.05,-0.18,1
34,5386,10,2,1196.33,4,23,0.03,0.11,1,0.07,0.35,1
1974,5841,2,4,4.38,1252,455,0.88,0.16,0,0.93,5.00,1
52,6749,17,0,1366.15,3,19,0.08,0.04,1,0.04,0.23,1
67,5228,20,1,1556.73,6,24,0.18,0.06,1,0.01,0.43,1
34,5333,19,3,1418.33,0,27,0.11,0.02,1,0.09,0.13,1
39,6032,8,4,1181.43,10,28,0.16,0.10,1,0.03,-0.08,1
3289,3437,0,0,2.52,1060,452,0.77,0.07,0,0.90,5.00,1
63,4664,17,4,1867.63,8,24,0.02,0.08,1,0.02,-0.08,1
54,4516,18,2,1542.69,2,32,0.08,0.04,1,0.09,-0.24,1
44,6225,12,2,1542.10,7,18,0.17,0.15,1,0.05,0.32,1
115,5463,20,1,1567.65,6,54,0.17,0.05,1,0.04,0.07,1
3173,5213,0,3,9.41,1190,506,0.80,0.13,0,0.93,5.00,1
77,4238,14,0,1103.21,4,11,0.03,0.16,1,0.05,-0.18,1
66,3671,13,0,1258.45,2,33,0.19,0.10,1,0.08,-0.66,1
44,4672,12,0,1326.97,10,30,0.13,0.17,1,0.05,-0.83,1
32,5205,20,3,1535.42,2,25,0.13,0.01,1,0.10,0.18,1
2557,6213,1,4,8.95,1243,572,0.76,0.18,0,0.83,5.00,1
75,6697,20,0,1351.42,3,14,0.15,0.11,1,0.02,0.66,1
108,4160,20,0,1462.00,3,41,0.19,0.17,1,0.07,0.13,1
63,4486,17,0,1393.51,5,16,0.08,0.11,1,0.06,0.41,1
74,5650,16,3,1461.25,3,15,0.00,0.06,1,0.03,-0.06,1
3488,4895,1,4,5.10,1134,468,0.71,0.07,0,0.99,5.00,1
89,5288,17,3,1359.61,7,37,0.13,0.19,1,0.01,0.30,1
81,5473,17,2,1059.05,4,24,0.03,0.11,1,0.04,0.16,1
71,5789,19,1,1535.49,5,13,0.14,0.04,1,0.05,0.04,1
40,6168,19,1,1925.28,6,30,0.08,0.17,1,0.09,-0.14,1
2717,4940,2,1,9.58,1091,451,0.84,0.18,0,0.88,5.00,1
71,5542,14,4,1582.63,5,17,0.03,0.08,1,0.05,0.48,1
30,5652,16,3,1467.17,2,18,0.17,0.12,1,0.06,0.26,1
78,4995,20,1,1168.31,3,35,0.02,0.12,1,0.09,-0.04,1
68,5930,10,3,1099.99,6,48,0.04,0.14,1,0.06,0.34,1
3363,5898,1,3,5.74,1262,533,0.83,0.14,0,0.95,5.00,1
42,4090,15,2,1397.70,3,38,0.05,0.19,1,0.07,0.32,1
29,4169,20,2,1626.24,4,28,0.19,0.03,1,0.09,-0.21,1
64,7626,10,1,989.08,2,29,0.13,0.04,1,0.01,0.22,1
44,5133,13,1,1364.32,5,51,0.16,0.11,1,0.09,0.73,1
2821,3603,0,1,1.84,1074,480,0.89,0.15,0,0.90,5.00,1
23,3862,12,4,1584.06,7,32,0.11,0.13,1,0.04,1.26,1
62,5086,16,4,1742.55,2,25,0.11,0.15,1,0.03,0.10,1
60,4345,13,1,1609.68,2,24,0.06,0.06,1,0.09,-0.07,1
68,4944,10,2,1560.53,5,29,0.08,0.13,1,0.02,-0.94,1
2224,4574,1,0,4.97,833,503,0.98,0.08,0,0.91,5.00,1
36,5097,17,4,1417.47,1,20,0.03,0.05,1,0.05,-0.25,1
76,4510,11,4,1292.75,2,22,0.18,0.00,1,0.06,0.01,1
77,6307,18,1,1345.04,0,29,0.12,0.05,1,0.03,-0.21,1
67,6885,10,4,1423.41,8,45,0.13,0.05,1,0.04,-0.31,1
3673,4257,1,1,1.71,621,515,0.81,0.15,0,0.96,5.00,1
47,6967,17,0,1476.85,6,29,0.14,0.01,1,0.07,0.14,1
28,5398,8,1,1362.06,2,44,0.06,0.01,1,0.02,-0.25,1
57,5036,17,2,1437.85,8,27,0.06,0.03,1,0.05,0.91,1
55,4775,18,1,1323.36,10,33,0.13,0.01,1,0.02,0.29,1
2795,4943,3,4,7.40,773,595,0.83,0.07,0,0.89,5.00,1
57,4832,9,3,1486.04,2,29,0.17,0.11,1,0.06,0.05,1
74,5015,16,4,1072.80,3,40,0.04,0.08,1,0.01,1.00,1
53,3899,11,2,1351.56,3,13,0.04,0.01,1,0.02,-0.40,1
58,5423,12,1,1790.28,11,33,0.20,0.16,1,0.05,-0.07,1
3644,3895,1,1,1.55,1213,524,0.97,0.12,0,0.95,5.00,1
74,3443,11,4,1501.67,2,32,0.04,0.12,1,0.02,-0.47,1
62,3991,16,3,1631.00,7,35,0.08,0.17,1,0.05,-0.17,1
42,4115,18,4,1262.98,1,38,0.16,0.01,1,0.09,0.84,1
72,4745,9,2,1541.10,10,23,0.12,0.01,1,0.05,-0.11,1
3259,5672,0,0,3.84,971,433,0.86,0.19,0,0.92,5.00,1
70,4808,15,1,1407.62,6,37,0.17,0.02,1,0.07,0.17,1
24,4402,8,4,1797.78,-1,31,0.20,0.15,1,0.05,-0.11,1
93,5031,20,1,1369.77,2,30,0.03,0.12,1,0.02,0.05,1
93,4967,8,4,1137.23,7,30,0.17,0.18,1,0.08,0.53,1
3246,3041,0,3,5.00,1000,469,0.98,0.01,0,0.80,5.00,1
81,5416,16,4,1588.48,11,36,0.15,0.06,1,0.08,-0.25,1
76,3858,14,0,1228.05,7,18,0.15,0.01,1,0.02,0.14,1
70,5373,18,2,1475.05,5,39,0.13,0.18,1,0.09,0.63,1
59,3672,16,3,1371.09,4,46,0.04,0.13,1,0.09,0.39,1
2708,4662,2,4,9.93,1156,400,0.77,0.14,0,0.81,5.00,1
73,4090,18,1,1594.84,5,42,0.16,0.17,1,0.04,-0.33,1
18,3752,10,4,1727.02,4,35,0.19,0.12,1,0.09,-0.14,1
51,3825,13,3,1226.61,4,40,0.19,0.12,1,0.01,0.09,1
60,5157,13,3,1833.14,7,46,0.17,0.08,1,0.08,-0.05,1
3814,3026,1,2,4.35,1222,571,0.80,0.10,0,1.00,5.00,1
86,3572,14,2,1350.92,3,36,0.16,0.05,1,0.00,-0.32,1
95,4279,11,0,1435.93,-1,38,0.14,0.05,1,0.01,-0.35,1
67,4892,9,1,1574.22,4,47,0.06,0.02,1,0.04,0.52,1
29,4347,17,3,1705.29,1,31,0.16,0.06,1,0.01,0.11,1
2527,3403,2,2,7.72,920,534,0.73,0.11,0,0.82,5.00,1
57,4046,11,0,1548.14,4,39,0.18,0.01,1,0.05,-0.55,1
50,5074,9,2,1144.98,3,32,0.20,0.16,1,0.07,-0.22,1
70,6474,12,1,1248.32,6,37,0.03,0.11,1,0.08,0.00,1
49,3682,9,3,1344.88,3,29,0.07,0.13,1,0.02,0.14,1
3064,4638,2,1,6.08,1238,494,0.71,0.17,0,0.84,5.00,1
47,3789,15,3,1556.62,5,35,0.06,0.05,1,0.05,-0.17,1
56,4335,8,3,1414.55,3,34,0.16,0.10,1,0.03,-0.75,1
63,5751,18,4,1420.36,3,30,0.05,0.08,1,0.05,-0.04,1
65,3993,12,0,1563.85,7,23,0.11,0.19,1,0.09,-0.23,1
3537,5952,3,0,8.46,894,481,0.73,0.19,0,0.85,5.00,1
74,4944,9,4,1573.32,8,47,0.12,0.02,1,0.04,-0.23,1
69,4914,10,2,1184.24,9,17,0.12,0.03,1,0.02,-0.13,1
41,4300,8,3,1301.14,7,41,0.18,0.03,1,0.03,-0.60,1
46,4957,9,2,1209.00,6,34,0.08,0.02,1,0.10,-1.23,1
2231,2648,2,4,3.82,1054,441,0.76,0.12,0,0.85,5.00,1
88,5711,11,2,1730.41,4,26,0.13,0.08,1,0.07,-0.18,1
43,3839,8,4,1262.91,7,17,0.04,0.02,1,0.06,-0.15,1
78,3735,19,4,1642.16,7,29,0.15,0.08,1,0.00,-0.18,1
77,4635,11,2,1778.90,5,29,0.05,0.10,1,0.07,0.95,1
2717,4920,2,2,4.78,680,549,0.70,0.10,0,0.82,5.00,1
39,4872,11,4,1600.49,6,34,0.04,0.14,1,0.06,0.40,1
74,5343,10,0,1464.17,6,29,0.07,0.15,1,0.08,-0.31,1
58,6084,14,0,1098.62,4,35,0.20,0.18,1,0.06,0.22,1
101,3388,15,1,1203.27,9,33,0.10,0.06,1,0.01,0.38,1
2464,5937,3,4,4.08,660,509,0.88,0.15,0,0.81,5.00,1
56,5348,12,3,1527.70,-1,45,0.01,0.13,1,0.08,-0.10,1
41,4932,19,0,1576.64,6,46,0.05,0.08,1,0.03,-1.01,1
50,5514,10,1,1875.78,5,36,0.13,0.07,1,0.03,-0.47,1
90,4619,15,3,1449.13,7,3,0.17,0.19,1,0.04,0.09,1
2945,5441,0,3,2.43,870,537,0.74,0.19,0,0.81,5.00,1
75,5834,19,2,1527.03,6,17,0.15,0.05,1,0.05,-0.53,1
46,3901,8,3,1407.13,4,19,0.11,0.02,1,0.06,0.10,1
67,3338,8,2,1394.63,-1,26,0.07,0.08,1,0.10,-0.03,1
26,4966,15,3,1566.73,4,17,0.06,0.09,1,0.03,-0.45,1
3066,5169,2,2,5.32,1072,462,0.74,0.15,0,0.86,5.00,1
64,3468,19,3,1526.56,3,6,0.18,0.11,1,0.07,-0.84,1
73,3109,14,2,1648.62,2,12,0.14,0.06,1,0.07,0.93,1
28,5319,16,4,1560.71,7,30,0.01,0.09,1,0.09,-0.36,1
63,3464,15,3,1451.35,0,25,0.15,0.16,1,0.08,-0.56,1
2975,6874,3,3,5.05,982,473,0.87,0.11,0,0.95,5.00,1
52,5986,15,2,1258.78,9,22,0.13,0.05,1,0.01,-0.16,1
29,4326,10,1,1594.65,1,29,0.04,0.07,1,0.08,-0.27,1
91,4643,14,3,1315.91,6,52,0.11,0.20,1,0.00,0.49,1
56,5798,13,1,1500.86,1,33,0.03,0.13,1,0.09,0.67,1
2699,5472,0,4,8.13,882,472,0.99,0.06,0,0.94,5.00,1
37,5990,13,0,1553.63,2,33,0.00,0.17,1,0.10,0.90,1
69,4590,11,1,1238.51,3,39,0.12,0.14,1,0.07,-0.44,1
38,6292,20,3,1446.59,2,19,0.02,0.04,1,0.04,0.18,1
62,5998,17,0,1284.64,2,40,0.09,0.10,1,0.00,0.06,1
3315,6913,1,4,4.86,852,586,0.71,0.06,0,0.84,5.00,1
20,5423,17,3,1182.98,3,47,0.02,0.10,1,0.05,-0.93,1
36,4204,16,4,1438.79,5,34,0.19,0.14,1,0.09,0.19,1
52,3002,15,1,1478.67,3,24,0.10,0.12,1,0.05,-0.56,1
52,4166,8,1,1416.63,5,25,0.02,0.15,1,0.03,0.04,1
3484,5841,1,1,6.07,734,538,0.93,0.08,0,0.84,5.00,1
43,5142,12,1,1725.01,8,34,0.05,0.18,1,0.08,0.68,1
67,4650,12,0,1164.37,8,14,0.14,0.11,1,0.09,0.55,1
34,5528,12,1,1226.53,2,30,0.19,0.11,1,0.08,0.00,1
77,4149,18,4,1526.19,5,51,0.00,0.06,1,0.09,-0.04,1
2509,6594,3,4,1.85,1215,610,0.93,0.02,0,1.00,5.00,1
86,4129,8,3,1493.54,1,28,0.04,0.18,1,0.02,-0.47,1
78,4606,12,0,1481.26,6,4,0.07,0.11,1,0.03,0.06,1
100,4416,9,0,1786.93,4,31,0.08,0.19,1,0.03,0.31,1
115,3671,15,0,1557.44,2,41,0.18,0.03,1,0.03,-0.05,1
3491,5753,1,1,3.07,884,409,0.76,0.18,0,0.92,5.00,1
65,5938,8,1,1296.74,9,45,0.05,0.07,1,0.01,0.34,1
58,3723,8,3,1687.96,3,41,0.17,0.00,1,0.09,0.70,1
67,5253,16,2,1302.08,4,23,0.01,0.16,1,0.09,0.21,1
73,5530,18,4,1637.11,5,23,0.20,0.04,1,0.00,-0.10,1
3125,4770,1,3,7.20,930,472,0.93,0.10,0,0.89,5.00,1
44,4983,14,3,1476.28,4,23,0.07,0.19,1,0.07,-0.21,1
66,3707,12,1,1370.37,3,39,0.18,0.04,1,0.09,-0.06,1
56,6095,12,1,1154.30,3,28,0.10,0.05,1,0.01,-0.31,1
55,5125,15,0,1981.24,3,16,0.14,0.20,1,0.09,1.01,1
3870,2505,1,3,4.18,1261,470,0.87,0.17,0,0.88,5.00,1
87,5791,11,0,1755.16,1,44,0.01,0.14,1,0.07,0.22,1
61,4291,13,4,1470.29,3,30,0.04,0.07,1,0.04,0.55,1
16,3652,16,3,1657.23,3,19,0.13,0.01,1,0.02,-0.38,1
25,3888,13,0,1382.33,3,26,0.12,0.03,1,0.01,0.66,1
3336,5786,2,2,5.83,964,485,0.90,0.15,0,0.98,5.00,1
28,6087,17,2,1370.44,-1,44,0.12,0.05,1,0.04,0.18,1
69,4883,18,3,1197.49,0,12,0.01,0.06,1,0.09,0.22,1
29,6134,19,0,1432.41,5,29,0.11,0.01,1,0.04,-0.63,1
52,3955,11,0,1195.36,6,33,0.07,0.10,1,0.09,0.99,1
3023,5832,1,1,8.54,627,527,0.74,0.07,0,0.89,5.00,1
62,4652,16,1,1459.29,2,19,0.16,0.14,1,0.10,0.04,1
17,5529,19,4,1719.10,3,35,0.13,0.06,1,0.08,0.13,1
32,4986,13,1,1399.77,4,38,0.16,0.06,1,0.09,0.37,1
76,5520,10,4,1531.85,7,31,0.19,0.12,1,0.05,-0.51,1
3967,4435,2,1,9.79,975,509,0.81,0.15,0,0.90,5.00,1
82,5187,8,3,1476.13,3,55,0.06,0.00,1,0.08,-0.46,1
36,4928,17,1,1580.36,5,39,0.14,0.20,1,0.02,-0.28,1
78,3332,12,4,1327.38,11,21,0.13,0.12,1,0.03,-0.07,1
71,5281,14,4,1148.55,5,43,0.08,0.19,1,0.01,-0.78,1
3063,4709,0,4,3.09,908,543,0.82,0.08,0,0.82,5.00,1
51,4285,9,0,1364.06,1,18,0.02,0.06,1,0.07,-0.24,1
73,5015,12,3,2010.28,6,11,0.12,0.11,1,0.01,-1.08,1
52,4674,11,4,931.17,8,24,0.11,0.01,1,0.07,0.53,1
79,5622,11,4,1353.29,8,35,0.18,0.11,1,0.04,-0.08,1
2331,5820,3,4,6.12,740,499,0.82,0.13,0,0.92,5.00,1
85,6225,10,2,1593.94,5,22,0.07,0.07,1,0.07,-0.33,1
85,4959,20,1,1095.51,5,24,0.20,0.07,1,0.04,-0.01,1
23,4511,19,2,1308.94,8,22,0.07,0.01,1,0.03,0.56,1
70,3259,8,0,1316.68,5,44,0.18,0.03,1,0.10,-0.27,1
2790,6815,2,4,2.32,787,452,0.99,0.19,0,0.95,5.00,1
94,5719,13,1,1495.91,5,37,0.11,0.19,1,0.03,-0.44,1
61,4306,16,4,1463.64,3,30,0.17,0.17,1,0.08,0.15,1
79,4902,10,2,1137.94,3,33,0.11,0.17,1,0.03,-0.02,1
63,4338,8,4,1364.52,7,14,0.10,0.14,1,0.01,0.02,1
2970,6007,3,1,3.13,820,438,0.76,0.08,0,0.83,5.00,1
42,6084,19,2,1446.83,5,34,0.17,0.01,1,0.05,-0.60,1
49,3195,14,1,1044.91,6,39,0.13,0.02,1,0.06,-0.47,1
39,5252,11,1,1289.78,3,21,0.15,0.16,1,0.05,0.47,1
42,6554,11,1,1583.67,3,40,0.04,0.19,1,0.08,0.72,1
3923,6213,3,1,8.08,810,369,0.83,0.01,0,0.97,5.00,1
60,7022,9,4,1427.37,5,13,0.14,0.10,1,0.04,-0.50,1
72,4489,11,1,1866.35,6,29,0.12,0.17,1,0.03,0.96,1
55,5012,14,4,1401.03,2,48,0.11,0.09,1,0.08,0.20,1
62,5208,17,0,1718.08,0,36,0.09,0.11,1,0.09,-0.17,1
2423,6038,2,0,7.24,907,479,0.82,0.16,0,0.91,5.00,1
58,4667,14,3,1366.70,3,10,0.09,0.03,1,0.02,-0.12,1
65,4121,20,1,1798.17,4,30,0.05,0.08,1,0.03,0.34,1
55,3927,13,2,1072.27,6,25,0.10,0.03,1,0.03,-0.07,1
52,4321,11,2,1158.45,2,22,0.01,0.09,1,0.04,0.25,1
2922,5757,0,4,4.67,821,533,0.91,0.13,0,0.80,5.00,1
56,3978,13,4,1760.03,-3,22,0.04,0.12,1,0.07,0.12,1
61,4556,12,1,1411.64,3,36,0.04,0.06,1,0.09,-0.13,1
68,2970,17,4,1328.61,6,31,0.06,0.12,1,0.06,-0.39,1
50,5780,8,3,1165.99,5,56,0.12,0.17,1,0.03,-1.20,1
3056,4506,3,2,8.40,1126,419,0.84,0.06,0,0.85,5.00,1
47,5673,10,2,1309.10,3,32,0.01,0.12,1,0.05,0.06,1
75,3412,15,1,1364.16,4,33,0.03,0.08,1,0.02,-0.30,1
65,3277,14,0,1351.71,5,26,0.02,0.09,1,0.08,-0.10,1
79,6426,8,3,1412.54,2,23,0.04,0.03,1,0.04,0.24,1
2557,6098,3,0,8.86,879,523,0.95,0.05,0,0.90,5.00,1
83,2479,13,2,1132.40,5,39,0.11,0.10,1,0.08,0.06,1
95,5733,10,2,1720.23,9,34,0.05,0.11,1,0.02,-0.05,1
84,4038,16,2,1361.19,6,40,0.14,0.09,1,0.03,0.80,1
37,6472,18,2,1344.79,6,28,0.10,0.15,1,0.05,0.11,1
1453,6042,1,3,8.90,1128,553,0.92,0.08,0,0.95,5.00,1
88,2312,19,3,1393.25,0,30,0.10,0.01,1,0.07,-0.74,1
50,7688,10,0,1496.09,0,45,0.17,0.08,1,0.06,-0.05,1
50,5635,8,2,1635.99,7,26,0.20,0.06,1,0.10,0.71,1
80,4426,19,0,1355.21,6,17,0.15,0.10,1,0.02,-0.08,1
2671,4656,1,3,7.73,728,564,0.75,0.04,0,0.84,5.00,1
48,5809,19,4,1189.91,2,13,0.07,0.18,1,0.03,-0.17,1
71,6257,16,0,1317.99,5,21,0.10,0.07,1,0.03,0.85,1
37,4475,9,3,1448.07,2,11,0.02,0.14,1,0.06,-0.11,1
48,5689,11,0,1366.25,6,50,0.15,0.00,1,0.01,0.20,1
2685,5896,2,1,4.98,944,546,0.93,0.04,0,0.90,5.00,1
84,5741,10,3,1443.67,9,44,0.18,0.07,1,0.04,0.67,1
48,4650,15,1,1621.11,6,30,0.04,0.09,1,0.03,0.05,1
76,4875,15,1,1444.00,14,43,0.12,0.16,1,0.03,0.40,1
47,4069,8,4,1588.37,2,35,0.19,0.12,1,0.08,0.13,1
2712,4850,1,2,8.74,637,538,1.00,0.08,0,0.82,5.00,1
68,3596,12,0,1302.89,4,23,0.15,0.16,1,0.08,-0.28,1
7,4931,16,1,1133.23,7,32,0.17,0.06,1,0.10,0.01,1
62,4741,11,3,1560.98,6,3,0.18,0.19,1,0.01,-0.02,1
84,4269,16,2,1381.63,3,26,0.09,0.10,1,0.02,0.38,1
2953,4812,2,4,3.44,1229,488,0.94,0.11,0,0.94,5.00,1
37,4728,16,1,1591.13,0,31,0.03,0.17,1,0.01,0.53,1
11,5013,15,1,1360.01,7,35,0.14,0.09,1,0.02,-0.22,1
79,5675,9,2,1393.36,6,37,0.06,0.19,1,0.09,-0.03,1
28,3468,13,2,1527.53,5,32,0.08,0.10,1,0.01,0.08,1
2727,2760,0,1,4.78,1167,557,0.72,0.02,0,0.93,5.00,1
42,4446,10,3,1549.86,7,30,0.02,0.07,1,0.08,0.19,1
41,2754,13,0,1345.34,2,34,0.12,0.11,1,0.01,-0.77,1
38,6562,18,1,1671.84,4,33,0.16,0.11,1,0.03,0.17,1
43,6991,18,0,1870.31,4,20,0.09,0.19,1,0.09,0.22,1
3403,3953,3,4,3.57,1141,468,0.77,0.08,0,0.87,5.00,1
62,5188,16,2,1570.45,6,17,0.19,0.11,1,0.02,0.00,1
63,5038,15,3,1036.29,10,26,0.19,0.13,1,0.07,0.01,1
74,5543,13,2,1393.58,3,19,0.16,0.18,1,0.05,-0.46,1
33,4030,12,0,1528.83,13,36,0.04,0.05,1,0.08,0.37,1
3738,4811,2,2,9.07,981,434,0.89,0.05,0,0.90,5.00,1
69,4954,19,0,1216.69,11,31,0.20,0.14,1,0.01,0.82,1
91,4348,12,4,1210.94,5,24,0.19,0.15,1,0.10,0.10,1
59,4985,9,2,1644.46,3,25,0.04,0.19,1,0.09,-0.11,1
66,3507,13,1,1591.95,5,12,0.01,0.09,1,0.07,-0.26,1
2524,4019,0,2,4.16,1076,506,0.87,0.05,0,0.92,5.00,1
96,3718,9,1,1722.20,3,26,0.18,0.04,1,0.01,0.20,1
106,3361,18,2,1828.68,3,37,0.08,0.19,1,0.02,-0.45,1
48,4897,17,2,1434.09,4,43,0.20,0.14,1,0.07,0.22,1
52,6106,15,1,1606.97,8,24,0.09,0.10,1,0.01,-0.40,1
3620,4282,3,3,8.25,985,500,0.98,0.09,0,0.85,5.00,1
68,5430,16,2,1459.49,7,30,0.13,0.15,1,0.08,0.04,1
100,4748,17,1,1352.77,7,11,0.19,0.09,1,0.10,0.48,1
75,5940,18,2,1684.83,-3,36,0.16,0.16,1,0.04,-0.14,1
64,4514,11,2,1505.46,6,33,0.14,0.11,1,0.05,-0.53,1
2689,4245,3,1,7.66,1159,598,0.82,0.02,0,0.94,5.00,1
44,4849,15,3,1017.50,5,27,0.11,0.01,1,0.07,-0.21,1
68,5820,18,4,1701.76,1,28,0.14,0.12,1,0.08,0.89,1
66,2997,12,4,1275.32,7,29,0.02,0.13,1,0.04,-0.62,1
49,5066,12,1,1176.93,7,5,0.10,0.18,1,0.03,-0.27,1
2779,5434,3,4,6.92,1401,458,0.92,0.13,0,0.82,5.00,1
44,4382,10,2,1335.26,11,35,0.18,0.02,1,0.05,0.41,1
41,5667,9,1,1710.89,4,0,0.09,0.05,1,0.09,-1.33,1
74,3177,18,3,1616.82,5,25,0.07,0.13,1,0.05,-0.43,1
75,6011,8,3,1580.81,5,35,0.18,0.12,1,0.05,0.68,1
3901,4685,1,0,1.02,504,585,0.86,0.12,0,0.93,5.00,1
88,5507,17,2,1257.36,-1,24,0.09,0.12,1,0.08,-1.01,1
56,6968,17,0,1414.87,5,43,0.08,0.19,1,0.04,-0.05,1
46,6781,10,0,1720.83,7,52,0.13,0.01,1,0.01,0.11,1
26,6473,8,2,1468.59,3,30,0.17,0.02,1,0.09,-0.66,1
3216,5358,1,4,6.27,1411,494,0.85,0.14,0,0.93,5.00,1
66,5979,11,0,1566.94,12,25,0.14,0.09,1,0.04,-0.50,1
58,7022,15,4,1237.35,4,19,0.09,0.13,1,0.05,-0.80,1
71,6176,8,0,1772.37,5,22,0.14,0.11,1,0.01,-0.64,1
44,5938,12,1,1610.32,7,20,0.19,0.17,1,0.01,0.04,1
3035,4318,1,4,9.75,332,544,0.79,0.12,0,0.86,5.00,1
46,7604,9,1,1588.87,2,24,0.07,0.07,1,0.04,0.53,1
45,3924,17,3,1697.59,7,45,0.12,0.19,1,0.10,0.36,1
48,3683,9,3,1789.06,5,36,0.19,0.13,1,0.05,0.59,1
93,6581,20,3,1043.50,4,39,0.00,0.11,1,0.05,0.08,1
2770,4863,3,1,3.55,789,381,0.74,0.06,0,0.92,5.00,1
52,4698,18,0,1242.71,4,31,0.06,0.04,1,0.03,-0.35,1
74,5243,18,1,1023.61,4,48,0.00,0.18,1,0.09,0.07,1
39,5114,17,4,1257.97,5,13,0.17,0.16,1,0.10,0.42,1
44,4887,15,3,1755.59,10,29,0.11,0.05,1,0.09,-0.29,1
1977,4319,3,4,7.21,868,516,0.98,0.19,0,0.90,5.00,1
81,5357,20,1,1480.49,7,30,0.04,0.02,1,0.06,-0.77,1
37,4311,15,0,1532.18,7,41,0.05,0.19,1,0.00,-0.93,1
38,4007,15,1,1238.85,2,40,0.00,0.19,1,0.03,-0.09,1
92,5382,17,3,1267.35,5,26,0.08,0.12,1,0.04,0.59,1
3908,5438,0,2,4.71,1207,445,0.72,0.17,0,0.98,5.00,1
67,4416,10,4,1617.83,3,50,0.07,0.10,1,0.03,-0.37,1
53,3484,15,1,1563.40,10,23,0.07,0.01,1,0.06,0.24,1
62,5764,11,1,1510.57,7,41,0.03,0.10,1,0.02,0.90,1
29,7118,8,1,1377.46,4,41,0.13,0.04,1,0.06,-0.42,1
2402,6529,3,3,3.53,1567,581,0.85,0.04,0,0.97,5.00,1
57,4582,18,4,1482.18,-1,25,0.20,0.17,1,0.08,0.70,1
60,5430,16,4,1109.19,2,31,0.14,0.18,1,0.02,0.85,1
56,5431,9,4,1396.35,3,29,0.12,0.06,1,0.09,0.29,1
83,5992,19,2,1227.57,3,25,0.06,0.03,1,0.07,-0.31,1
3188,5463,1,0,2.31,667,459,0.81,0.14,0,0.90,5.00,1
90,6782,13,4,1375.77,6,32,0.05,0.15,1,0.09,0.92,1
83,6469,16,1,1720.58,3,18,0.19,0.14,1,0.09,-0.61,1
73,4767,13,3,1426.97,3,26,0.13,0.20,1,0.04,-0.10,1
49,4736,14,0,1253.29,1,21,0.01,0.19,1,0.08,0.15,1
3708,3636,3,1,5.37,995,539,0.92,0.14,0,0.89,5.00,1
37,5320,15,4,1138.43,7,30,0.08,0.17,1,0.07,-0.04,1
69,5145,14,4,1612.00,4,30,0.07,0.03,1,0.04,-0.14,1
61,5290,17,0,1634.73,10,18,0.11,0.14,1,0.04,-0.30,1
48,3858,19,3,1508.59,7,19,0.12,0.08,1,0.01,-0.07,1
3777,4426,3,0,8.27,1031,544,0.74,0.16,0,0.87,5.00,1
59,6502,10,2,1207.48,8,46,0.02,0.17,1,0.01,-0.62,1
42,6027,9,4,1310.49,7,17,0.11,0.03,1,0.05,1.08,1
68,5138,15,2,1482.68,1,34,0.10,0.01,1,0.01,0.67,1
62,3362,13,0,1403.51,5,39,0.08,0.07,1,0.06,0.30,1
3321,5141,3,2,5.45,1047,463,0.81,0.07,0,0.98,5.00,1
72,5559,19,2,1629.10,5,35,0.16,0.02,1,0.02,0.17,1
65,6823,15,1,1418.27,8,32,0.03,0.01,1,0.03,-0.67,1
53,5378,20,4,1714.83,7,13,0.09,0.01,1,0.07,-0.90,1
60,4596,18,2,1081.35,9,27,0.08,0.17,1,0.09,0.78,1
2428,4911,1,4,3.27,887,467,0.72,0.12,0,1.00,5.00,1
61,6093,17,3,1705.97,6,25,0.09,0.13,1,0.10,0.29,1
73,5305,15,4,1622.77,6,16,0.16,0.03,1,0.03,-0.74,1
33,6844,16,0,2077.02,6,27,0.04,0.15,1,0.07,0.87,1
73,4490,15,3,1580.75,1,22,0.17,0.19,1,0.03,-0.44,1
2530,3618,2,4,2.01,728,534,0.71,0.09,0,0.86,5.00,1
100,4279,12,4,1646.02,5,22,0.04,0.10,1,0.02,-0.24,1
65,5626,11,3,1488.22,5,23,0.19,0.02,1,0.05,-0.72,1
70,5167,19,0,1051.89,1,29,0.14,0.02,1,0.08,0.82,1
37,6300,11,2,1201.27,8,42,0.15,0.10,1,0.02,0.26,1
2855,3869,2,0,4.13,1108,478,0.94,0.03,0,0.88,5.00,1
82,4270,8,3,1420.29,10,25,0.02,0.18,1,0.01,-0.80,1
60,4615,16,2,1624.13,5,22,0.03,0.03,1,0.05,1.08,1
92,2324,9,0,1697.17,2,35,0.04,0.08,1,0.02,-0.19,1
51,7344,9,1,1493.89,4,17,0.18,0.04,1,0.03,0.65,1
3618,3741,1,1,8.55,601,511,0.86,0.13,0,0.82,5.00,1
95,5910,16,1,908.04,3,35,0.16,0.15,1,0.09,-0.56,1
51,5503,18,3,1734.13,1,26,0.17,0.00,1,0.01,0.40,1
45,3639,11,0,1753.87,8,22,0.08,0.09,1,0.06,-0.10,1
66,3137,10,1,1337.84,4,49,0.17,0.11,1,0.04,-0.17,1
3569,5202,1,2,3.47,990,549,0.88,0.05,0,0.93,5.00,1
58,5197,13,0,1435.39,11,34,0.17,0.06,1,0.02,0.76,1
53,6250,20,3,1451.20,10,29,0.06,0.20,1,0.10,0.12,1
55,5933,16,2,1622.19,6,24,0.07,0.15,1,0.03,0.16,1
46,4652,10,3,1515.30,9,38,0.09,0.08,1,0.09,0.64,1
2658,5179,0,2,4.15,1131,494,0.98,0.14,0,0.95,5.00,1
67,5299,20,0,1557.52,4,54,0.00,0.05,1,0.01,-0.60,1
76,2950,16,1,1300.58,10,29,0.03,0.03,1,0.09,-0.04,1
79,5376,19,2,1606.04,5,28,0.19,0.16,1,0.06,-1.10,1
73,4471,17,1,1219.06,10,28,0.02,0.10,1,0.01,0.78,1
3104,5584,2,1,6.12,1063,466,0.70,0.13,0,0.80,5.00,1
62,4947,17,1,1483.30,1,13,0.18,0.15,1,0.08,1.07,1
51,3350,14,2,1326.59,4,28,0.04,0.05,1,0.03,-0.10,1
73,1971,9,2,1388.89,1,11,0.00,0.16,1,0.01,-0.45,1
37,5265,17,4,1264.02,2,26,0.09,0.17,1,0.01,0.56,1
3536,6827,0,3,3.07,1090,511,0.76,0.04,0,0.80,5.00,1
90,3651,20,1,1170.46,1,41,0.09,0.19,1,0.09,0.34,1
59,5833,16,1,1525.22,6,37,0.03,0.14,1,0.04,-1.32,1
54,4110,8,2,1582.46,8,40,0.04,0.07,1,0.00,-0.89,1
65,4966,19,2,1396.23,4,37,0.09,0.05,1,0.01,0.49,1
2934,4942,3,2,4.74,1020,502,0.75,0.01,0,0.83,5.00,1
70,4970,8,0,1295.61,2,32,0.19,0.18,1,0.02,0.21,1
68,6212,14,0,1266.33,5,37,0.12,0.18,1,0.09,0.49,1
46,5334,13,1,1114.33,3,33,0.14,0.14,1,0.02,-0.49,1
41,4374,19,4,1186.33,7,30,0.14,0.17,1,0.02,-0.46,1
1684,4603,0,0,4.73,1085,527,0.93,0.18,0,1.00,5.00,1
47,4505,18,4,1518.46,2,29,0.16,0.11,1,0.09,0.32,1
110,6282,16,0,1369.86,-2,41,0.11,0.05,1,0.05,-0.35,1
64,5869,17,0,1644.40,5,23,0.03,0.13,1,0.00,-0.35,1
56,5009,15,1,1455.68,6,32,0.19,0.10,1,0.03,0.59,1
2303,4009,2,1,6.07,1265,528,0.94,0.03,0,0.86,5.00,1
39,5115,12,0,1363.49,3,37,0.18,0.15,1,0.08,-0.52,1
56,3990,13,1,1780.62,0,31,0.06,0.18,1,0.05,-0.24,1
72,5120,20,2,1240.28,-3,19,0.02,0.06,1,0.08,0.28,1
48,4614,14,0,1638.90,10,19,0.18,0.09,1,0.05,0.59,1
3205,5160,3,4,3.94,1230,646,0.79,0.09,0,0.86,5.00,1
67,4129,15,0,1277.66,2,32,0.12,0.05,1,0.03,0.12,1
64,5398,13,1,1476.80,3,38,0.01,0.14,1,0.03,0.36,1
43,4792,17,2,1841.91,7,33,0.04,0.06,1,0.01,0.76,1
62,4929,10,2,1441.53,3,23,0.05,0.12,1,0.01,-0.29,1
2362,6119,2,0,4.97,1458,504,0.78,0.17,0,0.92,5.00,1
46,5355,19,2,1568.87,-1,35,0.15,0.15,1,0.08,-0.45,1
60,4562,18,3,1598.21,7,24,0.05,0.14,1,0.09,0.44,1
67,4785,18,3,1708.94,4,40,0.04,0.08,1,0.02,-0.16,1
35,5703,10,0,1060.66,5,23,0.18,0.10,1,0.06,0.17,1
2519,5160,3,1,2.55,1310,484,0.73,0.02,0,0.88,5.00,1
22,5876,13,0,1406.84,6,17,0.15,0.06,1,0.04,0.67,1
11,4978,17,0,1909.88,2,56,0.19,0.18,1,0.08,-0.07,1
48,5418,16,0,1382.99,7,31,0.17,0.19,1,0.08,0.32,1
58,3118,14,2,1255.81,3,38,0.03,0.08,1,0.03,-0.31,1
2127,7263,0,1,9.06,950,404,0.91,0.17,0,0.96,5.00,1
69,7675,16,2,1402.70,6,33,0.12,0.09,1,0.02,0.42,1
49,4681,20,4,1218.89,4,48,0.18,0.06,1,0.03,0.59,1
76,4296,18,2,1356.98,4,37,0.03,0.14,1,0.04,0.06,1
76,4548,11,2,1154.46,11,32,0.08,0.02,1,0.06,-0.38,1
2932,5146,3,1,7.69,917,537,0.94,0.16,0,0.81,5.00,1
28,4324,11,1,1166.39,1,57,0.06,0.10,1,0.04,-0.63,1
43,2720,8,4,1770.02,4,11,0.10,0.10,1,0.01,-0.33,1
84,3979,18,1,1555.34,6,32,0.17,0.02,1,0.02,0.48,1
50,4164,16,4,1277.90,4,22,0.06,0.17,1,0.05,-0.44,1
3901,4792,3,4,1.81,979,580,0.81,0.08,0,0.92,5.00,1
56,4114,14,3,1478.62,7,7,0.15,0.11,1,0.08,0.47,1
85,3974,19,2,1342.42,5,20,0.06,0.02,1,0.02,-0.20,1
66,4857,14,4,1461.61,5,27,0.08,0.16,1,0.08,0.22,1
41,5103,13,3,1214.31,2,31,0.05,0.03,1,0.02,-0.47,1
3334,3330,0,2,3.93,775,555,0.71,0.13,0,0.92,5.00,1
31,4145,16,0,1707.19,5,15,0.03,0.10,1,0.04,0.49,1
49,5354,9,4,1389.49,7,39,0.18,0.01,1,0.02,-0.51,1
52,5576,18,0,1580.92,5,22,0.17,0.08,1,0.08,0.85,1
44,6318,16,0,986.98,4,29,0.03,0.10,1,0.06,0.22,1
2532,5688,3,0,9.39,661,482,0.84,0.08,0,0.86,5.00,1
71,5429,17,0,1354.47,2,25,0.06,0.06,1,0.01,0.80,1
55,5249,15,4,1435.83,5,43,0.14,0.01,1,0.01,-0.44,1
61,5077,20,2,1336.50,3,34,0.12,0.01,1,0.07,0.08,1
57,5501,19,1,1366.63,4,35,0.12,0.09,1,0.03,-0.45,1
3193,5109,2,4,8.63,1181,472,0.97,0.11,0,0.90,5.00,1
50,4839,13,4,1598.11,5,37,0.06,0.16,1,0.02,0.02,1
42,6024,10,4,1529.75,-1,27,0.09,0.13,1,0.05,0.42,1
66,5385,15,2,1439.76,7,27,0.00,0.09,1,0.04,-0.03,1
78,6831,16,4,1224.76,8,35,0.04,0.18,1,0.05,0.19,1
2357,4522,1,4,4.13,901,424,0.75,0.19,0,0.86,5.00,1
46,5669,14,1,1679.13,2,23,0.14,0.18,1,0.01,-0.33,1
103,3924,15,0,1040.92,8,27,0.13,0.18,1,0.01,-0.30,1
23,5362,20,0,1594.83,5,30,0.04,0.11,1,0.09,-0.28,1
56,5790,10,0,1302.04,4,26,0.10,0.05,1,0.05,0.62,1
3388,5185,3,4,7.99,772,592,0.93,0.07,0,0.94,5.00,1
68,5668,8,4,1852.57,3,38,0.04,0.09,1,0.09,0.39,1
121,6653,12,3,1436.89,8,20,0.17,0.07,1,0.07,0.14,1
59,5682,12,1,1347.83,10,33,0.10,0.08,1,0.00,0.53,1
69,3289,14,0,1411.92,3,56,0.17,0.09,1,0.09,-0.25,1
3750,6029,2,1,9.98,1051,506,0.78,0.06,0,0.84,5.00,1
32,4261,19,2,1320.91,9,37,0.04,0.18,1,0.07,-0.43,1
54,6001,19,1,1220.03,9,34,0.06,0.01,1,0.03,-0.16,1
49,4034,18,3,1397.43,4,51,0.07,0.10,1,0.02,-0.66,1
23,6506,18,4,1285.56,6,20,0.11,0.10,1,0.08,-0.25,1
3422,5893,1,1,3.39,962,548,0.89,0.19,0,0.96,5.00,1
60,6606,12,0,1603.61,6,28,0.09,0.03,1,0.09,-0.54,1
57,6425,15,4,1091.76,3,24,0.04,0.02,1,0.05,-0.18,1
74,5702,9,0,1339.46,5,41,0.13,0.03,1,0.03,0.52,1
61,5009,18,2,1320.30,6,47,0.15,0.00,1,0.01,0.21,1
2419,5338,2,2,2.10,1077,464,0.86,0.10,0,0.86,5.00,1
70,3909,16,4,1412.09,-1,33,0.09,0.01,1,0.09,0.47,1
35,3176,8,2,1755.94,4,27,0.04,0.12,1,0.08,-0.70,1
41,4285,15,0,1213.48,4,30,0.03,0.18,1,0.01,0.75,1
108,5522,18,3,1778.38,2,26,0.06,0.07,1,0.06,0.51,1
3084,3669,1,3,9.98,1137,552,0.93,0.17,0,0.84,5.00,1
85,2367,13,4,1385.64,9,25,0.13,0.05,1,0.09,0.30,1
52,6323,9,0,1740.76,9,30,0.11,0.20,1,0.07,0.66,1
47,6400,15,1,1449.05,2,32,0.11,0.12,1,0.08,-0.02,1
47,5292,13,0,1391.37,4,38,0.19,0.14,1,0.04,-0.47,1
3527,5678,3,0,1.98,1181,443,0.72,0.15,0,0.89,5.00,1
79,4530,18,0,1229.95,8,10,0.01,0.03,1,0.06,0.35,1
93,5083,14,0,1397.31,1,30,0.19,0.00,1,0.04,-0.29,1
48,5457,20,3,1779.62,6,26,0.04,0.17,1,0.07,-0.13,1
73,4113,11,4,1407.95,8,33,0.16,0.06,1,0.06,-0.15,1
2303,5672,2,4,7.84,1047,469,0.73,0.10,0,0.89,5.00,1
34,4199,17,0,1156.65,7,37,0.17,0.12,1,0.05,0.41,1
35,5459,9,3,1429.20,1,38,0.15,0.02,1,0.03,0.23,1
73,5449,20,3,1070.64,4,39,0.18,0.08,1,0.07,0.02,1
79,4180,14,4,1465.48,13,43,0.14,0.18,1,0.05,-0.36,1
3267,4870,1,4,7.16,935,501,0.90,0.01,0,0.92,5.00,1
63,4739,9,4,1496.13,1,38,0.15,0.06,1,0.01,0.09,1
63,5151,16,0,1468.90,4,22,0.13,0.06,1,0.03,0.28,1
65,2974,17,4,1507.79,5,44,0.17,0.01,1,0.03,-0.15,1
55,5911,13,0,1284.17,1,28,0.09,0.16,1,0.03,-0.37,1
2508,5629,0,0,2.34,950,498,0.80,0.06,0,0.88,5.00,1
56,5182,20,0,1515.83,6,18,0.13,0.10,1,0.02,0.73,1
56,4731,20,1,1658.55,6,32,0.07,0.00,1,0.10,0.75,1
59,4597,8,0,1686.01,1,32,0.02,0.11,1,0.01,-0.54,1
49,5701,11,0,1518.00,2,17,0.05,0.05,1,0.03,-1.23,1
3033,5232,1,3,5.26,1073,490,0.78,0.16,0,0.90,5.00,1
48,5441,13,0,1487.42,7,37,0.10,0.08,1,0.02,0.11,1
67,4553,8,0,1265.64,6,25,0.13,0.10,1,0.05,0.56,1
75,6387,8,0,1217.34,2,26,0.15,0.18,1,0.04,-0.21,1
65,3950,16,3,1263.45,5,11,0.05,0.17,1,0.04,0.95,1
2386,5669,1,4,1.60,1011,466,0.83,0.10,0,0.87,5.00,1
63,4285,15,2,1230.01,3,28,0.18,0.01,1,0.10,1.56,1
19,5675,15,1,1639.20,6,20,0.19,0.11,1,0.03,0.49,1
101,3621,10,1,1405.54,-1,25,0.01,0.02,1,0.06,-0.40,1
93,4259,9,0,1541.84,3,11,0.19,0.08,1,0.00,-0.63,1
3007,7510,0,2,3.37,1447,468,0.96,0.11,0,0.80,5.00,1
57,4881,10,4,1588.13,9,26,0.17,0.09,1,0.05,-0.37,1
73,3782,9,0,1654.63,0,41,0.09,0.07,1,0.04,-0.31,1
59,5587,15,0,1725.09,1,28,0.11,0.11,1,0.04,-0.08,1
40,3520,12,2,1569.70,4,19,0.00,0.16,1,0.10,0.65,1
3036,5302,2,4,5.39,983,545,0.79,0.18,0,0.89,5.00,1
9,5448,8,3,1288.40,12,39,0.17,0.02,1,0.05,-0.15,1
74,4164,11,1,1417.66,3,30,0.11,0.10,1,0.04,0.26,1
84,6757,8,3,1570.19,5,33,0.13,0.12,1,0.06,-0.18,1
74,5581,17,4,1734.04,8,27,0.06,0.10,1,0.05,0.45,1
3684,5018,0,3,3.29,925,484,0.76,0.17,0,0.85,5.00,1
67,5484,19,2,1485.43,3,28,0.12,0.09,1,0.01,0.80,1
75,5566,20,2,1009.54,8,35,0.07,0.08,1,0.05,-1.51,1
63,3989,10,3,1645.08,5,34,0.14,0.03,1,0.05,0.28,1
80,4231,11,4,1036.24,0,18,0.17,0.13,1,0.06,-0.21,1
3819,3982,0,1,7.97,1238,516,0.74,0.01,0,0.92,5.00,1
55,6061,14,0,1698.48,5,46,0.12,0.11,1,0.09,-0.12,1
67,4563,12,4,1469.10,9,29,0.07,0.06,1,0.09,0.05,1
44,4302,16,4,1441.34,12,25,0.14,0.11,1,0.04,-0.19,1
49,5753,15,1,1411.39,4,31,0.14,0.04,1,0.03,0.43,1
3508,4323,3,2,3.88,1637,405,0.88,0.15,0,0.97,5.00,1
66,3933,18,4,1294.42,3,39,0.08,0.11,1,0.07,0.21,1
57,4499,14,1,1208.71,8,24,0.19,0.16,1,0.09,-0.43,1
86,4764,20,1,1510.49,6,29,0.16,0.04,1,0.07,0.32,1
74,5920,18,3,1674.69,-2,39,0.04,0.05,1,0.03,0.99,1
3011,6517,2,3,7.34,1466,437,0.72,0.01,0,0.98,5.00,1
77,4347,20,3,1372.86,5,15,0.01,0.20,1,0.04,0.33,1
55,4259,11,2,1068.09,6,45,0.01,0.00,1,0.09,0.43,1
82,3465,12,1,1367.83,2,26,0.15,0.17,1,0.05,-0.06,1
57,4949,12,4,1498.53,4,39,0.15,0.19,1,0.09,0.56,1
3383,6517,2,1,6.48,978,563,0.94,0.04,0,0.93,5.00,1
48,6568,11,3,1361.27,3,49,0.06,0.11,1,0.03,0.26,1
53,5160,20,2,1565.08,5,29,0.04,0.15,1,0.05,-0.12,1
52,4284,10,4,1764.22,5,24,0.09,0.15,1,0.07,0.31,1
26,5886,8,0,1244.82,7,51,0.03,0.14,1,0.07,-0.74,1
3179,5967,3,3,9.95,979,505,0.92,0.15,0,0.84,5.00,1
45,4871,16,0,1702.73,2,19,0.02,0.19,1,0.04,-0.09,1
56,6742,12,2,1196.00,6,36,0.08,0.08,1,0.06,1.07,1
72,4291,13,4,1441.10,6,46,0.12,0.12,1,0.01,-0.13,1
101,6251,11,4,1846.39,2,15,0.08,0.15,1,0.04,-0.50,1
2353,6189,3,3,3.27,961,449,0.82,0.08,0,0.93,5.00,1
66,5846,19,1,1159.83,3,28,0.18,0.15,1,0.10,-0.54,1
60,3595,18,3,1016.85,3,27,0.18,0.05,1,0.09,0.64,1
41,3982,18,1,1192.64,2,40,0.12,0.08,1,0.08,0.74,1
65,4438,12,0,1491.71,7,18,0.14,0.03,1,0.09,-0.91,1
3190,4285,0,1,9.00,892,469,0.75,0.02,0,0.86,5.00,1
77,5588,19,4,1178.59,1,34,0.16,0.09,1,0.05,0.81,1
41,5354,12,4,1479.80,8,18,0.05,0.08,1,0.09,-0.42,1
64,6107,9,1,1143.69,5,46,0.20,0.18,1,0.01,-0.45,1
39,4432,20,3,1249.24,4,12,0.04,0.07,1,0.01,0.62,1
2202,6258,0,1,7.94,1011,489,0.76,0.19,0,0.99,5.00,1
48,4909,10,4,1505.78,7,40,0.08,0.16,1,0.01,0.38,1
73,6278,19,2,1350.68,4,34,0.14,0.14,1,0.05,-0.05,1
54,5412,8,4,1701.69,2,21,0.16,0.09,1,0.00,0.11,1
70,2403,20,2,1069.45,9,13,0.01,0.06,1,0.01,1.24,1
2693,4976,1,4,8.03,832,440,0.97,0.05,0,0.98,5.00,1
56,4221,9,3,1255.23,9,28,0.03,0.14,1,0.04,-0.29,1
38,5817,19,3,1452.90,2,32,0.02,0.03,1,0.01,-0.69,1
105,2648,20,4,1186.34,9,21,0.18,0.10,1,0.04,1.22,1
70,4672,18,1,1656.26,8,39,0.20,0.18,1,0.07,0.10,1
3270,4603,0,2,3.45,1103,445,0.92,0.07,0,0.85,5.00,1
101,5448,16,0,1371.01,9,28,0.03,0.07,1,0.08,0.59,1
53,7225,9,2,1241.02,1,39,0.17,0.05,1,0.05,0.05,1
59,4505,11,0,1646.80,6,35,0.07,0.12,1,0.07,-0.10,1
35,3668,11,0,1239.73,4,21,0.06,0.15,1,0.03,-0.17,1
3307,5119,0,1,1.98,934,512,0.71,0.17,0,0.94,5.00,1
28,4941,20,2,1128.50,1,35,0.09,0.10,1,0.04,-0.09,1
32,4483,16,0,1528.37,5,25,0.08,0.16,1,0.03,-0.40,1
56,5071,16,0,1435.28,5,23,0.13,0.12,1,0.09,0.70,1
37,4443,10,1,1276.69,13,15,0.12,0.02,1,0.09,-0.05,1
2568,6483,2,0,4.51,1108,543,0.74,0.09,0,0.93,5.00,1
74,5568,15,3,1442.32,3,10,0.20,0.11,1,0.09,0.23,1
34,5297,11,3,1424.90,8,22,0.16,0.01,1,0.06,-0.36,1
38,5488,12,2,1246.07,9,43,0.10,0.12,1,0.04,-0.03,1
19,5397,15,0,1503.86,1,25,0.17,0.18,1,0.03,-0.37,1
2991,5881,2,4,4.88,580,497,0.84,0.05,0,0.93,5.00,1
49,6135,13,0,1450.33,10,11,0.04,0.08,1,0.07,0.42,1
56,3935,17,2,1510.92,2,47,0.11,0.08,1,0.06,-0.39,1
61,5410,16,4,1400.12,4,30,0.02,0.18,1,0.08,0.71,1
45,5346,17,4,1643.73,7,29,0.16,0.11,1,0.07,-0.44,1
3212,4058,3,4,7.73,1173,529,0.76,0.03,0,1.00,5.00,1
96,4800,19,3,1404.34,3,14,0.09,0.18,1,0.08,0.78,1
41,4563,11,2,1247.22,9,28,0.04,0.16,1,0.07,-0.26,1
80,4995,10,2,1680.85,1,32,0.07,0.04,1,0.03,0.36,1
30,4667,8,1,1465.48,9,34,0.14,0.02,1,0.03,-0.54,1
2714,3539,3,2,7.58,892,526,0.83,0.10,0,0.98,5.00,1
70,6427,14,1,1851.40,2,18,0.04,0.19,1,0.06,-0.08,1
73,4263,15,4,1359.04,6,39,0.09,0.11,1,0.09,0.45,1
68,3412,15,0,1470.64,2,23,0.16,0.03,1,0.04,0.24,1
91,3805,14,3,1477.68,4,31,0.17,0.07,1,0.04,0.28,1
2822,4274,2,3,3.26,1050,544,0.99,0.17,0,0.87,5.00,1
91,4302,19,1,1947.08,8,45,0.13,0.19,1,0.09,0.23,1
50,4919,8,2,1618.07,7,19,0.11,0.07,1,0.00,0.04,1
81,5337,17,4,1537.21,4,10,0.02,0.03,1,0.09,0.27,1
32,5567,9,1,1421.67,8,35,0.08,0.07,1,0.03,-0.07,1
3098,6965,2,3,4.05,941,474,0.92,0.04,0,0.80,5.00,1
27,4934,20,2,1386.40,2,20,0.13,0.13,1,0.02,-0.17,1
83,5307,8,0,1260.92,7,29,0.01,0.04,1,0.06,-0.25,1
61,5675,20,4,1395.78,0,27,0.15,0.03,1,0.03,0.47,1
65,5551,16,4,1473.96,2,40,0.14,0.04,1,0.03,0.30,1
3633,5718,2,3,6.80,533,441,0.87,0.16,0,0.94,5.00,1
51,5572,17,2,1362.80,0,43,0.18,0.02,1,0.08,-0.28,1
64,5454,18,3,1637.06,4,18,0.14,0.10,1,0.02,0.59,1
71,4165,17,0,1470.69,15,27,0.17,0.17,1,0.07,-0.63,1
54,3939,16,4,1743.76,4,46,0.01,0.02,1,0.06,0.22,1
2551,5628,0,0,6.60,957,493,0.85,0.17,0,0.84,5.00,1
24,4731,14,3,1584.43,5,18,0.18,0.13,1,0.02,0.14,1
73,4275,15,0,2036.16,7,38,0.19,0.10,1,0.05,0.53,1
70,2556,8,2,1462.47,3,38,0.01,0.11,1,0.08,0.40,1
45,3235,16,4,1255.26,2,18,0.06,0.03,1,0.04,1.28,1
3668,5440,3,4,7.24,1039,552,0.77,0.08,0,1.00,5.00,1
40,6488,12,0,1668.28,8,38,0.06,0.03,1,0.09,0.70,1
57,5277,10,4,1341.61,5,26,0.05,0.15,1,0.09,-0.54,1
64,5797,15,1,1515.44,2,17,0.18,0.19,1,0.02,0.17,1
47,4904,12,0,1340.93,4,52,0.18,0.15,1,0.10,0.23,1
1936,6020,2,4,5.81,1374,504,0.76,0.18,0,0.96,5.00,1
56,4772,19,1,1049.69,7,36,0.03,0.01,1,0.06,0.41,1
56,3953,8,2,1087.74,9,31,0.11,0.15,1,0.01,0.06,1
88,4020,8,0,1414.47,4,27,0.03,0.00,1,0.07,-0.35,1
51,4990,9,4,1035.73,-3,28,0.16,0.01,1,0.09,0.41,1
2770,3384,1,4,3.82,1025,588,0.84,0.13,0,0.81,5.00,1
47,5985,17,2,1670.09,6,29,0.12,0.14,1,0.02,0.11,1
35,4629,15,2,1047.11,5,69,0.02,0.03,1,0.04,-0.67,1
47,5054,15,4,1482.81,8,31,0.09,0.06,1,0.10,-0.19,1
52,3932,15,4,1266.89,7,28,0.10,0.19,1,0.03,0.09,1
2487,3830,3,0,4.65,965,428,0.86,0.00,0,0.95,5.00,1
47,5065,14,3,1709.38,0,12,0.03,0.12,1,0.08,0.87,1
32,3562,12,1,1303.06,5,19,0.06,0.15,1,0.08,-0.10,1
78,3727,9,0,1422.16,8,31,0.09,0.09,1,0.04,0.87,1
11,5814,18,1,1299.93,8,31,0.02,0.16,1,0.06,-0.25,1
2811,5787,3,1,2.40,682,482,0.83,0.13,0,0.82,5.00,1
56,5131,11,2,1256.84,10,28,0.05,0.03,1,0.04,0.14,1
69,6023,8,0,1135.08,5,46,0.08,0.14,1,0.08,-0.74,1
51,3667,9,2,1638.02,3,33,0.10,0.16,1,0.04,0.00,1
63,5387,14,1,1360.44,7,33,0.04,0.18,1,0.08,-0.12,1
3286,5905,1,2,1.26,1021,618,0.77,0.04,0,0.95,5.00,1
34,6350,20,0,1300.39,1,32,0.16,0.16,1,0.10,0.09,1
43,7069,10,4,1419.83,6,40,0.11,0.12,1,0.03,-0.01,1
92,4480,17,2,1652.41,7,26,0.02,0.20,1,0.05,-0.26,1
38,5646,20,1,1049.18,8,35,0.11,0.06,1,0.01,-0.21,1
2586,4872,1,2,3.73,1074,464,0.85,0.16,0,0.97,5.00,1
77,5798,16,2,1576.00,0,20,0.07,0.19,1,0.10,-0.03,1
100,5888,9,0,1159.32,8,27,0.18,0.02,1,0.06,-0.63,1
90,5412,10,0,1514.09,6,30,0.12,0.13,1,0.08,0.51,1
40,5020,9,0,1601.97,9,30,0.03,0.02,1,0.05,0.82,1
3222,3643,0,2,1.49,943,452,0.77,0.13,0,0.93,5.00,1
56,4513,15,0,1543.65,8,15,0.10,0.07,1,0.07,0.44,1
33,6533,15,3,1338.94,3,47,0.16,0.06,1,0.09,-0.94,1
79,3176,13,2,1246.70,4,25,0.09,0.07,1,0.00,-0.55,1
65,4653,9,4,1387.17,5,26,0.16,0.11,1,0.07,-0.14,1
2983,5224,1,0,8.21,854,469,0.91,0.15,0,0.81,5.00,1
59,4998,11,2,1609.48,5,24,0.07,0.19,1,0.07,0.19,1
86,7078,9,0,1347.92,6,26,0.11,0.08,1,0.02,-0.02,1
59,5269,16,1,1282.90,9,32,0.13,0.10,1,0.07,-0.12,1
67,5491,17,0,1175.05,7,33,0.17,0.03,1,0.04,-0.31,1
3059,3660,1,2,7.85,795,521,0.70,0.20,0,1.00,5.00,1
80,4681,10,1,1224.22,7,12,0.19,0.20,1,0.04,-0.59,1
55,5715,18,4,1439.47,7,27,0.13,0.07,1,0.08,0.81,1
62,3360,12,0,1463.77,4,24,0.11,0.08,1,0.07,-0.91,1
86,5611,8,2,1388.80,0,16,0.13,0.17,1,0.07,-0.02,1
2625,2612,0,2,6.22,1082,498,0.96,0.11,0,0.94,5.00,1
91,3905,11,0,1376.35,0,30,0.14,0.01,1,0.08,-0.74,1
60,4599,19,1,1346.40,9,32,0.10,0.07,1,0.02,-0.21,1
53,4326,9,0,1952.76,3,37,0.10,0.08,1,0.00,-0.11,1
92,6553,15,2,1497.42,6,18,0.13,0.09,1,0.08,-0.58,1
3163,4454,0,0,2.43,1002,474,0.95,0.07,0,0.97,5.00,1
40,3922,13,0,1047.41,0,25,0.03,0.03,1,0.08,0.14,1
42,5329,10,1,1375.20,5,24,0.20,0.16,1,0.06,-0.09,1
57,5445,15,3,1544.76,8,37,0.08,0.14,1,0.04,-0.17,1
37,4446,15,2,1453.75,2,27,0.02,0.19,1,0.06,0.08,1
2693,3719,2,3,4.97,1235,568,0.78,0.02,0,0.99,5.00,1
60,5324,16,2,1197.31,7,33,0.03,0.11,1,0.05,0.45,1
16,4531,9,1,1753.50,7,46,0.02,0.18,1,0.02,0.21,1
70,5984,11,0,1276.55,4,21,0.10,0.15,1,0.04,-0.94,1
77,4809,15,2,1465.14,5,22,0.11,0.18,1,0.06,-0.12,1
2920,5234,0,4,3.45,912,502,0.82,0.09,0,0.92,5.00,1
61,5133,11,3,1579.46,8,32,0.20,0.12,1,0.02,-1.17,1
49,3770,8,4,1478.53,5,43,0.07,0.10,1,0.08,0.02,1
53,5977,15,3,1429.64,4,20,0.12,0.01,1,0.09,-0.47,1
58,4650,17,2,1524.00,7,39,0.01,0.10,1,0.06,-0.77,1
2868,3638,1,0,2.22,857,496,0.71,0.20,0,0.81,5.00,1
53,6573,15,3,1383.87,6,32,0.11,0.19,1,0.07,-0.05,1
56,5505,8,3,1551.08,7,42,0.18,0.04,1,0.06,0.93,1
86,4750,17,3,1224.60,4,25,0.03,0.10,1,0.09,-0.75,1
73,5481,13,3,1746.19,3,22,0.17,0.09,1,0.00,0.33,1
3040,6118,2,3,3.54,919,440,0.89,0.08,0,0.93,5.00,1
35,6147,20,0,1454.65,6,15,0.16,0.17,1,0.03,1.68,1
44,3959,8,2,1684.95,3,46,0.00,0.19,1,0.01,0.15,1
53,3755,16,1,1201.59,5,28,0.17,0.18,1,0.03,-0.15,1
55,6168,13,4,1364.44,7,25,0.09,0.07,1,0.10,-0.05,1
3190,4887,3,0,9.83,802,492,0.73,0.03,0,0.81,5.00,1
75,6037,10,1,1613.74,1,34,0.15,0.11,1,0.01,-0.23,1
60,5307,9,2,981.82,1,25,0.15,0.15,1,0.02,0.43,1
32,5661,19,2,1162.38,3,12,0.08,0.14,1,0.10,0.24,1
33,5863,18,3,1852.64,4,41,0.10,0.09,1,0.03,0.02,1
2848,5239,3,1,9.47,1257,525,0.73,0.03,0,0.96,5.00,1
73,6480,18,4,1579.13,5,16,0.15,0.09,1,0.01,0.12,1
42,4288,12,1,1355.42,6,46,0.04,0.18,1,0.05,-0.13,1
35,4513,19,4,1200.54,9,18,0.19,0.07,1,0.04,0.11,1
94,6295,9,0,1381.27,10,26,0.12,0.07,1,0.05,0.42,1
2588,5753,2,1,1.77,1024,394,0.91,0.02,0,0.82,5.00,1
68,4555,12,1,1384.90,7,40,0.04,0.03,1,0.01,0.44,1
69,6826,19,0,1278.89,4,27,0.02,0.05,1,0.06,-0.28,1
35,5226,18,3,1395.17,6,29,0.20,0.05,1,0.02,0.01,1
42,5832,9,1,1340.52,12,39,0.08,0.08,1,0.07,-0.12,1
2974,4469,0,3,8.96,1224,447,0.76,0.16,0,0.91,5.00,1
58,5921,15,3,1355.22,7,33,0.06,0.03,1,0.05,0.06,1
68,6373,14,3,1670.51,4,25,0.16,0.13,1,0.10,-0.18,1
37,4437,18,3,1562.72,6,38,0.07,0.12,1,0.01,0.75,1
64,5010,11,4,1105.97,4,40,0.12,0.08,1,0.06,-0.41,1
3264,6447,0,2,7.55,1222,532,0.73,0.18,0,0.84,5.00,1
59,5107,12,2,1590.58,11,3,0.18,0.00,1,0.01,-0.23,1
18,4908,20,1,1331.37,3,45,0.20,0.16,1,0.06,-0.77,1
60,4358,10,1,1231.18,2,25,0.12,0.01,1,0.07,-0.09,1
58,6753,8,2,1606.03,7,27,0.04,0.02,1,0.05,0.53,1
2191,3856,1,1,7.50,833,510,0.73,0.18,0,0.97,5.00,1
46,5190,9,4,1458.69,5,24,0.09,0.03,1,0.04,-0.42,1
88,6029,14,2,1301.07,7,42,0.14,0.18,1,0.07,-0.37,1
74,4891,16,0,1610.14,9,23,0.17,0.11,1,0.08,-0.02,1
51,5235,16,1,1231.52,1,36,0.20,0.02,1,0.05,0.37,1
3441,3235,1,1,4.99,1079,485,0.79,0.15,0,0.97,5.00,1
43,6308,19,2,1209.64,2,17,0.04,0.05,1,0.01,-0.39,1
48,4981,19,4,1343.67,3,29,0.18,0.05,1,0.05,-0.54,1
25,4056,17,0,1754.38,2,30,0.15,0.13,1,0.07,-0.68,1
46,4934,19,0,1385.27,4,43,0.14,0.09,1,0.09,0.39,1
2474,5983,3,2,8.39,1207,515,0.94,0.16,0,0.86,5.00,1
13,3673,13,1,1196.63,10,47,0.08,0.16,1,0.07,-0.97,1
52,3951,17,2,1582.08,7,34,0.07,0.17,1,0.05,0.34,1
45,5289,18,3,1163.11,6,27,0.03,0.13,1,0.04,0.88,1
37,4145,8,2,978.43,4,34,0.07,0.05,1,0.04,0.28,1
2861,4272,2,4,6.37,1266,531,0.98,0.02,0,0.89,5.00,1
57,2799,15,4,1428.97,8,19,0.10,0.03,1,0.05,0.82,1
51,3910,18,4,1468.98,7,21,0.15,0.09,1,0.01,-0.14,1
35,6321,9,3,1467.83,5,24,0.19,0.11,1,0.01,0.55,1
67,6850,12,4,1331.98,11,39,0.13,0.17,1,0.09,-0.55,1
2964,5666,1,1,3.28,1044,502,0.79,0.00,0,0.82,5.00,1
61,4460,15,0,1341.64,1,39,0.18,0.10,1,0.04,-0.59,1
67,4701,15,4,1286.84,8,36,0.12,0.14,1,0.08,-0.36,1
82,3394,13,4,1540.31,-1,19,0.04,0.11,1,0.07,-0.36,1
62,5292,11,4,1524.57,3,18,0.18,0.20,1,0.01,-0.54,1
3892,4980,2,1,9.17,1010,422,0.94,0.16,0,0.81,5.00,1
40,5387,13,3,1434.07,2,33,0.05,0.15,1,0.06,-0.57,1
85,5274,16,3,2035.64,2,31,0.05,0.16,1,0.07,0.13,1
36,5276,18,0,1304.25,3,22,0.16,0.04,1,0.04,-0.20,1
54,6146,9,4,1672.16,6,27,0.06,0.02,1,0.08,0.28,1
3196,3220,3,2,4.07,846,464,0.98,0.16,0,0.84,5.00,1
51,4815,14,0,1394.12,5,31,0.11,0.20,1,0.01,-0.10,1
81,3935,19,0,1414.34,2,25,0.10,0.03,1,0.01,0.02,1
62,5597,8,2,1536.42,2,25,0.05,0.17,1,0.07,-0.24,1
59,5911,19,4,1253.87,0,24,0.12,0.19,1,0.09,-0.01,1
2518,5129,0,0,2.17,1166,540,0.96,0.20,0,0.88,5.00,1
67,5907,16,1,1138.15,8,22,0.01,0.19,1,0.02,-0.79,1
71,3879,15,4,1292.52,9,31,0.09,0.16,1,0.02,0.53,1
62,6129,17,4,1354.41,8,26,0.11,0.11,1,0.09,-0.02,1
85,3050,11,4,1221.87,6,28,0.04,0.07,1,0.07,-0.10,1
3175,3554,0,2,6.01,981,431,0.75,0.15,0,0.97,5.00,1
54,4120,14,0,1273.79,5,36,0.12,0.16,1,0.01,-0.40,1
70,4364,15,1,1525.28,2,46,0.07,0.03,1,0.09,-0.04,1
39,3890,11,2,1494.37,3,9,0.18,0.08,1,0.04,-0.53,1
73,4798,18,3,1647.05,6,44,0.09,0.11,1,0.00,0.02,1
3378,5178,3,1,5.46,868,502,0.82,0.03,0,0.98,5.00,1
84,4312,19,2,1366.87,3,14,0.00,0.09,1,0.05,-0.08,1
82,5427,17,0,1438.88,2,25,0.07,0.09,1,0.08,-0.20,1
56,6114,20,3,1446.68,12,25,0.04,0.05,1,0.09,-0.19,1
69,6775,19,2,1482.25,9,24,0.16,0.17,1,0.09,0.09,1
2481,5631,3,1,3.38,1401,444,0.85,0.16,0,0.87,5.00,1
83,5444,12,0,1163.08,4,43,0.12,0.09,1,0.09,0.65,1
86,4748,19,2,1431.06,4,32,0.18,0.13,1,0.06,-0.17,1
58,2900,16,1,1661.01,6,35,0.14,0.20,1,0.05,-0.01,1
58,4321,13,1,1159.33,3,21,0.06,0.07,1,0.01,0.57,1
2514,5048,3,2,9.76,1031,548,0.81,0.10,0,0.86,5.00,1
93,5545,15,1,1618.51,0,10,0.15,0.06,1,0.05,0.81,1
62,5204,11,1,1530.26,2,25,0.18,0.09,1,0.09,0.23,1
78,2523,14,1,1182.07,8,29,0.15,0.04,1,0.03,-0.17,1
65,5744,15,3,1780.86,12,37,0.12,0.09,1,0.01,0.18,1
2707,5300,0,2,8.15,1111,448,0.75,0.09,0,0.95,5.00,1
80,4237,20,4,1280.77,8,32,0.04,0.05,1,0.06,0.08,1
85,4407,10,1,1606.49,3,30,0.08,0.00,1,0.02,-0.44,1
55,5068,10,0,1406.79,3,27,0.09,0.04,1,0.02,0.13,1
52,3985,9,4,1522.54,7,31,0.04,0.07,1,0.01,-0.21,1
4348,6057,0,2,3.18,1176,489,0.92,0.02,0,0.86,5.00,1
50,5644,19,4,1458.03,7,36,0.17,0.19,1,0.00,0.41,1
62,4619,12,1,1688.11,5,30,0.10,0.09,1,0.03,0.79,1
53,5440,13,2,1286.53,7,15,0.07,0.02,1,0.06,0.00,1
32,3611,8,3,1523.37,3,25,0.15,0.09,1,0.02,-0.88,1
2032,5229,1,3,8.55,782,564,0.71,0.16,0,0.89,5.00,1
57,5154,16,4,1432.18,6,33,0.18,0.08,1,0.09,0.47,1
68,7638,19,4,1435.18,1,25,0.15,0.12,1,0.09,0.04,1
69,5811,20,4,1478.01,6,26,0.06,0.11,1,0.02,0.24,1
84,4577,9,0,1998.05,7,29,0.09,0.12,1,0.09,-0.83,1
3682,3507,1,3,2.24,1094,414,0.82,0.07,0,0.99,5.00,1
36,5610,13,1,1463.46,1,31,0.09,0.13,1,0.03,-0.25,1
55,5463,11,3,1413.60,7,32,0.07,0.02,1,0.09,0.25,1
10,4750,18,4,1376.09,3,22,0.03,0.10,1,0.06,0.13,1
68,3560,8,3,1245.20,8,19,0.14,0.11,1,0.02,-0.28,1
2890,7389,1,4,3.21,858,496,0.81,0.17,0,0.99,5.00,1
105,4943,12,2,1161.14,9,20,0.17,0.11,1,0.08,0.41,1
59,2501,14,3,1673.22,6,22,0.02,0.12,1,0.07,0.41,1
56,4715,19,1,1379.66,4,37,0.19,0.14,1,0.08,0.06,1
74,6034,12,0,1810.69,8,23,0.14,0.12,1,0.00,-0.23,1
3333,4136,0,3,6.07,1241,444,0.72,0.19,0,0.81,5.00,1
37,4464,19,2,1469.92,6,43,0.13,0.05,1,0.08,0.03,1
48,3889,11,3,1698.56,7,19,0.13,0.17,1,0.08,0.76,1
59,4172,14,2,1441.81,10,43,0.09,0.05,1,0.09,-0.48,1
56,4792,19,4,1341.47,6,23,0.03,0.05,1,0.07,0.14,1
3642,5663,1,2,4.55,1048,447,0.93,0.12,0,0.92,5.00,1
53,4784,18,3,1293.04,2,36,0.10,0.13,1,0.09,-0.46,1
91,5335,14,1,1485.04,2,15,0.16,0.08,1,0.00,0.71,1
83,4605,13,1,1685.36,2,31,0.00,0.16,1,0.04,1.04,1
66,4433,18,2,1415.02,4,47,0.01,0.02,1,0.08,-0.11,1
3542,4771,2,2,5.55,555,496,0.90,0.14,0,0.93,5.00,1
26,5465,8,4,1282.24,9,31,0.14,0.04,1,0.10,-0.74,1
36,3875,15,2,1478.45,11,37,0.19,0.12,1,0.07,1.48,1
65,4541,13,3,1278.89,10,17,0.00,0.07,1,0.01,-0.15,1
84,4720,20,0,1486.93,3,44,0.08,0.19,1,0.07,-0.41,1
2916,4662,1,0,9.49,639,497,0.85,0.00,0,0.86,5.00,1
70,3803,10,3,1445.78,6,21,0.06,0.06,1,0.10,-0.34,1
48,6531,13,3,1553.59,2,33,0.03,0.01,1,0.01,-0.43,1
74,6700,14,4,1534.81,9,49,0.18,0.06,1,0.02,-0.18,1
35,6387,17,3,1253.18,9,29,0.14,0.13,1,0.02,-0.60,1
3606,7651,0,4,3.60,993,511,0.72,0.00,0,0.88,5.00,1
78,3348,13,1,1257.13,1,25,0.01,0.16,1,0.09,0.38,1
23,4934,15,3,1446.89,7,32,0.08,0.11,1,0.02,0.47,1
44,3861,11,3,1801.68,5,26,0.11,0.12,1,0.05,-0.38,1
95,4473,16,4,1366.91,1,42,0.13,0.02,1,0.05,0.25,1
3290,4033,0,0,1.56,847,474,0.85,0.13,0,0.88,5.00,1
75,6371,15,3,1505.40,6,29,0.13,0.06,1,0.04,-0.49,1
35,5114,16,2,1486.28,6,32,0.13,0.15,1,0.08,-0.41,1
54,3548,18,4,1380.30,5,47,0.12,0.04,1,0.05,-0.72,1
63,4920,10,3,1248.71,3,25,0.05,0.06,1,0.02,-0.19,1
3153,5233,1,3,4.34,1013,448,0.88,0.16,0,0.99,5.00,1
43,4826,12,2,1886.65,6,38,0.12,0.17,1,0.02,-0.30,1
42,4729,18,0,1613.81,4,11,0.15,0.00,1,0.04,0.32,1
89,6786,20,2,1546.22,4,17,0.07,0.16,1,0.05,0.35,1
67,6018,15,3,1100.02,1,41,0.06,0.07,1,0.08,0.71,1
2198,5557,1,4,4.83,1080,515,0.73,0.14,0,0.91,5.00,1
29,4919,17,1,1478.24,11,21,0.04,0.16,1,0.02,0.00,1
56,5348,19,0,1305.02,5,43,0.11,0.04,1,0.01,-0.68,1
75,4571,12,4,964.04,7,29,0.18,0.03,1,0.02,1.23,1
17,3714,15,4,1221.59,3,32,0.14,0.19,1,0.08,0.30,1
3076,5253,1,3,4.61,1124,562,0.93,0.12,0,0.81,5.00,1
28,7191,11,3,1338.59,10,9,0.09,0.13,1,0.02,0.76,1
35,4073,9,2,1415.33,7,14,0.03,0.16,1,0.05,-0.77,1
40,4859,9,0,1583.80,4,48,0.16,0.06,1,0.05,-0.65,1
56,3993,8,1,1253.20,4,40,0.19,0.05,1,0.03,-0.14,1
4072,3905,3,0,1.49,1263,477,0.70,0.12,0,0.92,5.00,1
52,3289,17,3,1348.17,3,34,0.07,0.09,1,0.01,-0.82,1
67,2720,18,4,1128.11,6,35,0.17,0.11,1,0.06,0.84,1
49,4879,18,0,1151.53,6,25,0.07,0.06,1,0.09,0.65,1
82,4264,18,0,1680.20,7,25,0.12,0.05,1,0.09,-0.08,1
2637,5083,1,1,6.02,1283,477,0.88,0.03,0,0.91,5.00,1
71,3083,19,2,1610.27,3,18,0.06,0.02,1,0.04,-0.85,1
59,4653,12,2,1870.46,4,41,0.09,0.03,1,0.05,-0.28,1
66,5047,12,0,1666.16,5,41,0.03,0.14,1,0.07,0.03,1
15,6070,17,0,1098.49,6,28,0.10,0.10,1,0.04,-0.42,1
2577,3662,1,3,8.70,821,495,0.73,0.18,0,0.99,5.00,1
60,5633,10,4,1654.20,6,25,0.04,0.05,1,0.04,-0.20,1
102,4904,12,4,1569.17,3,46,0.19,0.09,1,0.10,-0.09,1
75,6582,16,1,1477.83,5,16,0.06,0.03,1,0.06,0.75,1
69,4682,20,0,1524.74,8,34,0.05,0.12,1,0.05,0.33,1
2538,4241,1,3,5.43,1039,515,0.70,0.10,0,0.89,5.00,1
79,4846,12,0,1709.41,5,39,0.05,0.10,1,0.00,-0.76,1
46,3864,15,0,1281.41,8,26,0.17,0.13,1,0.06,-0.32,1
25,6602,16,2,1354.08,2,55,0.01,0.07,1,0.03,0.14,1
97,5133,20,3,1097.13,7,34,0.04,0.13,1,0.09,0.27,1
2871,4883,0,4,6.04,637,529,0.97,0.00,0,0.97,5.00,1
83,4379,11,3,1295.93,3,18,0.01,0.06,1,0.08,-0.04,1
81,5216,18,3,1437.84,-1,39,0.08,0.18,1,0.06,0.38,1
83,6454,19,1,1468.93,9,34,0.14,0.16,1,0.06,0.51,1
56,2953,13,4,1195.75,7,33,0.02,0.20,1,0.06,-0.07,1
3188,5231,0,4,2.67,1127,569,0.86,0.06,0,0.99,5.00,1
41,4468,11,1,1257.38,3,38,0.06,0.06,1,0.00,-0.46,1
64,5343,16,4,1414.43,6,18,0.06,0.17,1,0.08,0.54,1
51,4768,20,0,1366.69,6,37,0.04,0.17,1,0.01,0.16,1
82,5628,14,3,1448.43,4,23,0.11,0.11,1,0.02,-1.10,1
3475,4589,3,4,9.04,1004,468,0.72,0.15,0,0.95,5.00,1
34,4693,19,3,1664.36,3,32,0.06,0.07,1,0.05,-0.73,1
58,5786,15,3,1455.06,8,45,0.18,0.13,1,0.06,-0.38,1
78,5508,8,4,1940.93,4,25,0.06,0.14,1,0.09,0.27,1
70,4764,8,2,1391.49,8,39,0.15,0.18,1,0.08,-0.03,1
1960,5937,2,3,9.27,1202,517,0.74,0.07,0,0.84,5.00,1
72,3662,20,3,1666.23,5,21,0.06,0.06,1,0.08,0.40,1
73,4986,19,3,1204.68,9,35,0.01,0.14,1,0.03,-0.43,1
51,3810,13,1,1273.24,4,17,0.03,0.12,1,0.06,-0.03,1
63,4695,8,2,1610.58,2,45,0.10,0.03,1,0.05,-0.49,1
2899,6024,2,2,7.85,678,507,0.79,0.04,0,0.90,5.00,1
45,4973,8,2,1779.73,9,20,0.20,0.19,1,0.07,1.01,1
33,6933,10,0,1396.47,8,10,0.18,0.20,1,0.06,-0.40,1
92,5563,19,3,1516.82,5,30,0.17,0.04,1,0.04,0.34,1
75,5595,14,3,1458.29,10,27,0.03,0.19,1,0.00,-0.02,1
1878,4314,0,4,8.68,824,531,0.75,0.03,0,0.98,5.00,1
42,4175,9,3,1840.49,6,18,0.02,0.06,1,0.05,0.43,1
31,5721,19,0,1533.38,0,19,0.19,0.00,1,0.02,-0.09,1
78,4601,15,4,1540.04,11,29,0.00,0.13,1,0.05,-0.33,1
62,3937,19,4,1368.36,9,35,0.07,0.02,1,0.02,-0.06,1
2543,6494,1,2,5.49,1178,475,0.95,0.10,0,0.84,5.00,1
50,3691,10,2,1401.28,6,34,0.09,0.03,1,0.08,0.69,1
36,4328,19,2,1076.31,4,42,0.12,0.02,1,0.08,0.67,1
31,5426,16,2,1391.15,3,34,0.14,0.01,1,0.07,-0.19,1
20,5415,18,1,1223.55,7,15,0.16,0.19,1,0.07,0.86,1
2811,5158,3,3,8.39,723,416,0.89,0.16,0,0.88,5.00,1
40,6876,11,3,1201.87,3,44,0.08,0.15,1,0.04,0.06,1
55,3552,11,0,1651.26,2,32,0.20,0.17,1,0.06,-0.03,1
20,5488,20,3,1426.56,3,48,0.07,0.00,1,0.04,-0.56,1
68,4800,10,3,2096.06,7,44,0.10,0.09,1,0.03,0.22,1
3795,4723,3,3,4.29,1037,427,0.86,0.09,0,0.86,5.00,1
47,4685,13,1,1656.83,3,34,0.11,0.20,1,0.03,0.29,1
54,4480,9,1,1706.26,9,21,0.10,0.15,1,0.07,0.23,1
61,5410,15,4,1485.16,3,26,0.02,0.06,1,0.05,-0.14,1
71,4899,13,3,1156.25,9,33,0.04,0.10,1,0.05,-0.47,1
3188,3186,1,0,2.40,1079,506,0.89,0.17,0,0.94,5.00,1
85,2968,8,4,1554.27,6,29,0.10,0.18,1,0.09,0.03,1
89,4232,9,0,1441.68,7,22,0.04,0.03,1,0.07,-0.02,1
46,4612,16,4,1727.36,5,34,0.12,0.14,1,0.06,-0.40,1
75,5112,17,0,1544.50,3,34,0.11,0.00,1,0.02,-0.40,1
3374,4950,2,1,8.58,1234,442,0.80,0.13,0,0.98,5.00,1
24,3892,16,1,1564.34,5,25,0.18,0.14,1,0.08,-0.07,1
56,4665,14,4,1440.00,9,40,0.11,0.09,1,0.09,0.29,1
87,5089,11,0,1398.49,2,41,0.16,0.08,1,0.09,-0.02,1
41,4775,12,0,1155.70,4,34,0.12,0.08,1,0.05,-0.45,1
2260,4340,3,3,4.53,1181,605,0.76,0.19,0,0.93,5.00,1
34,4933,10,2,1401.51,8,30,0.03,0.18,1,0.08,0.52,1
61,4642,20,4,1084.76,6,39,0.11,0.08,1,0.01,-0.81,1
46,5221,10,0,1404.17,4,17,0.11,0.02,1,0.02,0.45,1
55,4688,14,0,1385.03,3,47,0.12,0.11,1,0.02,0.46,1
2939,5926,3,2,3.33,1162,487,0.88,0.08,0,0.94,5.00,1
97,2121,17,2,1394.60,3,35,0.01,0.09,1,0.01,0.30,1
28,3493,15,4,1927.38,10,24,0.03,0.04,1,0.09,0.00,1
48,5904,14,3,1271.48,3,41,0.11,0.10,1,0.10,-0.34,1
93,5893,12,0,1277.88,3,42,0.11,0.01,1,0.02,0.95,1
3094,5471,0,2,3.19,1029,423,0.98,0.03,0,0.93,5.00,1
61,4503,8,2,1356.11,6,26,0.06,0.12,1,0.06,0.44,1
27,5258,9,0,1368.93,5,42,0.14,0.10,1,0.04,0.03,1
42,4119,20,4,1365.40,4,40,0.08,0.06,1,0.04,0.35,1
64,4315,11,1,1301.16,7,30,0.01,0.02,1,0.06,-0.49,1
2649,5499,2,4,7.31,807,481,0.92,0.03,0,0.99,5.00,1
60,5687,13,0,1347.74,6,34,0.12,0.03,1,0.03,0.07,1
51,3879,15,2,1680.82,7,32,0.08,0.10,1,0.07,0.43,1
53,5454,12,1,1620.31,8,33,0.11,0.05,1,0.01,0.78,1
2,4762,12,4,1483.33,5,37,0.12,0.13,1,0.01,-0.11,1
2876,6642,3,2,9.97,1237,440,0.95,0.15,0,0.84,5.00,1
28,6383,8,1,1514.18,10,25,0.10,0.03,1,0.03,-0.69,1
29,4899,20,0,1551.65,-1,26,0.08,0.10,1,0.08,-0.23,1
100,6127,18,3,1037.28,3,35,0.03,0.19,1,0.09,0.23,1
56,6031,16,3,1195.99,7,25,0.06,0.18,1,0.09,0.70,1
2208,5980,3,0,3.55,1054,462,0.96,0.16,0,0.95,5.00,1
66,6570,13,0,1169.49,6,39,0.15,0.06,1,0.04,-0.64,1
50,5565,10,4,1640.29,4,7,0.07,0.19,1,0.04,-0.16,1
50,6888,9,4,1164.33,7,19,0.10,0.20,1,0.05,-0.05,1
61,4981,18,3,1353.08,-2,23,0.01,0.03,1,0.04,0.02,1
2831,2747,2,3,9.12,1377,462,0.96,0.09,0,0.91,5.00,1
47,5704,20,0,1350.17,9,47,0.10,0.07,1,0.03,-0.12,1
66,4774,14,1,1618.30,7,31,0.16,0.15,1,0.03,-1.05,1
83,3742,9,3,1045.04,3,33,0.08,0.01,1,0.07,0.34,1
48,4798,14,0,1208.74,1,48,0.06,0.02,1,0.04,-0.09,1
2552,4701,1,2,3.93,1236,404,0.75,0.10,0,0.82,5.00,1
42,4635,15,2,1631.52,3,30,0.12,0.05,1,0.06,0.61,1
69,4791,20,4,1131.23,6,37,0.05,0.15,1,0.07,0.83,1
75,5407,13,1,1917.69,6,40,0.05,0.01,1,0.00,-0.10,1
48,4401,19,1,1281.00,8,31,0.18,0.13,1,0.10,0.11,1
2916,4793,3,0,3.54,1092,424,0.72,0.02,0,0.90,5.00,1
55,4356,14,4,1596.11,1,21,0.06,0.13,1,0.10,0.43,1
72,3845,11,1,1185.02,7,37,0.16,0.15,1,0.06,-0.61,1
62,5181,15,2,1790.49,6,37,0.03,0.03,1,0.03,0.13,1
76,4984,20,3,1586.06,2,36,0.04,0.03,1,0.08,-0.09,1
3819,5564,2,2,1.36,1052,457,0.98,0.08,0,0.83,5.00,1
73,4185,12,4,1011.80,3,27,0.16,0.01,1,0.00,0.43,1
74,2991,11,0,1430.36,5,20,0.10,0.09,1,0.08,0.15,1
46,3564,13,0,1330.85,0,28,0.19,0.07,1,0.06,-0.07,1
71,3971,12,4,1353.52,3,37,0.07,0.18,1,0.05,1.00,1
2649,4731,0,4,7.43,913,444,0.86,0.06,0,1.00,5.00,1
49,5546,11,2,1337.63,4,30,0.11,0.17,1,0.06,0.45,1
77,5677,18,4,1727.34,9,40,0.20,0.19,1,0.08,0.80,1
55,4272,16,4,1301.84,6,33,0.09,0.15,1,0.09,0.23,1
41,3999,19,0,1195.41,1,36,0.04,0.14,1,0.09,0.17,1
3027,4120,0,0,6.16,952,500,0.71,0.06,0,0.89,5.00,1
20,5656,11,2,1357.33,5,16,0.16,0.07,1,0.08,0.59,1
43,4243,16,1,1713.35,6,30,0.03,0.06,1,0.06,0.53,1
81,6577,20,4,1780.76,1,26,0.02,0.06,1,0.07,0.54,1
60,3528,9,4,1558.90,3,25,0.19,0.09,1,0.07,-0.19,1
3218,5635,3,0,6.51,825,530,0.96,0.18,0,0.93,5.00,1
85,3959,14,2,1263.37,1,57,0.06,0.20,1,0.07,0.15,1
77,3651,14,4,1358.46,8,30,0.06,0.05,1,0.06,-0.76,1
60,4195,15,4,1044.84,6,22,0.08,0.05,1,0.04,0.07,1
93,3713,9,2,1191.16,4,35,0.04,0.01,1,0.03,0.04,1
3451,4242,2,3,3.15,1158,484,0.91,0.15,0,0.89,5.00,1
79,6229,9,1,1126.34,3,18,0.01,0.04,1,0.03,0.01,1
69,6041,15,2,1680.79,11,44,0.06,0.13,1,0.08,-0.02,1
41,4044,16,3,1401.37,4,26,0.01,0.00,1,0.05,-0.79,1
47,4365,8,1,1566.70,5,15,0.14,0.06,1,0.02,-0.19,1
3086,5485,1,2,5.20,1062,501,0.96,0.12,0,0.86,5.00,1
37,4687,13,0,1297.08,5,32,0.15,0.15,1,0.01,-0.04,1
23,6318,16,3,1342.27,3,16,0.02,0.04,1,0.09,0.52,1
57,5829,12,2,1258.89,1,49,0.07,0.14,1,0.10,0.13,1
72,6326,20,2,1440.06,5,14,0.03,0.17,1,0.07,-0.06,1
3445,5237,0,3,7.60,651,520,0.94,0.07,0,0.85,5.00,1
43,4895,9,4,1041.04,8,22,0.19,0.10,1,0.03,-0.13,1
46,6398,9,3,1391.57,1,30,0.09,0.18,1,0.04,-0.31,1
38,7513,20,0,1514.39,3,32,0.11,0.10,1,0.01,-0.38,1
26,5600,18,2,1527.69,4,20,0.03,0.05,1,0.10,-0.11,1
2301,4358,2,0,4.66,913,465,0.78,0.20,0,0.91,5.00,1
53,5007,14,2,1354.21,7,22,0.04,0.05,1,0.04,-0.21,1
30,6258,10,3,1335.34,4,38,0.07,0.04,1,0.09,-0.25,1
41,4364,14,4,1639.48,5,51,0.03,0.01,1,0.02,-0.36,1
77,4170,16,2,1123.28,2,26,0.19,0.18,1,0.06,-0.54,1
3436,4800,1,3,8.54,985,465,0.84,0.03,0,0.91,5.00,1
56,3650,8,4,1559.91,5,38,0.19,0.07,1,0.09,-0.32,1
81,5291,14,4,1577.39,5,26,0.16,0.12,1,0.05,-0.08,1
36,5822,10,2,1107.04,10,36,0.10,0.02,1,0.04,0.06,1
53,6224,11,2,1272.75,7,33,0.17,0.14,1,0.02,-0.60,1
3335,5337,3,2,3.31,1307,458,0.97,0.02,0,0.90,5.00,1
60,5562,18,3,1667.90,5,46,0.11,0.11,1,0.03,0.13,1
47,4124,8,1,1369.69,6,8,0.11,0.13,1,0.03,0.68,1
66,4386,12,0,1224.96,9,39,0.17,0.00,1,0.08,0.23,1
66,6079,12,2,1382.88,4,41,0.16,0.10,1,0.08,-0.01,1
2990,6472,1,2,8.34,1449,527,0.97,0.15,0,0.84,5.00,1
55,3873,13,4,1425.30,4,43,0.08,0.13,1,0.08,-0.51,1
51,5130,16,0,1643.93,2,31,0.07,0.01,1,0.08,0.03,1
55,5347,15,3,1113.60,2,34,0.17,0.04,1,0.00,0.08,1
56,4727,20,3,1534.79,0,48,0.01,0.01,1,0.04,-0.33,1
2086,4432,3,4,3.86,837,445,0.80,0.18,0,0.99,5.00,1
14,6996,11,3,1231.70,8,17,0.14,0.07,1,0.07,-0.06,1
51,3657,12,4,1534.19,-1,21,0.10,0.11,1,0.05,0.93,1
56,4189,20,2,1760.48,6,16,0.04,0.01,1,0.04,0.20,1
30,4615,10,0,1754.70,2,42,0.18,0.00,1,0.01,0.82,1
1974,6326,3,3,9.27,1078,417,0.79,0.18,0,0.96,5.00,1
52,2732,9,1,1791.34,10,37,0.08,0.08,1,0.04,0.23,1
47,4335,15,2,1224.19,5,24,0.07,0.17,1,0.01,-0.13,1
46,2628,19,4,1499.61,2,30,0.06,0.05,1,0.05,0.16,1
27,6267,15,2,1115.77,3,30,0.16,0.12,1,0.07,0.17,1
2981,7112,2,0,4.89,998,412,0.93,0.12,0,0.91,5.00,1
91,3909,18,2,1170.18,7,17,0.10,0.00,1,0.01,0.48,1
73,4409,20,3,1148.18,1,27,0.17,0.10,1,0.04,0.60,1
47,4617,10,1,1363.25,2,42,0.16,0.17,1,0.06,0.10,1
78,5130,17,1,1622.80,6,29,0.16,0.17,1,0.01,0.09,1
3529,5442,0,2,9.62,830,523,0.88,0.13,0,0.97,5.00,1
93,5505,14,2,1380.22,10,20,0.01,0.04,1,0.06,0.05,1
59,5457,13,4,1638.54,6,29,0.06,0.12,1,0.04,0.77,1
53,5107,19,0,1004.82,6,45,0.05,0.05,1,0.03,0.39,1
93,5279,15,3,1691.63,5,41,0.11,0.03,1,0.08,0.82,1
2131,3926,0,0,2.79,1079,529,0.95,0.15,0,0.85,5.00,1
69,6228,11,3,1582.44,2,49,0.09,0.14,1,0.00,0.14,1
74,5531,19,4,1826.52,-2,38,0.17,0.18,1,0.05,-0.45,1
84,4692,12,4,1514.21,8,24,0.15,0.13,1,0.00,0.13,1
39,5300,14,0,1428.95,1,38,0.12,0.19,1,0.01,-0.73,1
2976,5997,3,1,4.09,1473,423,0.71,0.19,0,0.97,5.00,1
43,6409,13,3,1348.51,8,28,0.00,0.18,1,0.07,-0.41,1
31,5997,19,3,1707.94,3,35,0.09,0.12,1,0.09,0.22,1
63,5004,17,0,1481.78,-2,30,0.06,0.06,1,0.01,0.50,1
33,5542,17,0,1412.19,3,29,0.18,0.03,1,0.08,-0.05,1
3744,6476,0,3,5.70,903,427,1.00,0.10,0,0.82,5.00,1
41,5886,19,2,1639.26,4,27,0.05,0.09,1,0.07,0.29,1
68,4488,8,1,1071.92,5,6,0.18,0.11,1,0.08,-0.08,1
39,5670,18,2,1357.33,2,30,0.17,0.05,1,0.04,0.59,1
52,5363,12,0,1323.83,4,30,0.15,0.13,1,0.05,-0.55,1
2058,6374,1,3,2.05,937,498,0.80,0.09,0,0.94,5.00,1
55,4246,10,1,1201.72,2,43,0.02,0.15,1,0.08,-0.29,1
52,3545,16,3,1467.74,3,37,0.16,0.13,1,0.02,1.17,1
71,4586,16,4,1370.13,4,43,0.04,0.02,1,0.02,-0.06,1
39,3706,15,1,1168.78,8,46,0.20,0.03,1,0.08,-0.55,1
2263,4299,1,0,9.18,1080,451,0.71,0.10,0,0.84,5.00,1
51,5133,19,0,1562.57,0,30,0.13,0.08,1,0.01,-0.18,1
90,6573,12,3,1568.32,2,26,0.01,0.16,1,0.05,-0.56,1
31,6700,14,3,1389.59,5,10,0.19,0.07,1,0.09,0.19,1
62,6158,19,2,1634.53,9,35,0.00,0.14,1,0.06,-0.43,1
2087,4373,0,2,1.34,1362,549,0.71,0.12,0,0.90,5.00,1
66,3724,18,4,1513.53,6,44,0.06,0.15,1,0.07,-0.08,1
17,3775,16,1,1697.17,6,28,0.17,0.11,1,0.06,0.08,1
50,6032,16,3,1124.08,3,24,0.12,0.05,1,0.07,0.97,1
63,4846,12,3,1306.53,0,39,0.00,0.02,1,0.04,-0.86,1
3557,3886,2,2,9.53,807,535,0.92,0.11,0,0.94,5.00,1
66,5171,13,2,1375.24,4,16,0.19,0.15,1,0.07,0.22,1
42,3879,10,4,1609.68,6,30,0.08,0.18,1,0.06,1.43,1
21,5988,20,2,1398.76,9,24,0.07,0.11,1,0.02,-0.51,1
43,4765,16,2,1531.16,3,35,0.12,0.04,1,0.03,-0.88,1
2105,3391,0,0,3.63,1278,452,0.78,0.10,0,0.90,5.00,1
84,5749,12,0,1385.73,7,45,0.16,0.11,1,0.06,-0.12,1
43,3583,20,0,1414.25,7,40,0.07,0.03,1,0.09,0.51,1
25,5714,17,1,1470.32,4,45,0.03,0.17,1,0.08,0.17,1
38,6371,16,1,1678.55,2,32,0.15,0.01,1,0.08,-0.18,1
3660,4581,2,0,7.20,886,457,0.86,0.18,0,0.92,5.00,1
64,4326,17,0,1275.49,2,29,0.11,0.14,1,0.04,0.32,1
66,4241,8,0,1286.99,7,26,0.13,0.08,1,0.03,0.98,1
79,4966,18,2,1739.85,7,21,0.05,0.10,1,0.01,0.52,1
99,4748,11,0,1412.05,7,19,0.07,0.16,1,0.09,0.15,1
3486,4168,0,3,3.23,950,519,0.98,0.06,0,0.81,5.00,1
47,5452,13,2,1749.78,7,19,0.06,0.04,1,0.02,0.57,1
74,4321,15,1,1465.47,3,21,0.08,0.02,1,0.07,-0.47,1
86,4088,14,1,1468.80,6,39,0.02,0.17,1,0.07,0.94,1
51,5196,20,4,1186.15,4,12,0.08,0.18,1,0.05,-0.84,1
3769,4928,1,1,5.32,845,428,0.95,0.18,0,0.99,5.00,1
73,3674,13,3,1575.09,8,27,0.15,0.07,1,0.06,-0.40,1
58,3621,14,4,1285.86,4,41,0.16,0.20,1,0.08,-0.69,1
23,4930,19,2,1825.20,6,14,0.11,0.17,1,0.04,-0.09,1
54,5109,18,2,1422.76,6,18,0.04,0.12,1,0.06,0.00,1
2807,3511,2,0,5.09,860,523,0.76,0.03,0,0.90,5.00,1
37,4445,9,1,1337.33,8,19,0.13,0.01,1,0.03,0.40,1
63,5124,8,0,931.24,1,30,0.15,0.03,1,0.04,0.73,1
80,4186,16,2,1563.78,4,15,0.10,0.08,1,0.04,-1.01,1
57,5560,12,1,1544.98,7,29,0.19,0.19,1,0.06,0.29,1
2897,5828,1,3,5.95,1063,491,0.83,0.12,0,0.89,5.00,1
50,5492,18,4,1718.71,1,53,0.01,0.11,1,0.04,0.15,1
85,5651,17,2,1547.57,2,9,0.14,0.10,1,0.10,0.11,1
87,4136,9,4,1608.79,3,20,0.00,0.15,1,0.02,-0.14,1
60,4343,13,3,1308.08,6,27,0.10,0.16,1,0.06,-0.51,1
2968,5212,2,4,2.30,895,596,0.85,0.17,0,0.98,5.00,1
50,4858,14,3,1466.06,5,29,0.15,0.07,1,0.08,0.03,1
104,4027,16,4,1417.73,6,20,0.12,0.06,1,0.02,0.79,1
-1,4361,18,4,1634.23,6,30,0.12,0.13,1,0.02,0.11,1
42,5250,17,0,1648.46,2,55,0.03,0.15,1,0.05,0.61,1
2987,4577,0,1,9.54,1025,493,0.86,0.17,0,0.82,5.00,1
30,6537,17,3,1721.87,9,28,0.02,0.06,1,0.03,0.06,1
39,5452,15,0,1338.81,2,31,0.10,0.17,1,0.01,0.27,1
59,5404,18,2,1606.99,6,33,0.09,0.14,1,0.04,-0.91,1
60,5981,11,3,1480.02,12,30,0.15,0.13,1,0.10,-0.16,1
2991,4073,2,0,1.35,1018,499,0.84,0.04,0,0.86,5.00,1
82,4374,19,3,1257.79,4,23,0.20,0.05,1,0.10,0.07,1
56,3648,11,0,1386.62,1,35,0.07,0.02,1,0.09,-0.55,1
55,4360,20,3,1268.63,1,26,0.19,0.01,1,0.05,-0.37,1
82,6882,18,2,1494.16,-3,33,0.08,0.06,1,0.06,0.33,1
3069,5160,2,3,3.27,970,607,0.76,0.19,0,0.81,5.00,1
63,4285,11,2,1603.29,10,34,0.13,0.14,1,0.02,-0.17,1
68,4758,12,4,1245.51,5,39,0.18,0.15,1,0.05,-0.12,1
89,2372,11,2,1554.99,2,31,0.17,0.19,1,0.04,-0.49,1
85,5128,9,0,1119.67,1,14,0.17,0.06,1,0.04,-0.16,1
2967,4647,2,4,8.69,963,535,0.84,0.16,0,0.89,5.00,1
52,5913,15,1,1391.00,8,47,0.18,0.02,1,0.02,0.11,1
65,4919,16,2,1427.25,7,15,0.06,0.07,1,0.03,-0.14,1
73,5485,16,2,1375.87,5,33,0.10,0.20,1,0.02,0.09,1
76,5484,10,3,1740.84,6,38,0.14,0.17,1,0.05,0.20,1
1576,4138,1,1,7.79,1088,506,0.72,0.08,0,0.95,5.00,1
43,5911,11,3,1183.91,8,33,0.06,0.20,1,0.02,0.08,1
47,3857,13,2,1442.68,3,14,0.01,0.05,1,0.02,0.05,1
39,5755,8,4,1622.63,6,31,0.19,0.09,1,0.05,1.01,1
47,4387,9,2,1095.87,4,21,0.14,0.04,1,0.02,0.54,1
3137,6179,3,3,5.74,770,623,0.97,0.18,0,0.97,5.00,1
42,5023,18,0,1516.75,3,30,0.03,0.07,1,0.07,-0.11,1
47,4320,16,1,1462.33,4,23,0.12,0.04,1,0.01,-0.08,1
43,5629,16,2,1547.08,6,29,0.08,0.08,1,0.05,-0.03,1
52,5390,20,4,1668.56,2,25,0.15,0.01,1,0.02,0.82,1
3407,6281,0,2,6.38,1042,534,0.71,0.11,0,0.92,5.00,1
54,5652,10,3,1662.74,5,28,0.12,0.02,1,0.02,-0.69,1
15,4410,20,4,1473.61,3,-4,0.06,0.00,1,0.04,-0.72,1
31,3146,11,1,1227.81,2,56,0.11,0.18,1,0.08,-0.03,1
62,4373,20,3,1520.22,5,48,0.19,0.03,1,0.01,-0.17,1
2641,4905,0,0,9.63,1039,514,0.97,0.08,0,0.82,5.00,1
45,4656,17,0,1270.88,5,24,0.18,0.13,1,0.10,-0.11,1
76,5675,18,1,1486.84,6,40,0.02,0.16,1,0.05,-0.13,1
92,3785,20,3,1392.78,4,25,0.07,0.16,1,0.06,-0.37,1
49,5005,18,2,1441.19,5,42,0.06,0.12,1,0.06,0.85,1
2679,4468,0,4,1.57,943,549,0.86,0.17,0,0.86,5.00,1
83,4755,8,1,1830.83,8,34,0.20,0.03,1,0.08,-0.26,1
66,4943,9,0,1413.29,9,40,0.13,0.18,1,0.02,-0.42,1
63,5535,13,1,1500.90,6,38,0.06,0.13,1,0.02,0.28,1
63,4284,20,0,1489.17,3,21,0.11,0.01,1,0.06,-0.46,1
3462,4662,3,3,3.42,1265,599,0.81,0.14,0,0.95,5.00,1
68,4376,10,3,1573.91,7,23,0.11,0.08,1,0.00,0.47,1
50,4853,12,4,1456.57,3,39,0.19,0.04,1,0.09,0.02,1
51,5032,10,0,1467.97,4,39,0.17,0.04,1,0.02,-0.36,1
83,5143,13,0,1383.54,3,16,0.13,0.14,1,0.09,-0.34,1
2689,6151,3,4,8.00,1294,482,0.74,0.06,0,0.91,5.00,1
59,4684,13,3,1427.49,6,29,0.11,0.07,1,0.06,0.43,1
76,5676,16,2,1202.97,1,26,0.11,0.01,1,0.08,-0.20,1
55,5963,8,2,1207.37,2,51,0.06,0.08,1,0.07,-0.53,1
77,5630,16,2,1295.40,2,33,0.02,0.15,1,0.03,0.24,1
2206,4567,1,1,9.71,1034,496,0.92,0.01,0,0.85,5.00,1
80,4966,9,1,1678.39,5,33,0.09,0.12,1,0.08,0.15,1
94,7168,10,2,1374.53,9,27,0.02,0.10,1,0.05,-0.36,1
67,3936,16,2,1198.59,9,27,0.08,0.15,1,0.05,-0.09,1
69,5278,17,3,1423.76,3,40,0.11,0.06,1,0.03,0.15,1
2912,4313,0,2,7.39,982,495,0.98,0.17,0,0.85,5.00,1
82,3558,8,3,1449.08,6,37,0.13,0.14,1,0.06,0.28,1
72,5205,11,4,1482.24,0,34,0.05,0.07,1,0.02,0.09,1
72,4894,13,2,1089.15,2,46,0.08,0.05,1,0.06,0.31,1
21,3237,13,1,1494.80,8,22,0.09,0.14,1,0.05,-0.62,1
3308,4501,3,1,6.52,1064,505,0.94,0.09,0,0.88,5.00,1
50,5730,16,3,1469.76,9,30,0.09,0.01,1,0.03,0.07,1
79,6803,10,0,1208.54,4,44,0.15,0.10,1,0.06,0.91,1
80,5159,8,4,1320.47,3,20,0.05,0.17,1,0.06,0.07,1
53,5887,14,3,1208.96,0,40,0.08,0.12,1,0.06,0.17,1
4211,4181,1,0,2.56,1037,548,0.73,0.10,0,0.89,5.00,1
51,6834,15,1,1296.59,1,25,0.06,0.05,1,0.01,0.59,1
63,4868,9,4,1187.61,8,42,0.13,0.07,1,0.01,-0.14,1
79,6109,8,2,1152.15,6,45,0.00,0.16,1,0.05,0.23,1
12,3654,13,3,1284.61,1,21,0.08,0.15,1,0.08,-0.08,1
2126,6482,0,1,5.65,1029,560,0.80,0.19,0,0.91,5.00,1
63,3950,11,1,1570.19,10,57,0.09,0.05,1,0.07,-0.62,1
76,5776,19,1,1526.90,4,22,0.02,0.06,1,0.02,-1.05,1
90,4156,11,2,1714.37,6,36,0.19,0.12,1,0.01,0.05,1
51,6050,10,3,1213.90,4,20,0.13,0.12,1,0.01,0.38,1
2631,5322,1,0,3.20,1128,439,0.91,0.12,0,0.80,5.00,1
47,2045,8,0,1201.78,5,42,0.17,0.12,1,0.01,-0.49,1
74,5304,10,3,1547.55,8,23,0.13,0.09,1,0.04,-0.47,1
58,6010,9,1,1337.98,6,43,0.16,0.20,1,0.01,-0.66,1
76,5277,19,2,1193.14,7,33,0.02,0.19,1,0.10,0.65,1
3312,5206,3,0,5.89,958,491,0.96,0.05,0,0.91,5.00,1
50,3359,15,4,1351.28,3,31,0.15,0.18,1,0.09,0.06,1
106,6296,12,4,1632.08,2,38,0.17,0.18,1,0.04,0.00,1
32,5565,18,2,1632.85,5,21,0.11,0.02,1,0.02,0.27,1
61,4823,10,0,967.34,5,37,0.02,0.05,1,0.05,0.04,1
2931,4451,0,0,3.34,1251,544,0.70,0.09,0,0.83,5.00,1
86,3574,13,4,1308.89,4,12,0.16,0.11,1,0.07,0.87,1
78,6728,17,1,1453.85,8,33,0.07,0.01,1,0.09,-0.39,1
78,5623,13,0,1384.57,-2,38,0.10,0.13,1,0.04,-0.40,1
83,6211,12,3,1515.45,2,23,0.04,0.05,1,0.08,0.33,1
3198,3718,2,4,2.48,702,530,0.90,0.00,0,0.97,5.00,1
59,5031,12,4,1514.59,7,28,0.06,0.15,1,0.01,1.19,1
83,4431,15,0,1238.77,6,40,0.09,0.11,1,0.03,0.97,1
37,4583,16,4,1374.25,5,14,0.15,0.11,1,0.06,-0.18,1
37,3989,20,1,1572.53,9,34,0.04,0.20,1,0.10,-0.10,1
3562,6553,1,0,2.55,897,489,0.96,0.06,0,0.86,5.00,1
75,4110,16,3,1362.52,4,12,0.10,0.05,1,0.06,0.49,1
46,5198,20,0,1384.23,4,35,0.04,0.12,1,0.01,-0.16,1
38,5164,16,0,1699.95,0,41,0.15,0.17,1,0.02,-0.16,1
64,3849,12,4,1385.45,4,28,0.12,0.12,1,0.04,0.83,1
3085,5455,2,2,2.55,1314,536,0.96,0.11,0,0.86,5.00,1
87,6039,9,2,1256.33,11,35,0.05,0.19,1,0.03,0.43,1
72,5821,16,0,1423.50,5,29,0.11,0.17,1,0.09,-0.23,1
71,6916,17,2,1191.36,11,13,0.06,0.16,1,0.07,0.44,1
78,4664,19,0,1391.20,-1,44,0.05,0.00,1,0.01,-0.20,1
2017,7100,2,1,8.75,969,528,0.95,0.05,0,0.81,5.00,1
85,5202,17,3,1146.95,6,27,0.00,0.20,1,0.09,0.41,1
55,3484,18,3,1507.08,5,34,0.04,0.18,1,0.06,0.22,1
65,5650,17,3,1543.07,2,23,0.11,0.12,1,0.05,-0.26,1
56,4691,14,1,1404.62,10,35,0.14,0.02,1,0.05,-0.19,1
1660,4642,2,4,7.57,913,528,0.94,0.10,0,0.92,5.00,1
65,4947,11,3,1515.35,0,44,0.01,0.07,1,0.00,0.17,1
57,5156,14,2,1201.92,6,44,0.04,0.17,1,0.08,0.23,1
68,6468,10,2,1607.10,8,36,0.01,0.06,1,0.03,0.20,1
70,6094,19,0,1552.35,4,23,0.05,0.15,1,0.05,0.24,1
2271,5836,1,0,2.78,884,491,0.89,0.12,0,0.86,5.00,1
58,5055,20,1,1560.52,8,39,0.15,0.11,1,0.02,-0.35,1
57,5396,9,2,1430.10,4,15,0.10,0.04,1,0.04,0.73,1
99,4673,20,2,1429.99,5,40,0.13,0.11,1,0.00,-0.56,1
69,4764,10,0,1667.80,15,30,0.05,0.09,1,0.01,0.00,1
3125,5463,0,3,8.83,1099,467,0.84,0.10,0,0.97,5.00,1
65,5447,14,4,1491.51,7,33,0.03,0.17,1,0.08,1.01,1
87,5350,19,3,1868.90,13,16,0.01,0.04,1,0.09,0.34,1
64,5291,11,4,1490.11,5,43,0.01,0.13,1,0.07,-0.05,1
44,4449,12,2,1437.13,-1,25,0.16,0.08,1,0.01,0.23,1
2848,5050,0,0,2.00,851,541,0.80,0.10,0,0.93,5.00,1
65,3160,10,2,926.61,7,42,0.15,0.14,1,0.04,-0.32,1
44,6673,16,1,1628.37,6,40,0.13,0.02,1,0.05,0.38,1
58,4333,12,1,1670.82,2,35,0.15,0.19,1,0.02,-0.31,1
41,6175,18,4,1654.53,7,49,0.05,0.18,1,0.03,-1.05,1
2404,3499,0,3,3.73,861,577,0.98,0.16,0,0.88,5.00,1
66,4811,16,1,1388.05,7,40,0.04,0.17,1,0.09,-0.18,1
72,3630,8,3,1052.58,9,35,0.05,0.05,1,0.07,0.15,1
67,4292,12,0,1511.40,5,36,0.06,0.10,1,0.10,0.04,1
56,5537,8,2,1557.02,6,21,0.04,0.11,1,0.04,0.96,1
2238,5888,2,1,6.02,990,485,0.79,0.07,0,0.85,5.00,1
83,5460,8,3,1430.09,5,29,0.09,0.20,1,0.01,-0.47,1
31,4923,18,2,1763.29,1,38,0.09,0.07,1,0.05,-0.95,1
84,4538,10,0,1406.56,6,27,0.04,0.08,1,0.02,-0.44,1
64,6058,19,3,1214.82,5,28,0.12,0.18,1,0.09,0.66,1
3500,5916,2,1,4.11,996,545,0.99,0.19,0,0.87,5.00,1
57,6857,8,1,1006.39,6,41,0.08,0.12,1,0.09,-1.42,1
53,6913,12,1,1535.40,5,24,0.03,0.07,1,0.03,0.49,1
55,4813,18,1,1341.66,5,40,0.11,0.06,1,0.03,-1.11,1
58,4781,11,0,1313.40,6,32,0.03,0.15,1,0.05,-0.20,1
2674,4926,3,2,7.35,872,448,0.87,0.01,0,0.94,5.00,1
34,3504,9,2,1265.47,9,31,0.13,0.04,1,0.01,0.30,1
57,4223,13,4,1466.58,10,37,0.04,0.13,1,0.07,0.72,1
45,3891,12,3,1281.25,9,34,0.17,0.15,1,0.02,0.09,1
76,6360,11,1,1361.01,7,17,0.07,0.10,1,0.04,0.43,1
3177,5556,2,0,7.33,704,583,0.82,0.14,0,0.87,5.00,1
41,3977,9,2,1440.61,3,41,0.11,0.01,1,0.05,0.76,1
40,5117,8,2,1354.23,6,23,0.09,0.11,1,0.03,-0.04,1
59,5302,18,3,1639.55,3,32,0.18,0.02,1,0.05,-0.04,1
83,4589,15,4,1223.44,-1,37,0.05,0.12,1,0.08,0.15,1
3002,5401,2,0,6.27,829,439,0.88,0.19,0,0.97,5.00,1
71,4345,15,0,1220.67,3,18,0.09,0.08,1,0.00,0.14,1
70,5590,17,0,1127.62,9,37,0.02,0.17,1,0.02,0.52,1
71,4237,8,3,1369.67,3,26,0.07,0.06,1,0.04,0.19,1
46,6594,18,4,1551.89,8,35,0.12,0.05,1,0.07,0.69,1
2394,4297,1,0,6.95,1049,586,0.93,0.09,0,0.91,5.00,1
39,3803,15,3,1559.02,-2,17,0.08,0.06,1,0.03,0.26,1
96,6155,8,3,1486.78,1,18,0.10,0.13,1,0.06,-0.24,1
66,6085,16,4,2119.44,5,33,0.18,0.15,1,0.07,0.27,1
34,5177,17,1,1498.87,8,19,0.07,0.01,1,0.02,-0.40,1
2430,4315,3,3,7.72,898,519,0.82,0.17,0,0.91,5.00,1
54,4097,9,1,1394.53,0,30,0.05,0.05,1,0.09,-0.40,1
69,5202,18,0,1472.28,10,33,0.02,0.07,1,0.03,-0.21,1
32,3850,9,2,1282.14,5,50,0.17,0.06,1,0.06,-0.93,1
28,4683,11,4,1777.83,5,32,0.18,0.11,1,0.01,-0.23,1
2898,4071,3,3,2.93,1059,586,0.91,0.05,0,1.00,5.00,1
73,4919,8,3,1171.94,8,32,0.09,0.16,1,0.09,-0.16,1
31,4575,8,1,1353.39,5,35,0.17,0.19,1,0.01,-0.25,1
44,4397,9,3,1472.15,4,19,0.11,0.18,1,0.10,-0.45,1
101,5154,8,3,1230.95,3,27,0.20,0.15,1,0.03,0.27,1
2591,3942,0,4,2.17,825,560,0.92,0.14,0,0.83,5.00,1
80,4119,19,1,1340.27,6,32,0.01,0.13,1,0.03,-0.48,1
38,3733,19,3,1553.25,6,1,0.17,0.17,1,0.01,-0.15,1
55,5473,20,2,1235.37,8,41,0.04,0.17,1,0.02,-0.52,1
34,4173,12,0,1359.64,4,19,0.13,0.12,1,0.09,0.22,1
2192,4916,1,4,6.28,1050,518,0.97,0.04,0,0.97,5.00,1
61,3974,19,3,1372.53,6,46,0.13,0.18,1,0.03,0.17,1
61,6663,10,0,1314.61,4,44,0.11,0.07,1,0.07,-0.77,1
41,3521,19,3,1677.28,7,35,0.09,0.10,1,0.07,-0.22,1
32,3802,16,0,1765.76,-2,23,0.04,0.19,1,0.07,0.98,1
2907,5413,2,2,8.43,1097,459,0.72,0.20,0,0.80,5.00,1
62,4670,17,1,1290.09,7,32,0.00,0.16,1,0.02,-0.33,1
40,3701,20,3,1258.01,2,10,0.19,0.05,1,0.01,1.10,1
33,5173,19,1,1498.96,7,18,0.03,0.18,1,0.02,-0.13,1
76,4767,20,2,1283.61,4,24,0.02,0.05,1,0.07,1.37,1
3275,6446,3,1,3.24,1090,572,0.86,0.01,0,0.94,5.00,1
73,6357,11,3,1368.36,11,37,0.17,0.01,1,0.09,-0.05,1
59,5482,17,4,1147.33,9,28,0.05,0.06,1,0.01,-1.09,1
72,4463,12,2,1033.70,3,28,0.18,0.19,1,0.09,-0.96,1
45,7162,17,1,1322.51,10,26,0.16,0.17,1,0.02,-0.22,1
3464,6700,3,0,4.40,656,489,0.88,0.16,0,0.96,5.00,1
77,4134,18,0,1036.06,6,27,0.07,0.13,1,0.09,0.49,1
96,5065,19,3,1359.71,4,19,0.17,0.20,1,0.05,0.08,1
19,4329,19,1,1116.34,8,43,0.11,0.14,1,0.09,-0.68,1
46,6013,16,1,1377.59,6,26,0.01,0.14,1,0.07,-0.76,1
2372,2908,1,2,3.35,925,530,0.82,0.06,0,0.92,5.00,1
50,7173,13,1,1703.28,5,22,0.18,0.08,1,0.08,0.37,1
51,3163,14,4,1235.71,-1,32,0.01,0.03,1,0.08,-0.24,1
61,4563,13,4,1083.40,7,23,0.13,0.07,1,0.07,-0.37,1
46,4848,11,2,1315.35,5,30,0.03,0.19,1,0.08,0.39,1
3627,4002,1,1,1.61,1175,490,0.99,0.14,0,0.96,5.00,1
53,3969,10,3,1836.71,6,33,0.19,0.07,1,0.03,-0.28,1
42,6659,8,3,1359.62,4,35,0.16,0.09,1,0.05,0.12,1
85,6856,13,0,1216.79,8,28,0.19,0.00,1,0.02,-0.03,1
102,5567,13,1,1650.46,6,50,0.15,0.12,1,0.04,-0.12,1
3526,4106,2,2,1.17,574,395,0.99,0.05,0,0.88,5.00,1
56,5233,8,0,1545.25,7,29,0.17,0.10,1,0.02,1.50,1
72,7540,10,4,1578.98,5,19,0.12,0.05,1,0.08,0.00,1
39,4565,9,3,1471.81,3,33,0.12,0.11,1,0.02,0.74,1
79,7720,11,1,1429.63,5,39,0.03,0.05,1,0.02,-0.14,1
3807,4832,0,2,2.31,1011,480,0.96,0.20,0,0.97,5.00,1
14,4846,16,3,1547.43,4,44,0.08,0.14,1,0.02,0.03,1
77,5694,15,0,1408.77,1,44,0.13,0.14,1,0.05,0.69,1
57,5022,13,0,1592.30,7,29,0.06,0.09,1,0.00,0.88,1
46,5165,15,2,1820.44,8,36,0.04,0.12,1,0.01,-0.17,1
3555,4759,0,2,3.68,934,413,0.77,0.07,0,0.82,5.00,1
28,5227,8,0,1260.71,7,41,0.07,0.08,1,0.03,-0.49,1
61,4923,14,2,1682.59,7,31,0.02,0.02,1,0.04,0.33,1
90,5209,8,0,1436.44,8,39,0.14,0.16,1,0.05,-0.08,1
50,6357,17,2,1704.08,5,13,0.15,0.17,1,0.01,0.00,1
3203,6322,0,2,4.73,935,521,0.76,0.01,0,1.00,5.00,1
33,5179,9,1,1254.75,6,29,0.20,0.06,1,0.05,0.49,1
55,3743,18,3,1184.93,4,23,0.19,0.01,1,0.02,-0.08,1
74,4882,12,1,1452.70,5,46,0.19,0.10,1,0.00,0.72,1
58,3525,9,2,1404.91,7,23,0.18,0.19,1,0.09,-0.59,1
3236,3486,3,1,7.80,754,535,0.89,0.15,0,0.91,5.00,1
61,3999,13,2,1283.87,3,37,0.00,0.11,1,0.08,0.93,1
24,5482,18,3,905.42,4,30,0.16,0.12,1,0.07,-0.15,1
71,7516,17,1,1455.08,9,35,0.09,0.18,1,0.06,0.51,1
86,6137,16,3,1718.38,9,35,0.00,0.18,1,0.10,0.05,1
2487,4670,2,1,3.13,1125,537,0.76,0.11,0,0.97,5.00,1
76,4688,20,3,1219.51,4,37,0.20,0.15,1,0.01,0.79,1
41,5874,19,3,1438.77,0,28,0.10,0.09,1,0.05,-0.31,1
60,6052,14,3,1348.73,3,17,0.07,0.18,1,0.05,0.46,1
83,4320,8,1,1259.04,5,15,0.08,0.10,1,0.05,0.05,1
3723,5204,3,0,1.04,699,490,0.93,0.20,0,0.80,5.00,1
131,5422,15,2,1495.79,11,18,0.02,0.13,1,0.04,-0.58,1
76,5268,18,1,1740.84,9,30,0.11,0.03,1,0.06,-0.38,1
61,4228,9,3,1469.77,3,28,0.03,0.16,1,0.07,-0.39,1
29,4644,12,2,1694.62,4,48,0.11,0.12,1,0.05,-0.86,1
3150,4472,3,4,3.13,1049,517,0.90,0.06,0,0.84,5.00,1
59,3549,13,2,1329.54,4,20,0.01,0.11,1,0.00,-0.96,1
58,4879,10,3,1691.65,5,22,0.16,0.09,1,0.03,-0.34,1
27,3188,13,3,1910.47,-1,26,0.15,0.16,1,0.01,-0.22,1
59,5206,14,0,1894.61,9,37,0.09,0.04,1,0.00,0.59,1
2712,7150,1,1,8.13,837,458,0.95,0.01,0,0.97,5.00,1
85,3904,8,0,1237.84,6,24,0.05,0.13,1,0.04,-0.42,1
88,4176,19,4,967.47,-3,31,0.06,0.14,1,0.06,-0.15,1
76,5678,15,0,1171.98,11,30,0.08,0.19,1,0.07,0.19,1
43,4404,19,4,1465.91,12,47,0.16,0.12,1,0.05,0.22,1
3466,6244,1,2,4.84,1224,430,0.91,0.15,0,1.00,5.00,1
92,5293,15,3,1064.52,0,47,0.08,0.19,1,0.10,-0.35,1
113,6069,17,3,991.64,10,30,0.19,0.15,1,0.02,0.41,1
50,4077,16,1,1665.51,5,47,0.20,0.04,1,0.04,-0.57,1
73,6164,8,0,1436.42,10,22,0.10,0.17,1,0.06,0.23,1
4119,5059,0,0,4.86,1105,550,0.99,0.13,0,0.84,5.00,1
81,3591,15,4,1393.15,6,27,0.20,0.06,1,0.07,-1.09,1
70,5610,16,3,1268.05,4,31,0.08,0.01,1,0.01,-0.10,1
84,4851,17,3,1422.47,9,34,0.01,0.08,1,0.10,-0.13,1
41,4336,16,1,1358.38,3,47,0.07,0.17,1,0.01,0.27,1
2890,3536,3,0,1.04,1266,587,0.76,0.05,0,0.97,5.00,1
66,5333,15,1,1220.96,8,51,0.07,0.13,1,0.08,0.61,1
44,4677,18,4,1301.09,4,28,0.15,0.04,1,0.01,-0.04,1
52,3911,20,1,1380.87,7,36,0.17,0.04,1,0.03,0.16,1
59,4323,14,0,1694.25,9,27,0.05,0.05,1,0.03,0.67,1
2496,5379,3,0,6.76,1405,517,0.86,0.02,0,0.92,5.00,1
47,6367,15,4,1392.32,7,23,0.10,0.01,1,0.04,0.64,1
52,4724,13,2,1131.11,6,10,0.02,0.10,1,0.09,0.52,1
74,5903,12,3,1476.63,0,27,0.16,0.07,1,0.06,0.17,1
49,4932,12,4,1561.02,5,31,0.19,0.05,1,0.05,-0.78,1
2805,5166,0,3,4.37,629,553,0.91,0.20,0,0.89,5.00,1
76,4654,16,0,1606.64,3,24,0.11,0.07,1,0.02,0.41,1
77,5132,11,2,1277.00,13,28,0.09,0.11,1,0.05,-0.07,1
41,5602,13,0,1186.18,4,33,0.02,0.14,1,0.05,0.31,1
66,5014,20,4,1738.92,4,35,0.09,0.15,1,0.07,0.28,1
2963,4487,0,3,3.35,1227,452,0.74,0.19,0,0.85,5.00,1
57,4773,17,3,1356.28,0,42,0.05,0.01,1,0.03,0.08,1
89,4552,13,3,1722.02,6,27,0.10,0.15,1,0.02,0.87,1
58,2106,8,4,1215.55,9,29,0.17,0.02,1,0.09,0.26,1
28,6160,15,4,1394.09,6,41,0.15,0.15,1,0.02,0.51,1
2643,4719,3,3,6.77,1015,585,0.88,0.02,0,0.96,5.00,1
60,5737,11,4,1277.40,8,36,0.05,0.13,1,0.09,-0.79,1
72,4869,19,4,1455.54,7,46,0.11,0.06,1,0.02,-0.50,1
35,5366,16,3,1604.62,4,26,0.12,0.09,1,0.08,0.06,1
55,5513,8,3,1389.92,8,41,0.09,0.10,1,0.07,-0.14,1
2995,2797,1,3,1.41,928,423,0.86,0.02,0,0.90,5.00,1
20,7078,17,2,1120.52,5,39,0.19,0.03,1,0.03,0.10,1
85,3133,11,4,1882.73,2,33,0.09,0.01,1,0.03,0.17,1
70,4914,11,2,1691.30,3,45,0.03,0.03,1,0.02,-0.08,1
50,4032,11,4,1865.38,3,39,0.12,0.05,1,0.06,0.18,1
2625,5701,1,2,9.73,998,543,0.80,0.19,0,0.86,5.00,1
33,7241,18,2,1391.86,7,40,0.07,0.08,1,0.03,-0.74,1
86,3870,13,0,1428.24,5,35,0.07,0.03,1,0.04,0.89,1
71,3032,20,1,1757.61,4,17,0.05,0.11,1,0.07,0.09,1
108,5161,18,1,1521.79,5,32,0.05,0.11,1,0.05,-0.05,1
3597,4893,2,1,8.38,864,561,0.91,0.13,0,1.00,5.00,1
64,4607,12,1,1258.38,5,26,0.17,0.14,1,0.04,-0.20,1
37,3631,10,1,1292.64,0,26,0.08,0.06,1,0.04,-1.50,1
14,5296,9,0,1378.89,3,21,0.05,0.05,1,0.10,-0.05,1
26,4119,11,4,1669.07,7,26,0.10,0.12,1,0.10,0.15,1
3662,3726,1,0,8.73,1081,552,0.73,0.20,0,0.97,5.00,1
45,4141,8,4,1366.70,6,37,0.19,0.05,1,0.08,-0.29,1
12,5112,18,0,1813.65,6,47,0.10,0.11,1,0.09,0.56,1
81,4108,11,1,1780.58,3,37,0.05,0.13,1,0.08,0.32,1
32,4032,19,2,1244.34,5,30,0.18,0.16,1,0.09,-0.50,1
3615,5340,0,4,2.98,1039,451,0.78,0.14,0,0.80,5.00,1
42,3641,8,4,1014.12,10,29,0.10,0.04,1,0.01,0.15,1
73,3753,12,1,1364.05,6,37,0.03,0.00,1,0.00,0.09,1
48,5160,14,1,1439.50,3,45,0.02,0.18,1,0.04,0.08,1
73,6444,8,2,1280.07,9,37,0.08,0.08,1,0.10,0.16,1
3480,5360,3,1,8.49,1216,597,0.90,0.12,0,0.93,5.00,1
84,5226,14,4,1555.66,7,28,0.17,0.17,1,0.00,-0.70,1
52,3564,17,3,1263.62,2,25,0.16,0.05,1,0.06,-0.66,1
86,5236,11,4,1507.23,4,34,0.02,0.00,1,0.02,0.55,1
53,4702,17,0,1604.14,8,23,0.02,0.02,1,0.07,0.25,1
2878,4369,3,1,3.58,917,542,0.95,0.09,0,0.82,5.00,1
40,5327,10,1,1263.75,5,36,0.17,0.17,1,0.09,-0.08,1
59,5165,9,0,1256.56,8,38,0.17,0.11,1,0.09,0.03,1
76,5818,11,3,2113.60,9,3,0.04,0.11,1,0.05,-0.40,1
86,4888,17,0,1556.40,9,30,0.12,0.11,1,0.08,0.41,1
3177,5591,0,4,8.27,1002,467,0.95,0.19,0,0.99,5.00,1
34,6175,8,3,1431.52,4,45,0.04,0.11,1,0.04,0.87,1
19,4754,16,2,1302.83,0,17,0.13,0.11,1,0.05,-1.04,1
52,5461,15,0,1336.04,7,17,0.19,0.10,1,0.02,0.29,1
88,5920,20,0,1490.51,5,31,0.17,0.20,1,0.00,0.15,1
3058,4796,0,0,3.08,987,473,0.94,0.20,0,0.96,5.00,1
54,4819,13,2,1377.43,9,33,0.07,0.07,1,0.09,-0.85,1
81,4804,19,1,1675.59,6,50,0.06,0.03,1,0.02,0.24,1
53,6924,16,2,1401.89,9,29,0.15,0.05,1,0.06,-0.44,1
94,4815,18,4,1316.11,8,36,0.08,0.13,1,0.06,0.37,1
3400,5942,2,1,9.22,925,479,0.95,0.09,0,0.87,5.00,1
81,5282,8,0,1229.44,13,50,0.04,0.11,1,0.00,0.48,1
19,5328,20,2,1527.17,3,21,0.08,0.04,1,0.09,0.50,1
66,5924,8,4,1225.37,11,19,0.16,0.08,1,0.08,0.51,1
59,4758,17,4,1568.35,5,32,0.02,0.04,1,0.06,-0.21,1
3883,4921,3,1,3.06,1068,465,1.00,0.08,0,0.96,5.00,1
54,4119,12,0,1564.57,7,20,0.13,0.08,1,0.09,-0.68,1
54,4952,8,3,1519.06,9,14,0.10,0.13,1,0.07,-0.18,1
45,5762,14,0,1692.14,8,29,0.07,0.00,1,0.08,0.62,1
64,6459,16,1,1401.09,5,38,0.15,0.14,1,0.04,0.45,1
2484,4366,3,1,1.39,706,423,1.00,0.11,0,0.96,5.00,1
51,5826,12,4,1898.45,6,38,0.17,0.00,1,0.08,0.28,1
73,7326,18,0,1194.58,5,38,0.16,0.04,1,0.07,-0.06,1
44,3734,17,0,1552.32,7,20,0.07,0.08,1,0.05,0.18,1
43,6232,16,0,1400.51,8,38,0.18,0.15,1,0.04,-0.29,1
2639,4037,0,2,4.37,1146,445,0.94,0.05,0,0.89,5.00,1
45,5663,14,3,1384.42,7,15,0.12,0.01,1,0.01,-0.17,1
50,6140,14,3,1319.13,4,32,0.13,0.16,1,0.06,-0.30,1
39,4702,9,0,1707.50,4,38,0.04,0.12,1,0.04,0.00,1
67,4997,15,1,1240.13,2,29,0.13,0.04,1,0.08,1.01,1
3324,2697,1,2,1.31,1144,499,0.84,0.11,0,0.99,5.00,1
72,3632,11,2,1434.80,8,44,0.16,0.10,1,0.09,0.09,1
100,4639,15,3,1219.06,1,40,0.02,0.15,1,0.06,0.86,1
62,6155,15,3,1172.62,5,26,0.18,0.10,1,0.08,-0.32,1
109,5152,12,0,1428.83,4,30,0.09,0.11,1,0.04,0.56,1
2763,5047,0,3,8.15,966,488,0.92,0.03,0,0.91,5.00,1
51,4867,17,0,1548.13,5,26,0.15,0.16,1,0.09,0.38,1
43,5362,14,0,1510.42,9,40,0.07,0.04,1,0.10,-0.03,1
68,3797,11,2,995.70,4,42,0.18,0.14,1,0.10,-0.44,1
95,4926,20,2,1462.75,2,37,0.07,0.18,1,0.02,-0.17,1
3131,4794,2,2,3.10,1076,536,0.81,0.06,0,0.99,5.00,1
86,3092,8,3,1413.41,10,31,0.10,0.17,1,0.02,0.28,1
69,4467,20,1,1475.15,8,21,0.13,0.20,1,0.08,0.59,1
72,4819,14,3,1608.74,1,33,0.05,0.09,1,0.09,-0.36,1
56,5156,18,4,1384.75,-1,40,0.05,0.18,1,0.06,-0.89,1
2609,5392,2,2,8.40,1122,558,0.73,0.00,0,0.80,5.00,1
72,4095,9,3,1618.00,-4,31,0.16,0.17,1,0.01,0.20,1
71,2055,15,1,1096.97,4,33,0.11,0.19,1,0.07,1.21,1
71,6019,16,3,1626.59,4,34,0.17,0.11,1,0.09,0.30,1
64,4113,13,0,1406.37,7,40,0.14,0.01,1,0.10,-0.28,1
2748,5847,2,3,8.97,977,380,0.79,0.02,0,0.83,5.00,1
90,4340,18,4,1849.54,0,21,0.16,0.09,1,0.04,-0.50,1
91,5139,10,3,1401.59,2,35,0.04,0.16,1,0.06,0.51,1
71,6246,14,4,1419.17,8,31,0.02,0.06,1,0.05,-0.20,1
34,4089,14,1,1294.61,1,39,0.13,0.16,1,0.02,-0.72,1
2363,6956,2,0,5.67,1099,483,0.74,0.11,0,0.80,5.00,1
63,6329,10,2,1319.36,11,45,0.02,0.03,1,0.09,-1.16,1
36,5466,17,4,1626.49,8,23,0.01,0.11,1,0.04,-0.47,1
9,7156,11,2,1447.48,2,46,0.02,0.01,1,0.05,0.59,1
87,4870,17,2,1539.77,4,39,0.10,0.18,1,0.06,-0.47,1
3012,5446,1,1,3.68,997,496,0.90,0.19,0,0.89,5.00,1
61,3697,9,2,1283.06,4,34,0.06,0.08,1,0.01,0.17,1
75,4257,8,4,1554.92,5,26,0.07,0.04,1,0.08,0.87,1
55,4593,12,3,1303.08,6,23,0.02,0.11,1,0.09,-0.20,1
80,5618,10,2,1585.08,5,27,0.07,0.02,1,0.08,0.88,1
2592,3717,3,3,5.56,1096,473,0.99,0.16,0,0.96,5.00,1
62,5669,19,4,1173.56,11,27,0.05,0.08,1,0.02,-0.99,1
66,4230,16,0,1040.63,9,32,0.17,0.05,1,0.08,0.05,1
104,5147,19,2,1272.87,-3,20,0.10,0.01,1,0.02,-0.09,1
70,6748,19,3,1654.14,5,29,0.05,0.07,1,0.01,0.50,1
2700,7461,0,3,2.38,694,591,0.96,0.01,0,0.99,5.00,1
77,6711,15,2,1302.99,5,37,0.03,0.04,1,0.02,0.85,1
63,6742,17,4,1527.40,8,32,0.05,0.12,1,0.08,0.04,1
7,7448,8,2,1479.95,5,28,0.20,0.01,1,0.06,-0.75,1
88,4506,8,0,1496.99,-2,17,0.07,0.18,1,0.03,-0.40,1
3359,5134,2,1,7.11,1068,456,0.85,0.10,0,0.96,5.00,1
37,5328,8,1,1622.15,7,45,0.04,0.19,1,0.05,0.06,1
89,4569,15,2,1448.38,8,35,0.18,0.17,1,0.05,-0.47,1
98,6365,10,2,1643.26,5,31,0.00,0.09,1,0.01,-0.37,1
43,4722,13,2,1412.49,7,38,0.08,0.19,1,0.08,0.24,1
3100,6122,3,4,5.77,1189,567,0.79,0.08,0,0.98,5.00,1
64,7329,9,3,1658.80,4,31,0.08,0.04,1,0.06,-0.18,1
57,6270,20,1,1282.88,6,23,0.13,0.08,1,0.00,-0.28,1
75,4572,8,2,1247.67,4,21,0.04,0.02,1,0.05,-0.12,1
51,6253,8,1,1594.02,10,19,0.09,0.07,1,0.05,1.36,1
2764,4768,2,1,6.47,1240,374,0.79,0.05,0,0.86,5.00,1
20,4507,8,1,1450.15,3,50,0.01,0.13,1,0.00,-0.25,1
64,3963,15,0,1784.11,3,15,0.05,0.02,1,0.03,0.34,1
93,4929,20,1,1542.34,3,38,0.17,0.02,1,0.04,0.54,1
66,4708,17,1,1505.91,7,33,0.06,0.08,1,0.10,-0.24,1
3389,4473,1,2,1.86,966,412,0.95,0.11,0,0.82,5.00,1
42,4521,19,0,1580.20,8,13,0.05,0.13,1,0.02,-0.35,1
103,4489,14,3,1611.54,6,30,0.11,0.02,1,0.01,-0.61,1
57,6281,14,0,1665.24,7,26,0.04,0.05,1,0.07,0.37,1
109,5556,11,1,1124.78,2,34,0.09,0.13,1,0.00,0.24,1
1895,5259,1,1,7.11,952,500,0.86,0.09,0,0.99,5.00,1
74,3255,8,1,1509.29,9,29,0.16,0.19,1,0.01,0.74,1
62,6993,11,4,1235.35,7,25,0.11,0.07,1,0.09,0.72,1
90,3215,16,4,1446.36,3,27,0.19,0.18,1,0.07,-0.39,1
54,5126,16,0,1454.13,5,29,0.04,0.17,1,0.09,-0.10,1
2829,3702,1,3,7.43,855,486,0.99,0.11,0,0.84,5.00,1
37,4409,8,2,1355.85,7,51,0.13,0.14,1,0.08,0.16,1
57,6727,19,1,1331.75,7,44,0.04,0.05,1,0.05,0.38,1
65,6418,12,4,1172.27,1,24,0.18,0.07,1,0.02,0.45,1
15,5791,9,2,1320.92,7,36,0.05,0.18,1,0.03,0.39,1
3191,4562,3,1,8.08,772,511,0.73,0.19,0,0.85,5.00,1
40,5330,18,3,1157.19,3,34,0.04,0.18,1,0.00,-0.29,1
47,4135,10,3,1163.72,7,25,0.18,0.09,1,0.09,0.29,1
53,3841,19,4,1543.08,5,38,0.15,0.16,1,0.08,0.83,1
54,2782,19,0,1692.28,6,24,0.06,0.18,1,0.06,0.78,1
3273,4241,1,1,3.99,928,455,0.75,0.03,0,0.95,5.00,1
55,5477,19,2,1377.90,1,28,0.05,0.13,1,0.02,-1.11,1
27,6195,12,0,1421.15,2,36,0.15,0.20,1,0.03,0.90,1
55,5173,16,4,1276.29,0,39,0.18,0.13,1,0.02,-0.04,1
73,3688,17,0,1245.87,2,34,0.13,0.03,1,0.08,0.26,1
3991,5483,3,2,1.11,976,533,0.75,0.19,0,0.82,5.00,1
34,4184,10,1,1497.15,1,32,0.12,0.01,1,0.10,-0.27,1
75,3177,11,4,1157.73,6,31,0.13,0.13,1,0.08,-0.26,1
60,4773,14,2,1621.38,1,28,0.07,0.15,1,0.04,0.72,1
55,4313,16,3,1555.58,5,18,0.16,0.07,1,0.04,-0.18,1
3333,5004,2,3,7.81,880,617,1.00,0.16,0,0.95,5.00,1
56,6172,10,2,1467.21,2,43,0.19,0.14,1,0.05,0.29,1
91,4442,11,4,1799.04,0,34,0.14,0.07,1,0.09,-0.18,1
69,4586,9,2,1628.94,6,55,0.12,0.13,1,0.06,-0.07,1
80,2675,12,2,1377.22,4,39,0.13,0.03,1,0.06,0.31,1
2836,5404,3,2,7.92,1264,537,0.86,0.06,0,0.80,5.00,1
55,5130,17,3,1822.76,6,27,0.12,0.00,1,0.02,0.30,1
51,6166,20,3,1904.62,4,24,0.14,0.14,1,0.10,-0.61,1
96,4543,19,4,1518.23,2,26,0.03,0.20,1,0.06,-0.27,1
45,4461,19,1,1408.94,7,37,0.20,0.01,1,0.09,-0.57,1
3352,4087,2,4,9.88,1161,555,0.76,0.11,0,0.92,5.00,1
49,5685,17,3,1463.93,5,24,0.13,0.07,1,0.03,-0.14,1
47,4979,19,2,1415.79,-1,25,0.19,0.11,1,0.00,0.00,1
52,5198,20,4,1635.52,3,21,0.14,0.18,1,0.08,-0.28,1
39,3641,17,0,1481.81,8,42,0.13,0.06,1,0.03,0.15,1
2478,3713,0,1,8.97,664,508,0.89,0.00,0,0.96,5.00,1
25,5843,9,4,1246.10,7,22,0.11,0.16,1,0.00,-0.31,1
29,4373,9,0,1420.06,2,24,0.13,0.02,1,0.09,-0.15,1
74,4968,9,3,1471.37,6,20,0.15,0.02,1,0.09,-1.02,1
63,6764,16,4,1449.76,3,31,0.05,0.02,1,0.03,0.07,1
3162,4639,0,2,5.24,839,545,0.78,0.01,0,0.81,5.00,1
31,4395,16,1,1486.32,4,27,0.11,0.10,1,0.07,-0.35,1
69,5434,12,2,1522.18,3,23,0.19,0.01,1,0.02,-0.92,1
53,3645,10,0,1703.43,6,37,0.18,0.18,1,0.01,0.58,1
61,5929,18,1,1709.31,5,29,0.06,0.18,1,0.09,0.29,1
2660,4576,3,1,4.84,900,493,0.79,0.12,0,0.94,5.00,1
54,5396,10,0,1095.73,4,24,0.08,0.11,1,0.00,0.53,1
45,3980,12,1,1892.79,3,38,0.17,0.10,1,0.02,0.40,1
70,6814,8,4,1389.36,9,46,0.18,0.13,1,0.06,0.32,1
40,5152,10,2,1604.25,5,24,0.00,0.03,1,0.02,0.32,1
2789,3840,3,2,8.02,1000,505,0.72,0.18,0,0.96,5.00,1
71,4777,20,2,1351.47,-1,26,0.11,0.02,1,0.03,0.00,1
61,6368,10,2,1525.30,10,25,0.07,0.15,1,0.08,0.02,1
52,4493,17,4,1256.12,4,30,0.00,0.02,1,0.09,-0.67,1
80,6266,8,2,1206.61,3,30,0.19,0.05,1,0.06,0.05,1
3458,5212,2,0,5.22,915,404,0.95,0.05,0,0.97,5.00,1
102,5752,18,2,1083.41,6,41,0.13,0.12,1,0.06,-0.28,1
46,3182,19,2,1735.16,10,41,0.11,0.12,1,0.09,-0.72,1
101,5865,9,1,1157.03,5,18,0.04,0.06,1,0.01,-0.64,1
44,5024,10,3,1042.70,3,53,0.12,0.15,1,0.10,-0.25,1
2841,6767,0,4,3.80,936,572,0.96,0.15,0,0.81,5.00,1
41,3083,13,0,1324.67,2,26,0.04,0.15,1,0.09,0.10,1
64,6748,18,3,1321.80,9,28,0.17,0.04,1,0.09,-0.16,1
96,5300,11,0,1524.10,0,30,0.19,0.02,1,0.05,-0.38,1
73,5159,17,4,1504.40,5,37,0.16,0.10,1,0.04,0.29,1
1411,3339,3,4,6.32,834,567,0.78,0.16,0,0.93,5.00,1
78,6094,13,2,1637.53,6,30,0.06,0.10,1,0.09,-0.93,1
11,5225,8,2,1203.75,5,22,0.13,0.15,1,0.08,-1.21,1
52,3780,15,1,1785.44,8,36,0.08,0.10,1,0.06,-0.28,1
81,6113,17,2,1579.10,7,20,0.01,0.17,1,0.06,0.35,1
2428,3982,3,3,8.56,1304,527,0.92,0.04,0,0.96,5.00,1
92,5059,18,3,1050.92,6,33,0.18,0.19,1,0.08,0.53,1
37,5097,20,2,1300.15,6,36,0.01,0.11,1,0.06,0.15,1
44,6510,12,0,974.36,8,34,0.16,0.19,1,0.03,0.09,1
62,3972,8,0,1212.86,7,50,0.10,0.05,1,0.09,-0.30,1
3131,6409,2,3,3.83,834,578,0.90,0.06,0,0.91,5.00,1
110,4500,11,1,1291.78,7,42,0.02,0.07,1,0.03,-0.09,1
83,5528,20,2,1448.02,6,24,0.08,0.02,1,0.07,0.19,1
34,5652,19,2,1731.26,0,24,0.04,0.10,1,0.09,1.18,1
74,3986,11,2,1925.99,3,19,0.02,0.15,1,0.00,0.19,1
3096,5799,1,4,2.54,1265,515,0.87,0.06,0,0.88,5.00,1
36,3921,17,0,1298.19,6,26,0.05,0.16,1,0.06,-0.67,1
35,3866,19,0,1332.74,3,24,0.04,0.03,1,0.10,-1.04,1
61,5868,17,2,1106.01,3,37,0.16,0.20,1,0.08,0.28,1
37,6505,9,2,1367.76,7,38,0.02,0.19,1,0.06,0.90,1
3234,5403,1,3,9.15,1031,500,0.97,0.19,0,0.99,5.00,1
56,6011,20,1,1536.47,5,30,0.10,0.09,1,0.04,-0.14,1
52,5721,16,4,993.09,6,19,0.03,0.01,1,0.10,0.05,1
54,5003,10,2,1546.57,9,45,0.16,0.01,1,0.04,0.43,1
36,5086,9,3,1253.15,6,46,0.10,0.14,1,0.01,0.28,1
4143,4722,2,2,5.37,1025,563,0.86,0.19,0,0.89,5.00,1
53,4922,13,1,1583.64,7,15,0.00,0.18,1,0.04,0.59,1
35,5418,11,4,1409.66,1,27,0.11,0.16,1,0.00,0.16,1
60,4412,9,3,1323.29,5,31,0.16,0.17,1,0.02,0.99,1
67,6494,9,3,1392.42,7,44,0.20,0.12,1,0.07,0.17,1
3349,5639,1,3,8.44,924,520,0.95,0.17,0,0.94,5.00,1
65,4606,14,1,1434.36,5,31,0.15,0.10,1,0.09,0.55,1
72,4612,18,0,1362.03,6,33,0.07,0.18,1,0.08,-0.39,1
99,6064,12,1,1786.29,3,21,0.15,0.17,1,0.07,-0.82,1
52,5815,12,3,1410.61,4,36,0.17,0.03,1,0.01,0.63,1
3200,5232,1,0,1.28,1223,476,0.80,0.19,0,0.86,5.00,1
55,5482,11,3,1541.41,8,16,0.15,0.07,1,0.05,0.25,1
54,4395,17,2,1257.58,7,17,0.13,0.13,1,0.00,-0.36,1
42,5758,12,0,1529.99,7,13,0.09,0.11,1,0.02,-0.53,1
60,5767,13,1,1458.67,-3,26,0.04,0.03,1,0.10,0.30,1
3628,4189,1,2,3.84,960,533,1.00,0.16,0,0.92,5.00,1
55,2220,13,1,1595.64,5,34,0.04,0.11,1,0.04,0.07,1
62,4283,14,1,1420.36,4,38,0.04,0.07,1,0.09,0.91,1
41,4808,13,1,1365.28,9,25,0.02,0.02,1,0.05,0.27,1
65,5429,12,2,1471.12,6,34,0.13,0.10,1,0.00,-0.38,1
2453,4650,3,3,3.35,1104,467,0.97,0.06,0,0.89,5.00,1
54,6250,18,2,1932.21,-2,25,0.07,0.13,1,0.02,0.40,1
53,3692,18,1,1423.76,7,29,0.02,0.08,1,0.01,-0.73,1
39,5953,14,2,1443.27,4,21,0.07,0.01,1,0.05,0.00,1
59,3948,10,3,1419.95,6,43,0.01,0.05,1,0.07,0.61,1
4139,5117,0,2,2.05,844,454,0.72,0.19,0,0.89,5.00,1
68,5494,19,2,1461.66,1,34,0.03,0.12,1,0.02,-0.32,1
67,6165,10,3,1303.12,7,36,0.04,0.08,1,0.01,-0.12,1
53,6721,9,2,1304.50,3,26,0.05,0.18,1,0.07,0.65,1
56,4230,19,2,1284.49,3,38,0.04,0.09,1,0.01,0.24,1
3626,6085,0,2,7.80,1068,464,0.92,0.02,0,0.93,5.00,1
61,6342,20,2,1503.15,13,39,0.05,0.14,1,0.02,0.01,1
68,4226,16,3,1335.82,6,25,0.09,0.14,1,0.02,-0.02,1
55,3220,16,0,1248.76,9,16,0.00,0.17,1,0.08,0.25,1
83,5505,12,3,1507.50,6,49,0.07,0.17,1,0.09,0.01,1
2595,4456,1,2,3.59,1223,531,0.88,0.08,0,0.88,5.00,1
67,4178,8,1,1603.35,7,44,0.19,0.06,1,0.08,0.08,1
40,6237,8,0,1415.71,8,25,0.19,0.18,1,0.06,-0.46,1
64,2970,9,2,1564.80,-1,36,0.05,0.19,1,0.00,0.25,1
4,6950,16,1,1291.11,5,33,0.17,0.00,1,0.10,0.44,1
3165,6284,1,4,2.07,734,580,0.72,0.17,0,0.91,5.00,1
55,5419,10,1,1432.29,9,27,0.03,0.14,1,0.04,0.36,1
62,5742,8,2,1448.27,9,40,0.04,0.08,1,0.00,-0.22,1
39,3837,10,2,1468.41,7,35,0.03,0.15,1,0.08,0.01,1
55,4995,10,0,1482.10,2,32,0.13,0.02,1,0.01,0.85,1
2747,4862,1,2,3.60,1117,504,0.78,0.16,0,0.86,5.00,1
69,5138,12,0,1462.23,10,26,0.19,0.03,1,0.09,-0.19,1
80,5545,8,3,1092.47,-5,20,0.03,0.10,1,0.07,-0.35,1
33,4513,10,0,1224.25,6,26,0.02,0.19,1,0.10,0.21,1
41,6517,20,2,1308.74,7,28,0.10,0.15,1,0.06,-0.63,1
2538,5498,0,4,8.21,353,504,0.82,0.00,0,0.86,5.00,1
64,5316,13,1,1549.62,1,27,0.08,0.08,1,0.10,-0.22,1
56,5070,19,2,1294.90,6,15,0.17,0.02,1,0.04,-0.54,1
60,5594,17,3,1100.94,7,41,0.17,0.03,1,0.09,-0.40,1
58,4366,16,1,1485.80,7,30,0.16,0.02,1,0.04,0.26,1
2812,5083,1,2,3.32,1213,474,0.97,0.13,0,0.92,5.00,1
105,5156,9,1,1229.78,4,33,0.10,0.04,1,0.09,-0.69,1
51,3917,15,4,1348.46,1,27,0.10,0.16,1,0.04,-0.49,1
53,6187,13,0,1508.46,6,20,0.01,0.17,1,0.09,0.47,1
65,4907,12,4,1411.62,5,46,0.07,0.03,1,0.08,-0.26,1
3053,4975,3,3,2.74,1289,496,0.81,0.02,0,0.82,5.00,1
73,6453,19,0,1670.49,6,31,0.17,0.10,1,0.03,-0.17,1
66,4770,14,2,1534.80,2,28,0.08,0.08,1,0.01,0.21,1
60,6446,14,2,1621.20,7,30,0.00,0.10,1,0.04,-0.09,1
87,5612,19,2,1651.10,3,28,0.16,0.02,1,0.04,0.01,1
2083,5544,1,2,7.29,911,457,0.87,0.09,0,0.94,5.00,1
38,5883,18,2,1209.26,-3,28,0.05,0.07,1,0.05,0.74,1
73,3856,18,1,1430.34,5,38,0.08,0.06,1,0.00,0.42,1
102,6107,16,2,1818.39,6,8,0.07,0.00,1,0.09,0.13,1
38,4727,19,0,1515.11,1,26,0.17,0.01,1,0.05,0.03,1
3355,6499,2,1,9.84,483,475,0.98,0.14,0,0.85,5.00,1
67,4788,18,2,1637.78,7,22,0.04,0.13,1,0.07,-0.73,1
64,4514,9,0,1452.14,3,18,0.18,0.07,1,0.01,0.98,1
80,6626,8,1,1097.52,6,24,0.00,0.12,1,0.05,-0.45,1
51,4021,14,0,1622.17,6,48,0.12,0.05,1,0.02,-0.55,1
2828,4603,1,0,7.18,949,502,0.79,0.14,0,0.95,5.00,1
52,6258,17,0,1416.56,7,38,0.17,0.16,1,0.05,0.65,1
47,4283,14,4,1391.64,2,27,0.13,0.18,1,0.09,-0.43,1
62,5866,9,0,1752.97,3,28,0.18,0.01,1,0.04,-0.20,1
72,3560,16,4,1056.72,7,20,0.20,0.17,1,0.06,-0.83,1
2462,3562,2,2,7.43,873,584,0.99,0.07,0,0.80,5.00,1
42,5929,11,0,1846.61,12,11,0.11,0.12,1,0.03,0.26,1
87,6487,17,2,1670.95,4,44,0.01,0.09,1,0.02,-0.51,1
54,3962,18,1,1288.29,7,49,0.07,0.03,1,0.03,0.65,1
70,4995,17,3,1436.69,5,23,0.03,0.07,1,0.07,-0.17,1
2738,5190,1,1,9.68,1026,482,0.92,0.02,0,0.88,5.00,1
-1,6585,8,1,1296.76,3,15,0.18,0.11,1,0.03,0.52,1
92,2938,15,4,1668.99,1,49,0.09,0.05,1,0.02,-0.05,1
90,4930,14,3,1131.58,4,19,0.01,0.01,1,0.09,0.58,1
73,4451,12,2,1243.67,2,43,0.18,0.12,1,0.06,-0.49,1
3335,5345,0,0,5.43,1067,468,0.94,0.01,0,0.81,5.00,1
54,5885,20,4,1464.20,5,25,0.07,0.05,1,0.04,0.42,1
82,5185,13,0,1500.14,3,33,0.03,0.19,1,0.04,-0.43,1
75,4682,14,2,1362.47,9,33,0.20,0.01,1,0.08,0.12,1
56,4531,13,3,1686.28,0,29,0.12,0.14,1,0.09,-0.31,1
2621,4715,2,0,5.29,991,532,0.92,0.11,0,0.83,5.00,1
83,5328,14,2,1510.28,3,36,0.03,0.18,1,0.10,-0.74,1
17,4965,20,2,1781.61,2,33,0.17,0.20,1,0.05,0.10,1
41,3944,18,1,1482.57,5,28,0.11,0.15,1,0.04,0.36,1
29,3660,16,3,1320.51,3,25,0.04,0.13,1,0.04,0.53,1
3212,4129,2,0,9.04,819,532,0.98,0.15,0,0.85,5.00,1
82,4567,9,2,1310.43,11,34,0.16,0.06,1,0.01,0.06,1
62,5448,11,4,1352.89,5,35,0.08,0.07,1,0.07,-0.57,1
68,5813,18,1,1652.54,5,24,0.02,0.09,1,0.04,-0.97,1
62,5587,9,2,1150.14,5,16,0.07,0.16,1,0.07,0.06,1
3448,4876,1,4,9.21,1003,466,0.85,0.17,0,0.86,5.00,1
4,4668,10,2,1332.73,9,31,0.15,0.07,1,0.02,0.35,1
62,5477,9,0,1562.74,1,31,0.06,0.12,1,0.03,-0.29,1
85,5248,11,3,1372.23,6,43,0.02,0.13,1,0.06,0.58,1
51,4067,17,4,1141.41,2,39,0.00,0.04,1,0.03,0.63,1
3109,6292,2,4,8.17,1333,575,0.77,0.15,0,0.95,5.00,1
66,7248,14,4,1291.44,6,40,0.01,0.01,1,0.10,0.16,1
43,5413,10,1,1277.26,7,39,0.01,0.06,1,0.05,-0.13,1
54,5080,11,0,1416.54,5,36,0.05,0.12,1,0.03,-0.10,1
54,4404,11,0,1360.81,4,25,0.06,0.16,1,0.09,-0.14,1
2726,5087,3,3,4.13,1122,487,0.98,0.16,0,0.99,5.00,1
63,4865,19,3,1271.64,8,36,0.01,0.07,1,0.00,-1.36,1
36,4957,15,2,1424.09,2,43,0.16,0.08,1,0.05,-0.21,1
49,4749,20,0,1463.07,5,13,0.02,0.00,1,0.07,0.13,1
74,5611,12,2,1583.56,2,28,0.02,0.09,1,0.06,0.14,1
2566,4707,0,3,5.60,861,527,0.87,0.08,0,0.99,5.00,1
48,3843,16,0,1723.40,0,46,0.10,0.03,1,0.09,-0.49,1
67,3464,18,2,1264.57,4,22,0.14,0.18,1,0.06,0.43,1
52,5493,9,4,1608.30,4,27,0.09,0.09,1,0.09,-0.28,1
32,4435,20,4,1765.20,1,30,0.09,0.12,1,0.10,0.08,1
2920,5302,1,4,1.00,953,509,0.84,0.09,0,0.97,5.00,1
86,7508,20,0,1541.70,9,40,0.05,0.02,1,0.06,0.43,1
41,5552,18,1,1497.10,0,26,0.15,0.08,1,0.08,-0.20,1
79,5656,18,3,1390.45,2,45,0.15,0.03,1,0.08,0.40,1
19,3958,12,2,1555.09,3,25,0.20,0.06,1,0.08,0.26,1
2572,3497,3,4,2.25,895,524,0.99,0.07,0,0.90,5.00,1
54,5302,20,1,1320.01,6,33,0.07,0.06,1,0.01,0.48,1
71,5245,12,1,1569.72,5,40,0.06,0.12,1,0.09,0.83,1
33,4351,14,3,1305.42,7,39,0.08,0.01,1,0.00,0.42,1
44,4986,20,0,1542.51,1,27,0.12,0.03,1,0.06,0.18,1
3218,4657,0,2,8.16,1048,434,0.87,0.14,0,0.88,5.00,1
63,3281,16,2,1257.59,8,40,0.11,0.07,1,0.08,-0.11,1
36,6051,10,4,1540.34,0,34,0.03,0.02,1,0.06,0.30,1
68,3282,13,1,1664.94,9,39,0.13,0.19,1,0.08,0.36,1
71,3307,14,4,1383.17,2,16,0.16,0.01,1,0.05,-0.63,1
3289,6603,0,2,1.68,722,518,0.93,0.02,0,0.95,5.00,1
71,5284,11,3,1600.82,3,13,0.03,0.18,1,0.07,0.07,1
71,5032,12,1,1683.87,5,28,0.13,0.19,1,0.09,-0.58,1
107,5740,11,3,1547.71,6,47,0.06,0.06,1,0.04,-0.45,1
58,5575,20,1,1447.73,7,42,0.01,0.07,1,0.06,0.29,1
2160,5513,2,3,4.87,1075,466,0.74,0.03,0,0.81,5.00,1
57,4324,11,0,1508.89,4,33,0.12,0.11,1,0.03,0.06,1
66,2467,17,2,1170.95,9,29,0.04,0.10,1,0.04,-0.18,1
63,3092,19,1,1963.05,7,29,0.17,0.16,1,0.04,-0.26,1
72,6527,17,1,1545.96,7,36,0.13,0.16,1,0.04,0.08,1
2803,5826,3,1,3.16,1630,466,0.74,0.17,0,0.99,5.00,1
69,6100,13,4,1429.45,4,20,0.04,0.18,1,0.08,-0.19,1
68,4836,20,0,1712.46,5,24,0.16,0.11,1,0.01,-0.15,1
69,2338,17,0,1418.81,5,18,0.15,0.13,1,0.07,-0.02,1
60,4195,13,0,1583.89,6,23,0.09,0.10,1,0.03,-0.46,1
2847,4033,3,4,3.17,1087,446,0.73,0.18,0,0.85,5.00,1
23,5185,13,3,1647.16,9,23,0.12,0.14,1,0.03,-0.34,1
44,4941,18,3,1270.29,5,25,0.07,0.08,1,0.08,-0.02,1
64,7313,9,4,1385.98,2,37,0.01,0.16,1,0.02,0.31,1
68,5036,10,0,1424.06,1,39,0.01,0.02,1,0.03,0.38,1
3009,5215,0,4,5.41,1245,436,0.92,0.07,0,0.88,5.00,1
62,5576,13,1,2079.44,14,34,0.15,0.19,1,0.05,0.81,1
65,4261,15,2,1497.57,8,12,0.01,0.01,1,0.02,0.61,1
61,4310,19,4,1278.23,7,25,0.12,0.05,1,0.09,0.80,1
57,4711,20,3,1158.82,6,33,0.05,0.11,1,0.07,0.53,1
2863,5933,1,0,6.57,1092,454,0.86,0.11,0,0.93,5.00,1
82,7222,11,4,1046.24,1,25,0.10,0.06,1,0.04,-0.85,1
70,4233,12,2,1814.15,5,40,0.18,0.08,1,0.05,-0.05,1
81,3677,9,1,1579.31,12,38,0.13,0.15,1,0.09,0.31,1
33,4143,8,4,1416.27,1,47,0.13,0.16,1,0.05,-0.28,1
3079,4104,1,2,1.97,1136,618,0.88,0.07,0,0.91,5.00,1
60,5384,14,0,1057.51,8,24,0.15,0.07,1,0.07,0.33,1
39,6145,17,1,1099.80,5,42,0.19,0.01,1,0.05,0.40,1
21,4900,19,2,1666.67,3,19,0.18,0.15,1,0.06,-0.04,1
92,6373,19,4,1474.67,1,36,0.15,0.01,1,0.05,0.12,1
2829,6130,0,1,2.43,950,531,0.79,0.02,0,0.91,5.00,1
58,2946,8,3,1491.85,13,31,0.04,0.19,1,0.01,0.35,1
67,6099,15,4,1313.53,4,42,0.20,0.07,1,0.08,-0.59,1
47,3937,15,1,1327.00,10,33,0.10,0.16,1,0.09,0.43,1
77,4386,18,3,1201.06,3,30,0.03,0.04,1,0.05,-0.24,1
2502,3498,2,4,2.30,518,494,0.80,0.12,0,0.96,5.00,1
67,3179,17,0,1312.17,6,46,0.02,0.19,1,0.03,0.10,1
72,5612,12,3,1860.62,7,12,0.17,0.04,1,0.08,-0.54,1
73,4040,20,1,1474.18,7,11,0.10,0.01,1,0.01,0.15,1
64,4907,18,0,1717.14,3,41,0.12,0.03,1,0.04,0.63,1
3873,4996,3,0,2.11,995,461,0.87,0.05,0,0.91,5.00,1
72,6975,19,4,1598.01,6,13,0.07,0.06,1,0.00,0.18,1
62,4218,16,1,1598.78,10,39,0.11,0.14,1,0.08,-0.91,1
85,6659,17,3,1571.28,6,46,0.09,0.14,1,0.07,0.18,1
21,2685,19,0,1540.62,2,29,0.04,0.02,1,0.03,-0.53,1
3346,5487,2,4,8.83,985,516,0.89,0.18,0,0.91,5.00,1
49,6364,11,0,1706.10,8,41,0.08,0.04,1,0.05,-0.17,1
43,4882,12,0,1337.41,8,35,0.05,0.07,1,0.09,0.74,1
50,4587,11,0,1395.07,5,22,0.12,0.02,1,0.00,-0.04,1
67,4836,8,3,1645.88,2,37,0.18,0.07,1,0.09,0.31,1
3553,6735,1,4,8.74,957,549,0.84,0.16,0,0.86,5.00,1
62,3557,13,1,1328.20,8,32,0.06,0.13,1,0.03,-0.23,1
51,5400,9,4,1530.58,12,18,0.01,0.03,1,0.07,-0.32,1
65,4917,18,2,1469.30,5,38,0.08,0.06,1,0.08,0.24,1
36,3437,13,3,1523.56,-1,20,0.18,0.05,1,0.10,-0.32,1
2955,4048,3,2,4.92,1068,486,0.94,0.20,0,0.97,5.00,1
67,5374,16,0,1254.92,3,46,0.13,0.13,1,0.09,-0.34,1
62,5240,19,3,1558.09,11,30,0.05,0.15,1,0.03,-0.04,1
90,5003,20,3,1906.15,10,30,0.14,0.04,1,0.01,-0.46,1
55,5429,17,3,1556.36,2,37,0.18,0.15,1,0.02,0.02,1
2921,4140,2,2,8.28,1301,435,0.92,0.06,0,0.80,5.00,1
67,4745,18,0,1341.90,5,33,0.02,0.05,1,0.03,0.68,1
7,5504,19,2,1496.67,3,34,0.07,0.02,1,0.07,-0.56,1
45,4053,13,0,1238.81,8,28,0.20,0.18,1,0.00,-0.90,1
51,4690,13,0,1375.24,8,44,0.02,0.09,1,0.06,-0.22,1
2781,6350,3,3,7.36,1196,454,0.87,0.00,0,0.89,5.00,1
46,5379,17,2,1455.94,3,40,0.13,0.00,1,0.04,0.00,1
76,3834,20,4,1405.89,1,29,0.17,0.10,1,0.08,0.35,1
74,5748,11,3,1678.75,0,24,0.09,0.06,1,0.01,-0.40,1
98,2004,12,2,1446.06,8,35,0.09,0.04,1,0.04,0.43,1
2782,4082,1,0,5.80,1133,469,0.80,0.17,0,0.86,5.00,1
56,4520,18,3,1508.36,7,38,0.19,0.00,1,0.04,-0.17,1
58,5563,15,4,1629.24,8,30,0.06,0.16,1,0.01,0.69,1
75,5037,15,0,1387.95,2,30,0.11,0.06,1,0.03,0.63,1
70,4655,8,3,854.94,3,38,0.07,0.03,1,0.07,-0.13,1
3276,2705,0,0,7.90,1113,513,0.79,0.12,0,0.80,5.00,1
43,5004,13,1,1588.78,11,24,0.06,0.16,1,0.02,-0.31,1
60,3944,16,4,1375.14,4,47,0.12,0.08,1,0.00,-0.03,1
70,4766,18,4,1597.45,6,1,0.03,0.20,1,0.02,-0.32,1
34,4927,10,1,1278.77,6,19,0.18,0.05,1,0.08,0.23,1
3327,3626,0,3,7.43,1039,495,0.83,0.18,0,0.87,5.00,1
42,4742,14,3,1725.23,8,41,0.07,0.19,1,0.06,0.56,1
66,4133,15,0,1406.06,1,20,0.08,0.10,1,0.07,-0.05,1
81,4001,9,0,1207.54,4,21,0.20,0.12,1,0.07,0.17,1
74,4328,16,0,1502.29,4,43,0.02,0.07,1,0.04,-0.49,1
2911,5472,1,3,3.99,907,520,0.81,0.12,0,0.89,5.00,1
59,6062,14,0,1603.09,1,23,0.11,0.10,1,0.02,0.00,1
46,4140,13,0,1648.59,5,47,0.06,0.18,1,0.05,0.68,1
54,6844,14,0,1376.68,4,30,0.16,0.08,1,0.05,-0.87,1
56,5273,20,3,1796.99,5,3,0.11,0.09,1,0.00,0.19,1
3756,5064,2,4,4.24,974,490,0.84,0.16,0,0.86,5.00,1
64,4685,14,1,1122.33,6,17,0.00,0.12,1,0.03,0.17,1
83,4360,15,0,1509.04,8,27,0.01,0.11,1,0.02,-0.59,1
50,4911,13,3,1341.51,5,35,0.08,0.15,1,0.05,-0.56,1
51,5002,18,3,1729.50,10,25,0.09,0.02,1,0.05,-0.95,1
2904,5955,2,0,8.86,981,487,0.96,0.17,0,0.85,5.00,1
60,5442,20,1,1219.13,1,27,0.13,0.09,1,0.09,0.38,1
55,3822,10,4,1072.70,9,29,0.08,0.10,1,0.00,-1.18,1
49,6024,20,4,1269.66,2,30,0.03,0.16,1,0.06,0.92,1
42,4265,10,4,1669.83,7,35,0.01,0.12,1,0.02,-0.71,1
2560,5200,2,0,1.87,1126,476,0.90,0.19,0,1.00,5.00,1
80,3511,12,0,1414.25,3,40,0.03,0.14,1,0.03,-0.74,1
96,4866,19,1,1021.04,1,27,0.15,0.07,1,0.03,-0.61,1
48,5596,18,4,1088.72,1,19,0.16,0.00,1,0.03,1.11,1
39,4772,18,3,1205.94,13,34,0.13,0.08,1,0.01,0.56,1
2734,5083,2,0,1.12,1132,460,0.90,0.11,0,0.93,5.00,1
33,5340,9,2,1175.60,6,21,0.13,0.10,1,0.06,0.55,1
33,2874,9,4,1347.62,9,20,0.18,0.19,1,0.09,0.38,1
34,4114,13,2,1353.44,4,18,0.11,0.15,1,0.08,0.57,1
37,4249,18,0,1670.23,4,17,0.11,0.17,1,0.04,-0.03,1
3539,3750,0,3,3.38,1046,431,0.90,0.06,0,0.96,5.00,1
82,4013,9,4,1153.94,6,42,0.18,0.04,1,0.10,-0.46,1
73,6870,18,1,1370.39,10,21,0.20,0.07,1,0.09,0.71,1
41,4852,20,4,1190.46,3,27,0.10,0.09,1,0.02,0.10,1
76,4253,14,1,1285.58,3,23,0.01,0.15,1,0.01,-0.32,1
3883,3852,0,4,1.32,945,485,0.89,0.12,0,0.91,5.00,1
57,6419,14,3,1539.66,3,36,0.13,0.14,1,0.01,-0.33,1
85,6088,11,1,1322.78,4,20,0.05,0.02,1,0.05,0.33,1
74,5228,19,1,1392.68,4,25,0.11,0.09,1,0.06,0.01,1
56,5383,9,3,1090.69,-1,34,0.17,0.13,1,0.05,0.07,1
3958,4631,3,4,6.40,892,540,0.96,0.13,0,0.80,5.00,1
68,5545,12,1,1361.70,8,34,0.16,0.15,1,0.00,-0.32,1
72,4992,17,1,1347.69,7,19,0.01,0.16,1,0.05,-0.28,1
70,3994,8,4,1230.53,5,42,0.11,0.13,1,0.07,-1.02,1
45,4561,9,3,1140.07,2,32,0.09,0.12,1,0.04,-0.32,1
3233,3506,1,4,4.57,828,439,0.96,0.05,0,0.96,5.00,1
63,5376,11,4,1606.62,1,18,0.16,0.12,1,0.09,-0.09,1
57,4657,14,2,1389.87,4,45,0.18,0.11,1,0.02,-0.05,1
60,4170,9,2,1271.64,5,29,0.09,0.14,1,0.02,-0.01,1
35,7634,8,2,1591.51,0,16,0.08,0.09,1,0.03,-0.48,1
3455,3610,1,0,7.50,743,507,0.82,0.06,0,0.98,5.00,1
88,5804,20,0,1671.84,2,31,0.13,0.06,1,0.07,-0.36,1
80,5015,11,3,1527.60,7,38,0.08,0.13,1,0.00,0.33,1
53,5281,12,1,1402.94,9,30,0.17,0.14,1,0.01,-0.24,1
50,8171,16,2,1748.55,8,23,0.15,0.12,1,0.08,-0.82,1
3826,5772,3,1,1.80,1280,522,1.00,0.18,0,0.86,5.00,1
52,3977,11,2,1598.05,4,29,0.11,0.04,1,0.03,-0.70,1
55,5522,12,0,1207.16,4,19,0.12,0.12,1,0.05,-0.02,1
66,5071,17,2,1276.32,3,21,0.09,0.05,1,0.05,-0.34,1
48,3322,8,2,1206.63,1,31,0.05,0.15,1,0.08,-0.14,1
3997,6523,0,3,8.03,1081,528,0.72,0.02,0,0.96,5.00,1
70,4227,11,1,1356.09,3,57,0.13,0.14,1,0.01,-0.28,1
63,4080,16,2,1416.43,7,32,0.03,0.04,1,0.06,0.88,1
53,5378,13,1,1082.25,8,21,0.16,0.07,1,0.06,0.25,1
49,4192,11,0,1332.55,11,20,0.16,0.14,1,0.06,0.35,1
2796,5581,2,0,7.61,1239,533,1.00,0.15,0,0.99,5.00,1
44,3414,9,4,1584.44,4,41,0.19,0.12,1,0.07,-0.27,1
58,5434,11,1,1499.82,7,33,0.15,0.00,1,0.03,0.47,1
50,6404,8,1,1363.59,4,19,0.08,0.10,1,0.07,-0.48,1
58,6009,13,3,1334.72,-1,22,0.04,0.04,1,0.05,0.78,1
2936,4034,3,3,4.87,840,528,0.91,0.04,0,0.86,5.00,1
22,4479,16,2,1632.62,8,38,0.14,0.13,1,0.01,0.00,1
79,4494,16,0,1095.14,4,19,0.06,0.08,1,0.02,-0.25,1
62,5854,8,1,1391.48,2,22,0.18,0.16,1,0.02,-0.04,1
37,4904,13,1,1180.56,2,43,0.06,0.06,1,0.08,-0.69,1
3540,4952,3,0,4.74,1208,523,0.96,0.09,0,0.97,5.00,1
103,4929,16,0,1340.34,-1,36,0.04,0.02,1,0.10,-0.36,1
35,4801,8,1,1556.35,8,40,0.13,0.06,1,0.00,0.00,1
44,5847,9,4,1710.49,8,35,0.11,0.02,1,0.01,-0.09,1
73,5459,17,1,1004.57,3,17,0.01,0.15,1,0.09,0.45,1
3555,4912,3,0,5.07,862,586,0.97,0.04,0,0.91,5.00,1
63,5277,12,2,1387.00,7,42,0.01,0.03,1,0.03,0.39,1
50,4233,8,0,1476.19,5,26,0.09,0.18,1,0.09,-1.69,1
61,3682,17,2,1593.12,6,19,0.04,0.02,1,0.06,-0.25,1
63,5530,10,3,1712.68,1,32,0.07,0.03,1,0.07,0.09,1
1689,5642,1,0,6.80,856,461,0.84,0.04,0,0.96,5.00,1
67,4209,17,1,1451.07,3,12,0.11,0.10,1,0.05,-0.30,1
41,5303,19,4,1589.46,7,39,0.12,0.06,1,0.04,0.34,1
27,5062,15,3,1290.63,13,33,0.08,0.00,1,0.05,0.88,1
56,4815,8,0,1535.17,6,33,0.14,0.12,1,0.09,0.58,1
2782,5393,3,4,6.59,805,528,0.84,0.07,0,0.89,5.00,1
93,6728,12,3,1310.51,10,31,0.11,0.02,1,0.09,-0.19,1
72,5058,9,1,1738.13,3,28,0.16,0.04,1,0.02,-0.32,1
46,6122,15,0,1721.56,2,43,0.09,0.02,1,0.07,0.74,1
32,4408,12,3,1420.89,8,23,0.00,0.06,1,0.01,0.94,1
3512,4480,0,3,9.30,792,620,0.86,0.07,0,0.91,5.00,1
53,4165,15,0,1266.95,8,33,0.09,0.11,1,0.03,0.44,1
68,5837,8,1,1410.77,5,40,0.20,0.15,1,0.10,0.36,1
61,5844,18,4,1373.56,2,32,0.15,0.10,1,0.02,-0.47,1
44,3979,10,3,1543.45,3,19,0.15,0.16,1,0.05,-0.26,1
2465,3631,0,2,5.37,1148,527,0.98,0.19,0,0.88,5.00,1
80,2000,17,3,1760.38,11,39,0.09,0.18,1,0.07,0.03,1
49,3542,20,4,1590.81,7,37,0.19,0.17,1,0.02,0.37,1
45,4584,18,4,1501.16,-1,28,0.11,0.01,1,0.07,-0.23,1
45,4720,9,3,1082.47,3,25,0.08,0.04,1,0.01,-0.46,1
1999,3980,0,1,8.44,1060,419,0.89,0.11,0,0.95,5.00,1
60,4517,15,3,1310.86,2,28,0.15,0.04,1,0.08,-0.36,1
18,5394,9,0,980.23,6,20,0.03,0.17,1,0.00,0.24,1
47,5908,11,2,1387.83,-1,41,0.04,0.10,1,0.09,-0.42,1
57,5500,9,1,1417.46,5,37,0.12,0.19,1,0.03,0.52,1
2665,3260,3,0,7.08,906,507,0.81,0.11,0,0.83,5.00,1
60,3564,16,2,1584.96,1,44,0.07,0.12,1,0.02,0.20,1
42,4784,19,3,1177.51,7,25,0.12,0.06,1,0.03,0.14,1
31,4085,8,0,1611.30,8,39,0.04,0.08,1,0.09,-0.35,1
70,5318,9,0,1424.70,2,34,0.01,0.01,1,0.02,0.33,1
2352,5893,2,3,1.34,1246,481,0.73,0.14,0,0.80,5.00,1
67,4274,10,3,1737.34,6,24,0.01,0.15,1,0.01,0.73,1
40,3854,12,1,1675.36,4,24,0.16,0.11,1,0.06,-0.32,1
40,5201,12,4,1131.83,6,59,0.19,0.05,1,0.04,0.10,1
48,5519,16,4,1564.58,2,22,0.06,0.19,1,0.01,0.24,1
1957,3548,3,3,7.86,956,489,0.98,0.16,0,0.99,5.00,1
62,3566,12,3,1078.89,9,30,0.01,0.05,1,0.01,0.58,1
57,5777,15,0,1973.29,7,31,0.09,0.08,1,0.10,-0.21,1
48,8066,9,3,1131.79,2,39,0.06,0.18,1,0.04,-0.51,1
63,4488,13,2,1135.10,2,23,0.07,0.15,1,0.10,0.66,1
2276,4277,0,0,9.02,980,455,0.91,0.19,0,0.99,5.00,1
55,4290,9,3,1379.61,6,28,0.05,0.13,1,0.02,0.02,1
53,6616,10,0,1281.05,2,45,0.20,0.19,1,0.09,-0.90,1
64,4700,17,3,1215.34,3,26,0.19,0.03,1,0.05,0.11,1
71,5462,8,0,1723.15,7,32,0.18,0.15,1,0.09,1.29,1
3392,4131,3,4,8.43,839,459,0.91,0.14,0,0.82,5.00,1
53,4531,12,3,1773.01,4,29,0.19,0.12,1,0.00,-0.14,1
65,5431,20,3,1693.53,3,36,0.07,0.15,1,0.07,-0.17,1
69,5938,16,4,1152.08,5,32,0.15,0.12,1,0.07,0.17,1
94,5341,11,0,1693.42,6,38,0.07,0.19,1,0.06,0.23,1
2122,5751,3,3,1.23,1164,471,0.75,0.16,0,0.81,5.00,1
76,4150,9,2,1642.11,1,37,0.19,0.16,1,0.08,0.95,1
96,4281,15,1,1444.49,-1,25,0.09,0.19,1,0.03,0.52,1
44,5242,19,0,1576.06,9,30,0.12,0.19,1,0.07,-0.09,1
85,7329,14,3,1697.92,4,19,0.09,0.19,1,0.06,-0.90,1
2807,3689,2,2,7.39,930,451,0.96,0.09,0,0.96,5.00,1
83,3838,10,1,1523.72,7,28,0.19,0.14,1,0.08,-0.41,1
43,5307,9,4,1448.79,2,39,0.08,0.07,1,0.03,-0.24,1
66,4692,17,4,1205.10,3,24,0.17,0.04,1,0.04,-0.28,1
65,5578,12,1,1617.35,10,16,0.19,0.13,1,0.03,-1.41,1
3304,6621,1,3,6.57,1261,550,0.87,0.09,0,0.91,5.00,1
63,6431,15,4,1679.06,5,34,0.11,0.15,1,0.07,0.77,1
45,4695,18,0,1498.58,2,35,0.09,0.05,1,0.04,0.23,1
33,5243,9,0,1496.39,8,25,0.07,0.06,1,0.00,0.13,1
39,6106,17,2,1545.84,2,17,0.10,0.12,1,0.09,0.22,1
2352,5384,0,3,4.95,788,445,1.00,0.05,0,0.86,5.00,1
45,6067,8,4,1371.21,6,30,0.15,0.17,1,0.02,-0.20,1
71,3529,9,2,1614.49,4,21,0.09,0.10,1,0.03,0.08,1
46,5364,20,1,1618.69,3,16,0.15,0.00,1,0.01,-0.59,1
83,5321,12,3,1500.32,5,21,0.11,0.18,1,0.03,1.01,1
3615,4517,1,1,1.23,1397,467,0.79,0.05,0,0.87,5.00,1
48,1663,8,1,1427.89,9,26,0.09,0.20,1,0.06,0.88,1
57,4011,14,0,1418.45,4,16,0.06,0.17,1,0.04,-0.37,1
73,4946,12,0,1341.72,4,38,0.08,0.03,1,0.01,-0.37,1
122,4237,11,4,1277.85,7,40,0.04,0.16,1,0.07,-0.55,1
3873,5538,2,3,9.55,524,527,0.85,0.18,0,0.93,5.00,1
73,5305,16,4,1252.10,8,31,0.14,0.02,1,0.04,0.64,1
80,5362,10,4,1630.25,4,21,0.06,0.04,1,0.06,0.90,1
46,3522,13,0,1292.12,3,33,0.12,0.01,1,0.05,0.51,1
39,6493,9,4,1426.50,9,41,0.10,0.17,1,0.01,-0.27,1
2620,4596,1,4,3.18,837,461,0.78,0.12,0,0.85,5.00,1
53,5733,10,1,1161.88,4,13,0.06,0.02,1,0.02,0.29,1
62,6431,11,3,1303.66,4,36,0.11,0.20,1,0.00,-0.50,1
76,4855,18,4,1094.44,7,27,0.03,0.08,1,0.00,-0.85,1
56,5533,8,3,1280.98,7,10,0.19,0.09,1,0.08,0.28,1
3661,5208,2,4,5.67,650,538,0.85,0.18,0,0.84,5.00,1
64,5625,11,4,1329.67,5,22,0.06,0.13,1,0.10,0.68,1
74,4588,17,4,1422.05,-1,62,0.05,0.09,1,0.07,0.51,1
31,4525,12,0,1291.51,-3,39,0.12,0.18,1,0.06,-0.82,1
81,6707,10,4,1696.78,1,33,0.12,0.06,1,0.01,-0.03,1
1903,4662,3,0,4.28,788,541,0.76,0.01,0,0.85,5.00,1
70,5580,16,4,1572.37,-1,29,0.10,0.06,1,0.09,-0.04,1
91,4838,8,3,1514.48,2,25,0.15,0.15,1,0.06,0.50,1
67,6087,17,2,1437.13,2,34,0.19,0.16,1,0.04,-0.21,1
100,4944,16,0,1438.91,6,16,0.07,0.14,1,0.06,0.26,1
1465,4715,0,0,9.99,565,418,0.93,0.12,0,0.92,5.00,1
47,5280,12,1,1515.74,2,23,0.17,0.14,1,0.01,0.18,1
35,6223,17,2,1413.78,8,25,0.17,0.19,1,0.00,-1.24,1
76,4829,20,0,1590.99,11,26,0.05,0.05,1,0.00,-0.61,1
51,3769,8,3,1510.75,10,22,0.05,0.01,1,0.04,0.20,1
3227,4806,0,0,9.23,699,593,0.98,0.08,0,0.87,5.00,1
80,5364,12,3,1469.08,6,30,0.06,0.00,1,0.02,0.91,1
17,4715,8,0,1491.31,5,18,0.01,0.11,1,0.05,0.18,1
69,4934,13,1,1531.01,7,40,0.18,0.04,1,0.02,0.77,1
61,5342,8,3,1467.65,5,26,0.16,0.16,1,0.02,-0.20,1
2331,6230,1,2,7.31,1175,467,1.00,0.15,0,0.87,5.00,1
45,5737,19,3,1539.51,7,44,0.07,0.15,1,0.09,0.46,1
36,5391,17,1,1382.95,9,31,0.16,0.13,1,0.04,-0.09,1
52,6206,15,1,1574.53,3,41,0.14,0.19,1,0.01,-0.30,1
91,4291,17,2,1223.19,4,42,0.19,0.19,1,0.10,-0.22,1
2745,5504,1,0,4.02,901,462,0.79,0.08,0,0.93,5.00,1
48,5601,13,1,1591.12,7,32,0.17,0.13,1,0.06,0.17,1
42,6694,14,0,1478.32,5,31,0.05,0.08,1,0.04,-0.42,1
58,5835,17,4,1344.20,12,32,0.09,0.13,1,0.02,0.49,1
53,5580,11,2,1481.29,-1,25,0.07,0.18,1,0.01,0.68,1
3864,5578,3,2,1.58,1185,517,0.87,0.07,0,0.81,5.00,1
75,5853,17,4,1768.63,1,27,0.18,0.19,1,0.02,-0.60,1
71,6146,15,3,1654.35,7,28,0.13,0.00,1,0.03,-0.54,1
66,3543,18,0,1652.17,7,35,0.13,0.15,1,0.06,-0.86,1
59,4898,20,3,1396.21,5,32,0.13,0.10,1,0.06,0.14,1
2206,5081,0,1,9.61,1073,556,0.86,0.03,0,0.94,5.00,1
48,5925,11,0,1399.16,2,28,0.03,0.03,1,0.04,0.22,1
52,3548,13,3,1371.09,6,34,0.00,0.04,1,0.06,-0.07,1
62,4366,17,4,1296.50,6,55,0.04,0.11,1,0.07,0.00,1
64,5190,20,3,1635.62,3,13,0.13,0.18,1,0.04,0.07,1
3716,6791,3,0,5.11,1114,454,0.77,0.15,0,0.90,5.00,1
72,4755,20,4,1624.99,0,35,0.05,0.04,1,0.06,-1.11,1
87,3987,19,0,1401.20,7,37,0.01,0.14,1,0.03,0.09,1
73,3534,15,2,1204.46,5,27,0.15,0.12,1,0.05,1.06,1
79,3914,12,1,1715.04,0,30,0.17,0.12,1,0.01,-0.16,1
3047,4181,3,2,6.70,1154,403,0.96,0.08,0,0.89,5.00,1
53,4866,15,1,1396.88,3,43,0.07,0.08,1,0.03,-0.67,1
29,6513,12,3,1363.07,7,40,0.19,0.06,1,0.08,-0.23,1
26,4852,16,0,1205.04,9,36,0.05,0.11,1,0.04,-0.44,1
87,4143,12,3,1222.80,5,47,0.16,0.06,1,0.03,0.38,1
2711,6647,3,3,4.70,1008,499,0.88,0.05,0,0.91,5.00,1
69,3634,9,2,1411.83,9,40,0.18,0.05,1,0.04,-0.03,1
69,3197,20,4,1371.07,12,44,0.13,0.15,1,0.01,-0.20,1
45,3047,17,3,1394.42,9,33,0.06,0.09,1,0.03,0.01,1
52,3482,12,1,1626.99,5,27,0.14,0.10,1,0.05,-0.21,1
3212,4889,3,1,7.64,908,490,0.99,0.07,0,1.00,5.00,1
38,6145,9,2,1441.78,7,22,0.01,0.11,1,0.04,-0.83,1
53,5588,9,3,1292.72,3,19,0.04,0.09,1,0.07,0.85,1
52,5288,19,3,1619.72,9,19,0.15,0.01,1,0.09,-0.05,1
75,5844,12,4,1445.10,8,40,0.17,0.05,1,0.04,0.44,1
2510,5692,1,4,4.92,1012,489,0.94,0.06,0,0.85,5.00,1
32,5779,13,0,1850.21,3,43,0.11,0.18,1,0.02,-0.76,1
57,4357,17,0,1416.24,5,34,0.11,0.19,1,0.04,0.54,1
68,3471,8,3,1446.31,9,32,0.07,0.11,1,0.03,0.23,1
71,3876,13,2,1431.91,8,23,0.01,0.10,1,0.01,1.05,1
2766,3232,3,2,8.83,1241,521,0.85,0.18,0,0.93,5.00,1
60,5291,20,0,1567.88,6,44,0.02,0.06,1,0.10,0.10,1
47,3369,20,2,1631.02,9,44,0.17,0.12,1,0.01,-0.01,1
95,3792,15,2,1297.27,6,16,0.00,0.08,1,0.06,-0.12,1
46,3841,15,0,1531.06,4,25,0.12,0.02,1,0.06,-0.41,1
2879,5334,1,3,8.89,813,568,0.76,0.17,0,0.81,5.00,1
59,5139,20,1,1414.38,2,30,0.18,0.18,1,0.01,-0.14,1
94,3187,19,1,1391.03,6,22,0.19,0.09,1,0.05,-1.33,1
57,3356,17,0,970.33,4,24,0.04,0.11,1,0.00,0.03,1
76,4707,9,1,1589.79,7,40,0.18,0.11,1,0.05,-0.67,1
3744,7998,0,1,7.31,1247,466,0.90,0.19,0,0.96,5.00,1
32,5000,19,1,1414.73,-2,31,0.06,0.12,1,0.06,-0.33,1
77,5575,11,4,1434.31,4,41,0.09,0.19,1,0.08,0.30,1
57,4075,13,0,1091.17,1,29,0.15,0.01,1,0.08,-0.94,1
45,4912,10,2,1424.80,6,11,0.08,0.10,1,0.08,0.16,1
2618,4820,0,3,6.44,1181,494,0.81,0.09,0,0.94,5.00,1
56,4693,18,1,1446.69,3,19,0.05,0.02,1,0.03,0.99,1
69,3973,17,4,1527.00,4,41,0.20,0.12,1,0.04,-0.66,1
60,5148,18,0,1451.49,9,41,0.06,0.07,1,0.09,0.66,1
70,5730,16,1,1737.40,6,36,0.09,0.06,1,0.09,-0.07,1
3221,4036,0,2,3.21,1344,527,0.93,0.18,0,0.85,5.00,1
59,4926,15,1,1380.36,5,13,0.11,0.11,1,0.10,0.45,1
70,3371,20,2,1313.79,5,20,0.09,0.09,1,0.05,0.30,1
33,4350,9,3,1592.33,3,35,0.13,0.16,1,0.01,0.39,1
40,5067,14,2,1344.30,10,29,0.01,0.17,1,0.04,0.14,1
4158,5415,3,2,5.53,892,460,0.81,0.17,0,0.95,5.00,1
77,4248,18,2,1148.25,6,24,0.09,0.07,1,0.09,0.03,1
118,5272,19,3,1730.59,6,27,0.03,0.05,1,0.02,0.40,1
42,3808,12,0,1577.05,3,25,0.09,0.04,1,0.07,0.24,1
56,4826,19,3,1360.01,3,48,0.17,0.01,1,0.05,-0.25,1
4192,4405,1,3,1.47,1118,500,0.87,0.01,0,0.91,5.00,1
73,5314,12,4,1571.28,7,17,0.07,0.08,1,0.09,-0.16,1
48,4512,14,0,1635.44,0,19,0.05,0.20,1,0.03,0.73,1
53,2661,9,0,1463.31,-4,34,0.10,0.03,1,0.00,-0.04,1
65,6516,15,2,1588.99,4,28,0.18,0.14,1,0.06,-0.18,1
3519,6012,0,0,6.83,1225,579,0.99,0.04,0,0.82,5.00,1
26,5143,12,1,1124.74,7,31,0.20,0.07,1,0.06,-0.24,1
74,3823,17,0,1403.84,0,37,0.16,0.15,1,0.05,1.03,1
83,4331,8,2,1354.96,7,26,0.10,0.17,1,0.01,-1.68,1
55,2669,11,4,1344.54,6,30,0.17,0.15,1,0.06,-0.18,1
3999,4412,2,3,1.52,1019,513,0.80,0.18,0,0.95,5.00,1
