Ri,M,Eta,k,Fval,Gval,combo,p_Fval,p_Gval,,F_Error,G_Error
-1,0,0,1,0.0949,1,-1_0,0.08450234,0.9970583,,0.01039766,0.0029417
-1,0,0.02,1,0.01004,0.98202,-1_0,0.04601878,0.9860178,,-0.03597878,-0.0039978
-1,0,0.04,1,0.02039,0.9649,-1_0,0.030118942,0.96844184,,-0.009728942,-0.00354184
-1,0,0.06,1,0.03103,0.94774,-1_0,0.029343605,0.948256,,0.001686395,-0.000516
-1,0,0.08,1,0.04197,0.93053,-1_0,0.03630036,0.92830825,,0.00566964,0.00222175
-1,0,0.1,1,0.05317,0.91328,-1_0,0.04673332,0.90941596,,0.00643668,0.00386404
-1,0,0.12,1,0.06464,0.89598,-1_0,0.05878246,0.8913845,,0.00585754,0.0045955
-1,0,0.14,1,0.07635,0.87864,-1_0,0.071624935,0.8738961,,0.004725065,0.0047439
-1,0,0.16,1,0.08831,0.86125,-1_0,0.08485687,0.8567327,,0.00345313,0.0045173
-1,0,0.18,1,0.10048,0.84383,-1_0,0.098273516,0.8397553,,0.002206484,0.0040747
-1,0,0.2,1,0.11287,0.82636,-1_0,0.11177516,0.82286954,,0.00109484,0.00349046
-1,0,0.22,1,0.12546,0.80885,-1_0,0.12531573,0.80600727,,0.00014427,0.00284273
-1,0,0.24,1,0.13824,0.79132,-1_0,0.13887602,0.7891182,,-0.00063602,0.0022018
-1,0,0.26,1,0.15119,0.77375,-1_0,0.15244925,0.77216566,,-0.00125925,0.00158434
-1,0,0.28,1,0.1643,0.75615,-1_0,0.16603386,0.7551254,,-0.00173386,0.0010246
-1,0,0.3,1,0.17756,0.73854,-1_0,0.17963058,0.7379843,,-0.00207058,0.0005557
-1,0,0.32,1,0.19097,0.72091,-1_0,0.19324028,0.7207378,,-0.00227028,0.0001722
-1,0,0.34,1,0.20449,0.70327,-1_0,0.206864,0.7033901,,-0.002374,-0.0001201
-1,0,0.36,1,0.21813,0.68563,-1_0,0.22050387,0.6859509,,-0.00237387,-0.0003209
-1,0,0.38,1,0.23188,0.668,-1_0,0.23415983,0.6684365,,-0.00227983,-0.0004365
-1,0,0.4,1,0.24571,0.65039,-1_0,0.24783498,0.65086424,,-0.00212498,-0.00047424
-1,0,0.42,1,0.25962,0.6328,-1_0,0.26152968,0.633258,,-0.00190968,-0.000458
-1,0,0.44,1,0.27359,0.61524,-1_0,0.27524567,0.6156393,,-0.00165567,-0.0003993
-1,0,0.46,1,0.28762,0.59774,-1_0,0.28898388,0.59803236,,-0.00136388,-0.00029236
-1,0,0.48,1,0.30169,0.58028,-1_0,0.30274445,0.58046246,,-0.00105445,-0.00018246
-1,0,0.5,1,0.31579,0.5629,-1_0,0.316526,0.5629544,,-0.000736,-5.44E-05
-1,0,0.52,1,0.3299,0.5456,-1_0,0.33032745,0.5455329,,-0.00042745,6.71E-05
-1,0,0.54,1,0.34403,0.52839,-1_0,0.344145,0.52822244,,-0.000115,0.00016756
-1,0,0.56,1,0.35814,0.51129,-1_0,0.35797423,0.51104844,,0.00016577,0.00024156
-1,0,0.58,1,0.37225,0.49431,-1_0,0.37180907,0.49403366,,0.00044093,0.00027634
-1,0,0.6,1,0.38632,0.47746,-1_0,0.38564342,0.4771999,,0.00067658,0.0002601
-1,0,0.62,1,0.40036,0.46077,-1_0,0.39946908,0.46056807,,0.00089092,0.00020193
-1,0,0.64,1,0.41434,0.44423,-1_0,0.41327757,0.4441559,,0.00106243,7.41E-05
-1,0,0.66,1,0.42827,0.42788,-1_0,0.4270603,0.42797872,,0.0012097,-9.872E-05
-1,0,0.68,1,0.44213,0.41171,-1_0,0.44080734,0.41204947,,0.00132266,-0.00033947
-1,0,0.7,1,0.45591,0.39575,-1_0,0.45450944,0.39637733,,0.00140056,-0.00062733
-1,0,0.72,1,0.4696,0.38002,-1_0,0.4681574,0.3809683,,0.0014426,-0.0009483
-1,0,0.74,1,0.48318,0.36452,-1_0,0.4817413,0.36582533,,0.0014387,-0.00130533
-1,0,0.76,1,0.49666,0.34927,-1_0,0.4952511,0.35094908,,0.0014089,-0.00167908
-1,0,0.78,1,0.51003,0.33428,-1_0,0.5086776,0.3363374,,0.0013524,-0.0020574
-1,0,0.8,1,0.52326,0.31958,-1_0,0.5220103,0.32198596,,0.0012497,-0.00240596
-1,0,0.82,1,0.53636,0.30516,-1_0,0.53523874,0.3078906,,0.00112126,-0.0027306
-1,0,0.84,1,0.54932,0.29105,-1_0,0.5483526,0.2940456,,0.0009674,-0.0029956
-1,0,0.86,1,0.56213,0.27725,-1_0,0.5613394,0.280447,,0.0007906,-0.003197
-1,0,0.88,1,0.57478,0.26378,-1_0,0.57418716,0.26709223,,0.00059284,-0.00331223
-1,0,0.9,1,0.58726,0.25065,-1_0,0.58688366,0.2539809,,0.00037634,-0.0033309
-1,0,0.92,1,0.59957,0.23787,-1_0,0.5994154,0.2411162,,0.0001546,-0.0032462
-1,0,0.94,1,0.6117,0.22544,-1_0,0.6117686,0.22850563,,-6.86E-05,-0.00306563
-1,0,0.96,1,0.62365,0.21338,-1_0,0.6239287,0.21616125,,-0.0002787,-0.00278125
-1,0,0.98,1,0.63541,0.20169,-1_0,0.63588357,0.20409812,,-0.00047357,-0.00240812
-1,0,1,1,0.64697,0.19038,-1_0,0.64762115,0.19233555,,-0.00065115,-0.00195555
-1,0,1.02,1,0.65834,0.17945,-1_0,0.6591289,0.18089724,,-0.0007889,-0.00144724
-1,0,1.04,1,0.6695,0.16891,-1_0,0.67039907,0.16980696,,-0.00089907,-0.00089696
-1,0,1.06,1,0.68045,0.15876,-1_0,0.68142337,0.15909085,,-0.00097337,-0.00033085
-1,0,1.08,1,0.69118,0.149,-1_0,0.6921978,0.14877313,,-0.0010178,0.00022687
-1,0,1.1,1,0.7017,0.13963,-1_0,0.7027204,0.13887608,,-0.0010204,0.00075392
-1,0,1.12,1,0.71201,0.13065,-1_0,0.7129914,0.12941867,,-0.0009814,0.00123133
-1,0,1.14,1,0.72209,0.12207,-1_0,0.72301435,0.120414756,,-0.00092435,0.001655244
-1,0,1.16,1,0.73195,0.11387,-1_0,0.7327932,0.111874096,,-0.0008432,0.001995904
-1,0,1.18,1,0.74159,0.10605,-1_0,0.74233556,0.10379958,,-0.00074556,0.00225042
-1,0,1.2,1,0.751,0.09862,-1_0,0.75164837,0.09619003,,-0.00064837,0.00242997
-1,0,1.22,1,0.76018,0.09156,-1_0,0.7607385,0.08903915,,-0.0005585,0.00252085
-1,0,1.24,1,0.76914,0.08487,-1_0,0.769614,0.08233617,,-0.000474,0.00253383
-1,0,1.26,1,0.77786,0.07854,-1_0,0.7782807,0.076067284,,-0.0004207,0.002472716
-1,0,1.28,1,0.78637,0.07256,-1_0,0.78674424,0.07021568,,-0.00037424,0.00234432
-1,0,1.3,1,0.79464,0.06692,-1_0,0.7950081,0.064763024,,-0.0003681,0.002156976
-1,0,1.32,1,0.80269,0.06162,-1_0,0.80307496,0.05968964,,-0.00038496,0.00193036
-1,0,1.34,1,0.81051,0.05664,-1_0,0.81094575,0.054975264,,-0.00043575,0.001664736
-1,0,1.36,1,0.81811,0.05197,-1_0,0.8186203,0.050599433,,-0.0005103,0.001370567
-1,0,1.38,1,0.82549,0.04761,-1_0,0.8260978,0.04654191,,-0.0006078,0.00106809
-1,0,1.4,1,0.83265,0.04353,-1_0,0.83337617,0.042783175,,-0.00072617,0.000746825
-1,0,1.42,1,0.83959,0.03974,-1_0,0.840453,0.0393042,,-0.000863,0.0004358
-1,0,1.44,1,0.84631,0.03621,-1_0,0.8473261,0.036086716,,-0.0010161,0.000123284
-1,0,1.46,1,0.85282,0.03293,-1_0,0.8539931,0.03311327,,-0.0011731,-0.00018327
-1,0,1.48,1,0.85913,0.0299,-1_0,0.8604522,0.03036749,,-0.0013222,-0.00046749
-1,0,1.5,1,0.86522,0.0271,-1_0,0.866701,0.027833782,,-0.001481,-0.000733782
-1,0,1.52,1,0.87111,0.02452,-1_0,0.87273896,0.025497451,,-0.00162896,-0.000977451
-1,0,1.54,1,0.8768,0.02214,-1_0,0.87856555,0.023344658,,-0.00176555,-0.001204658
-1,0,1.56,1,0.88229,0.01995,-1_0,0.88418114,0.02136232,,-0.00189114,-0.00141232
-1,0,1.58,1,0.8876,0.01795,-1_0,0.88958657,0.019538268,,-0.00198657,-0.001588268
-1,0,1.6,1,0.89271,0.01612,-1_0,0.8947838,0.017860986,,-0.0020738,-0.001740986
-1,0,1.62,1,0.89763,0.01445,-1_0,0.8997752,0.016319722,,-0.0021452,-0.001869722
-1,0,1.64,1,0.90238,0.01293,-1_0,0.9045638,0.014904492,,-0.0021838,-0.001974492
-1,0,1.66,1,0.90694,0.01155,-1_0,0.90915316,0.013605796,,-0.00221316,-0.002055796
-1,0,1.68,1,0.91133,0.01029,-1_0,0.9135477,0.012414917,,-0.0022177,-0.002124917
-1,0,1.7,1,0.91556,0.00916,-1_0,0.91775197,0.011323534,,-0.00219197,-0.002163534
-1,0,1.72,1,0.91962,0.00813,-1_0,0.921771,0.010324247,,-0.002151,-0.002194247
-1,0,1.74,1,0.92352,0.00721,-1_0,0.92561,0.009409763,,-0.00209,-0.002199763
-1,0,1.76,1,0.92726,0.00638,-1_0,0.92927474,0.008573525,,-0.00201474,-0.002193525
-1,0,1.78,1,0.93085,0.00564,-1_0,0.9327709,0.007809348,,-0.0019209,-0.002169348
-1,0,1.8,1,0.93429,0.00497,-1_0,0.93610454,0.007111527,,-0.00181454,-0.002141527
-1,0,1.82,1,0.93759,0.00437,-1_0,0.9392813,0.006474897,,-0.0016913,-0.002104897
-1,0,1.84,1,0.94075,0.00384,-1_0,0.94230735,0.00589446,,-0.00155735,-0.00205446
-1,0,1.86,1,0.94378,0.00337,-1_0,0.94518876,0.005365662,,-0.00140876,-0.001995662
-1,0,1.88,1,0.94667,0.00295,-1_0,0.94793135,0.004884444,,-0.00126135,-0.001934444
-1,0,1.9,1,0.94944,0.00257,-1_0,0.9505411,0.004446775,,-0.0011011,-0.001876775
-1,0,1.92,1,0.95209,0.00224,-1_0,0.9530237,0.004049137,,-0.0009337,-0.001809137
-1,0,1.94,1,0.95462,0.00195,-1_0,0.9553847,0.003688335,,-0.0007647,-0.001738335
-1,0,1.96,1,0.95704,0.0017,-1_0,0.9576296,0.003361136,,-0.0005896,-0.001661136
-1,0,1.98,1,0.95934,0.00147,-1_0,0.9597639,0.003064863,,-0.0004239,-0.001594863
-1,0,2,1,0.96154,0.00127,-1_0,0.9617925,0.002796859,,-0.0002525,-0.001526859
-1,0,2.02,1,0.96364,0.0011,-1_0,0.96372056,0.002554789,,-8.056E-05,-0.001454789
-1,0,2.04,1,0.96563,0.00095,-1_0,0.96555287,0.002336435,,7.713E-05,-0.001386435
-1,0,2.06,1,0.96754,0.00082,-1_0,0.96729404,0.002139777,,0.00024596,-0.001319777
-1,0,2.08,1,0.96935,0.0007,-1_0,0.96894854,0.001962826,,0.00040146,-0.001262826
-1,0,2.1,1,0.97107,0.00061,-1_0,0.97052044,0.001804106,,0.00054956,-0.001194106
-1,0,2.12,1,0.97271,0.00052,-1_0,0.97201395,0.001661919,,0.00069605,-0.001141919
-1,0,2.14,1,0.97427,0.00044,-1_0,0.973433,0.001534708,,0.000837,-0.001094708
-1,0,2.16,1,0.97575,0.00038,-1_0,0.97478116,0.001421385,,0.00096884,-0.001041385
-1,0,2.18,1,0.97715,0.00032,-1_0,0.97606194,0.001320534,,0.00108806,-0.001000534
-1,0,2.2,1,0.97848,0.00028,-1_0,0.9772789,0.001231037,,0.0012011,-0.000951037
-1,0,2.22,1,0.97975,0.00024,-1_0,0.9784351,0.001151949,,0.0013149,-0.000911949
-1,0,2.24,1,0.98095,0.0002,-1_0,0.9795336,0.001082227,,0.0014164,-0.000882227
-1,0,2.26,1,0.98208,0.00017,-1_0,0.98057735,0.00102108,,0.00150265,-0.00085108
-1,0,2.28,1,0.98316,0.00014,-1_0,0.9815691,0.000967681,,0.0015909,-0.000827681
-1,0,2.3,1,0.98418,0.00012,-1_0,0.9825114,0.000921235,,0.0016686,-0.000801235
-1,0,2.32,1,0.98514,0.0001,-1_0,0.9834068,0.000881083,,0.0017332,-0.000781083
-1,0,2.34,1,0.98605,9.00E-05,-1_0,0.9842576,0.000846721,,0.0017924,-0.000756721
-1,0,2.36,1,0.98691,7.00E-05,-1_0,0.98506606,0.000817403,,0.00184394,-0.000747403
-1,0,2.38,1,0.98773,6.00E-05,-1_0,0.98583436,0.000792667,,0.00189564,-0.000732667
-1,0,2.4,1,0.9885,5.00E-05,-1_0,0.9865645,0.000772104,,0.0019355,-0.000722104
-1,0,2.42,1,0.98922,4.00E-05,-1_0,0.98725826,0.000755198,,0.00196174,-0.000715198
-1,0,2.44,1,0.98991,4.00E-05,-1_0,0.9879176,0.000741571,,0.0019924,-0.000701571
-1,0,2.46,1,0.99055,3.00E-05,-1_0,0.9885441,0.000730872,,0.0020059,-0.000700872
-1,0,2.48,1,0.99116,3.00E-05,-1_0,0.9891395,0.000722744,,0.0020205,-0.000692744
-1,0,2.5,1,0.99173,2.00E-05,-1_0,0.9897053,0.000716843,,0.0020247,-0.000696843
-1,0,2.52,1,0.99227,2.00E-05,-1_0,0.990243,0.000712909,,0.002027,-0.000692909
-1,0,2.54,1,0.99278,2.00E-05,-1_0,0.9907539,0.000710718,,0.0020261,-0.000690718
-1,0,2.56,1,0.99325,1.00E-05,-1_0,0.99123937,0.000709929,,0.00201063,-0.000699929
-1,0,2.58,1,0.9937,1.00E-05,-1_0,0.99170077,0.000710472,,0.00199923,-0.000700472
-1,0,2.6,1,0.99412,1.00E-05,-1_0,0.9921391,0.000712015,,0.0019809,-0.000702015
-1,0,2.62,1,0.99452,1.00E-05,-1_0,0.99255556,0.000714511,,0.00196444,-0.000704511
-1,0,2.64,1,0.99489,1.00E-05,-1_0,0.9929512,0.000717707,,0.0019388,-0.000707707
-1,0,2.66,1,0.99523,1.00E-05,-1_0,0.993327,0.000721395,,0.001903,-0.000711395
-1,0,2.68,1,0.99556,0,-1_0,0.99368405,0.00072559,,0.00187595,-0.00072559
-1,0,2.7,1,0.99587,0,-1_0,0.9940232,0.00073003,,0.0018468,-0.00073003
-1,0,2.72,1,0.99615,0,-1_0,0.9943452,0.000734724,,0.0018048,-0.000734724
-1,0,2.74,1,0.99642,0,-1_0,0.99465096,0.000739478,,0.00176904,-0.000739478
-1,0,2.76,1,0.99667,0,-1_0,0.99494135,0.000744253,,0.00172865,-0.000744253
-1,0,2.78,1,0.99691,0,-1_0,0.99521697,0.000748917,,0.00169303,-0.000748917
-1,0,2.8,1,0.99713,0,-1_0,0.99547863,0.000753492,,0.00165137,-0.000753492
-1,0,2.82,1,0.99734,0,-1_0,0.99572694,0.000757791,,0.00161306,-0.000757791
-1,0,2.84,1,0.99753,0,-1_0,0.9959626,0.000761852,,0.0015674,-0.000761852
-1,0,2.86,1,0.99771,0,-1_0,0.99618614,0.000765555,,0.00152386,-0.000765555
-1,0,2.88,1,0.99788,0,-1_0,0.99639815,0.000768907,,0.00148185,-0.000768907
-1,0,2.9,1,0.99803,0,-1_0,0.9965992,0.000771783,,0.0014308,-0.000771783
-1,0,2.92,1,0.99818,0,-1_0,0.9967899,0.000774272,,0.0013901,-0.000774272
-1,0,2.94,1,0.99832,0,-1_0,0.99697053,0.000776276,,0.00134947,-0.000776276
-1,0,2.96,1,0.99844,0,-1_0,0.9971417,0.000777744,,0.0012983,-0.000777744
-1,0,2.98,1,0.99856,0,-1_0,0.997304,0.000778675,,0.001256,-0.000778675
-1,0,3,1,0.99867,0,-1_0,0.9974576,0.000779085,,0.0012124,-0.000779085
-1,0,3.02,1,0.99877,0,-1_0,0.9976031,0.000778891,,0.0011669,-0.000778891
-1,0,3.04,1,0.99887,0,-1_0,0.99774075,0.000778109,,0.00112925,-0.000778109
-1,0,3.06,1,0.99895,0,-1_0,0.99787104,0.000776798,,0.00107896,-0.000776798
-1,0,3.08,1,0.99903,0,-1_0,0.99799424,0.000774831,,0.00103576,-0.000774831
-1,0,3.1,1,0.99911,0,-1_0,0.9981108,0.000772297,,0.0009992,-0.000772297
-1,0,3.12,1,0.99918,0,-1_0,0.99822086,0.000769116,,0.00095914,-0.000769116
-1,0,3.14,1,0.99924,0,-1_0,0.9983249,0.000765376,,0.0009151,-0.000765376
-1,0,3.16,1,0.9993,0,-1_0,0.99842316,0.000761002,,0.00087684,-0.000761002
-1,0,3.18,1,0.99936,0,-1_0,0.99851584,0.000756092,,0.00084416,-0.000756092
-1,0,3.2,1,0.99941,0,-1_0,0.99860334,0.00075049,,0.00080666,-0.00075049
-1,0,3.22,1,0.99946,0,-1_0,0.99868584,0.000744365,,0.00077416,-0.000744365
-1,0,3.24,1,0.9995,0,-1_0,0.99876356,0.000737622,,0.00073644,-0.000737622
-1,0,3.26,1,0.99954,0,-1_0,0.9988368,0.000730276,,0.0007032,-0.000730276
-1,0,3.28,1,0.99958,0,-1_0,0.9989057,0.000722393,,0.0006743,-0.000722393
-1,0,3.3,1,0.99961,0,-1_0,0.9989706,0.000713967,,0.0006394,-0.000713967
-1,0,3.32,1,0.99964,0,-1_0,0.99903166,0.000704974,,0.00060834,-0.000704974
-1,0,3.34,1,0.99967,0,-1_0,0.9990889,0.000695437,,0.0005811,-0.000695437
-1,0,3.36,1,0.9997,0,-1_0,0.99914277,0.000685386,,0.00055723,-0.000685386
-1,0,3.38,1,0.99972,0,-1_0,0.9991933,0.000674851,,0.0005267,-0.000674851
-1,0,3.4,1,0.99974,0,-1_0,0.99924064,0.000663795,,0.00049936,-0.000663795
-1,0,3.42,1,0.99976,0,-1_0,0.99928504,0.000652254,,0.00047496,-0.000652254
-1,0,3.44,1,0.99978,0,-1_0,0.9993265,0.000640281,,0.0004535,-0.000640281
-1,0,3.46,1,0.9998,0,-1_0,0.99936545,0.000627816,,0.00043455,-0.000627816
-1,0,3.48,1,0.99982,0,-1_0,0.9994018,0.000614911,,0.0004182,-0.000614911
-1,0,3.5,1,0.99983,0,-1_0,0.9994357,0.000601605,,0.0003943,-0.000601605
-1,0,3.52,1,0.99985,0,-1_0,0.9994674,0.000587881,,0.0003826,-0.000587881
-1,0,3.54,1,0.99986,0,-1_0,0.9994969,0.000573769,,0.0003631,-0.000573769
-1,0,3.56,1,0.99987,0,-1_0,0.99952435,0.000559285,,0.00034565,-0.000559285
-1,0,3.58,1,0.99988,0,-1_0,0.9995499,0.000544429,,0.0003301,-0.000544429
-1,0,3.6,1,0.99989,0,-1_0,0.9995737,0.000529245,,0.0003163,-0.000529245
-1,0,3.62,1,0.9999,0,-1_0,0.99959576,0.000513732,,0.00030424,-0.000513732
-1,0,3.64,1,0.99991,0,-1_0,0.99961627,0.00049787,,0.00029373,-0.00049787
-1,0,3.66,1,0.99992,0,-1_0,0.9996352,0.000481807,,0.0002848,-0.000481807
-1,0,3.68,1,0.99993,0,-1_0,0.99965286,0.000465386,,0.00027714,-0.000465386
-1,0,3.7,1,0.99993,0,-1_0,0.9996691,0.000448771,,0.0002609,-0.000448771
-1,0,3.72,1,0.99994,0,-1_0,0.99968404,0.000431836,,0.00025596,-0.000431836
-1,0,3.74,1,0.99994,0,-1_0,0.9996979,0.000414684,,0.0002421,-0.000414684
-1,0,3.76,1,0.99995,0,-1_0,0.99971074,0.000397399,,0.00023926,-0.000397399
-1,0,3.78,1,0.99995,0,-1_0,0.99972254,0.000379846,,0.00022746,-0.000379846
-1,0,3.8,1,0.99995,0,-1_0,0.9997334,0.000362128,,0.0002166,-0.000362128
-1,0,3.82,1,0.99996,0,-1_0,0.99974346,0.000344276,,0.00021654,-0.000344276
-1,0,3.84,1,0.99996,0,-1_0,0.99975264,0.000326283,,0.00020736,-0.000326283
-1,0,3.86,1,0.99996,0,-1_0,0.9997611,0.000308111,,0.0001989,-0.000308111
-1,0,3.88,1,0.99997,0,-1_0,0.999769,0.000289872,,0.000201,-0.000289872
-1,0,3.9,1,0.99997,0,-1_0,0.9997762,0.000271536,,0.0001938,-0.000271536
-1,0,3.92,1,0.99997,0,-1_0,0.9997828,0.000253089,,0.0001872,-0.000253089
-1,0,3.94,1,0.99998,0,-1_0,0.999789,0.000234596,,0.000191,-0.000234596
-1,0,3.96,1,0.99998,0,-1_0,0.9997948,0.000216022,,0.0001852,-0.000216022
-1,0,3.98,1,0.99998,0,-1_0,0.9998,0.00019744,,0.00018,-0.00019744
-1,0,4,1,0.99999,0,-1_0,0.99980503,0.000178881,,0.00018497,-0.000178881
-1,0,4.02,1,0.99999,0,-1_0,0.99980974,0.000160269,,0.00018026,-0.000160269
-1,0,4.04,1,0.99999,0,-1_0,0.99981415,0.000141606,,0.00017585,-0.000141606
-1,0,4.06,1,0.99999,0,-1_0,0.9998184,0.000123046,,0.0001716,-0.000123046
-1,0,4.08,1,0.99999,0,-1_0,0.99982244,0.000104517,,0.00016756,-0.000104517
-1,0,4.1,1,1,0,-1_0,0.9998264,8.60E-05,,0.0001736,-8.60095E-05
-1,0,4.12,1,1,0,-1_0,0.9998302,6.76E-05,,0.0001698,-6.75917E-05
-1,0,4.14,1,1,0,-1_0,0.99983394,4.92E-05,,0.00016606,-4.92334E-05
-1,0,4.16,1,1,0,-1_0,0.9998377,3.10E-05,,0.0001623,-3.09572E-05
-1,0,4.18,1,1,0,-1_0,0.9998416,1.28E-05,,0.0001584,-1.28075E-05
-1,0,4.2,1,1,0,-1_0,0.9998453,-5.26E-06,,0.0001547,5.26011E-06
-1,0,4.22,1,1,0,-1_0,0.99984926,-2.31E-05,,0.00015074,2.31117E-05
-1,0,4.24,1,1.00001,0,-1_0,0.99985325,-4.09E-05,,0.00015675,4.08888E-05
-1,0,4.26,1,1.00001,0,-1_0,0.99985737,-5.85E-05,,0.00015263,5.84796E-05
-1,0,4.28,1,1.00001,0,-1_0,0.9998617,-7.59E-05,,0.0001483,7.58618E-05
-1,0,4.3,1,1.00001,0,-1_0,0.9998662,-9.31E-05,,0.0001438,9.31174E-05
-1,0,4.32,1,1.00001,0,-1_0,0.99987096,-0.000110134,,0.00013904,0.000110134
-1,0,4.34,1,1.00001,0,-1_0,0.9998759,-0.00012698,,0.0001341,0.00012698
-1,0,4.36,1,1.00001,0,-1_0,0.99988115,-0.000143588,,0.00012885,0.000143588
-1,0,4.38001,1,1.00001,0,-1_0,0.9998867,-0.000159927,,0.0001233,0.000159927
-1,0,4.40001,1,1.00001,0,-1_0,0.99989253,-0.000176072,,0.00011747,0.000176072
-1,0,4.42001,1,1.00001,0,-1_0,0.99989873,-0.00019192,,0.00011127,0.00019192
-1,0,4.44001,1,1.00001,0,-1_0,0.9999053,-0.000207528,,0.0001047,0.000207528
-1,0,4.46001,1,1.00001,0,-1_0,0.99991214,-0.000222832,,9.786E-05,0.000222832
-1,0,4.48001,1,1.00001,0,-1_0,0.9999195,-0.00023786,,9.05E-05,0.00023786
-1,0,4.50001,1,1.00001,0,-1_0,0.9999273,-0.000252552,,8.27E-05,0.000252552
-1,0,4.52001,1,1.00001,0,-1_0,0.99993545,-0.000266992,,7.455E-05,0.000266992
-1,0,4.54001,1,1.00001,0,-1_0,0.99994403,-0.000281051,,6.597E-05,0.000281051
-1,0,4.56001,1,1.00001,0,-1_0,0.99995315,-0.000294827,,5.685E-05,0.000294827
-1,0,4.58001,1,1,0,-1_0,0.9999627,-0.000308253,,3.73E-05,0.000308253
-1,0,4.60001,1,1,0,-1_0,0.9999728,-0.000321284,,2.72E-05,0.000321284
-1,0,4.62001,1,1,0,-1_0,0.99998343,-0.000333935,,1.657E-05,0.000333935
-1,0,4.64001,1,1,0,-1_0,0.9999946,-0.000346251,,5.4E-06,0.000346251
-1,0,4.66001,1,1,0,-1_0,1.0000063,-0.000358157,,-6.3E-06,0.000358157
-1,0,4.68001,1,1,0,-1_0,1.0000185,-0.000369668,,-1.85E-05,0.000369668
-1,0,4.70001,1,1,0,-1_0,1.0000312,-0.000380725,,-3.12E-05,0.000380725
-1,0,4.72001,1,1,0,-1_0,1.0000447,-0.000391491,,-4.47E-05,0.000391491
-1,0,4.74001,1,1,0,-1_0,1.0000587,-0.000401668,,-5.87E-05,0.000401668
-1,0,4.76001,1,1,0,-1_0,1.0000733,-0.00041154,,-7.33E-05,0.00041154
-1,0,4.78001,1,1,0,-1_0,1.0000885,-0.000420928,,-8.85E-05,0.000420928
-1,0,4.80001,1,1,0,-1_0,1.0001044,-0.000429817,,-0.0001044,0.000429817
-1,0,4.82002,1,1,0,-1_0,1.0001209,-0.000438295,,-0.0001209,0.000438295
-1,0,4.84002,1,1,0,-1_0,1.000138,-0.000446193,,-0.000138,0.000446193
-1,0,4.86002,1,1,0,-1_0,1.0001558,-0.000453733,,-0.0001558,0.000453733
-1,0,4.88002,1,1,0,-1_0,1.0001743,-0.000460699,,-0.0001743,0.000460699
-1,0,4.90002,1,1,0,-1_0,1.0001935,-0.000467204,,-0.0001935,0.000467204
-1,0,4.92002,1,1,0,-1_0,1.0002133,-0.000473186,,-0.0002133,0.000473186
-1,0,4.94002,1,1,0,-1_0,1.0002339,-0.000478648,,-0.0002339,0.000478648
-1,0,4.96002,1,1,0,-1_0,1.0002551,-0.000483587,,-0.0002551,0.000483587
-1,0,4.98002,1,1,0,-1_0,1.000277,-0.000487953,,-0.000277,0.000487953
-1,0,5.00002,1,1,0,-1_0,1.0002997,-0.000491828,,-0.0002997,0.000491828
-1,1,0,2,0.0949,1,-1_1,0.06842631,0.99891686,,0.02647369,0.00108314
-1,1,0.02,2,0.02505,0.98018,-1_1,0.044465244,0.9845573,,-0.019415244,-0.0043773
-1,1,0.04,2,0.04972,0.961,-1_1,0.049563587,0.96405435,,0.000156413,-0.00305435
-1,1,0.06,2,0.07398,0.94159,-1_1,0.068490386,0.9430319,,0.005489614,-0.0014419
-1,1,0.08,2,0.09786,0.92196,-1_1,0.09165484,0.92283964,,0.00620516,-0.00087964
-1,1,0.1,2,0.12134,0.90212,-1_1,0.115822256,0.9028517,,0.005517744,-0.0007317
-1,1,0.12,2,0.14442,0.88207,-1_1,0.14003348,0.88272727,,0.00438652,-0.00065727
-1,1,0.14,2,0.16712,0.86185,-1_1,0.16397482,0.86241114,,0.00314518,-0.00056114
-1,1,0.16,2,0.18943,0.84145,-1_1,0.18752539,0.8419149,,0.00190461,-0.0004649
-1,1,0.18,2,0.21134,0.82091,-1_1,0.21061867,0.8212615,,0.00072133,-0.0003515
-1,1,0.2,2,0.23287,0.80022,-1_1,0.23320544,0.8004819,,-0.00033544,-0.0002619
-1,1,0.22,2,0.25401,0.77942,-1_1,0.2552514,0.779608,,-0.0012414,-0.000188
-1,1,0.24,2,0.27476,0.75852,-1_1,0.27673268,0.75867546,,-0.00197268,-0.00015546
-1,1,0.26,2,0.29513,0.73754,-1_1,0.29764044,0.73771644,,-0.00251044,-0.00017644
-1,1,0.28,2,0.31512,0.7165,-1_1,0.3179748,0.7167591,,-0.0028548,-0.0002591
-1,1,0.3,2,0.33472,0.69543,-1_1,0.33774692,0.6958282,,-0.00302692,-0.0003982
-1,1,0.32,2,0.35394,0.67435,-1_1,0.35697484,0.674942,,-0.00303484,-0.000592
-1,1,0.34,2,0.37279,0.65327,-1_1,0.37568182,0.6541171,,-0.00289182,-0.0008471
-1,1,0.36,2,0.39126,0.63224,-1_1,0.39389545,0.63336694,,-0.00263545,-0.00112694
-1,1,0.38,2,0.40935,0.61126,-1_1,0.4116447,0.6127033,,-0.0022947,-0.0014433
-1,1,0.4,2,0.42708,0.59037,-1_1,0.42896038,0.5921378,,-0.00188038,-0.0017678
-1,1,0.42,2,0.44444,0.56959,-1_1,0.44587225,0.5716814,,-0.00143225,-0.0020914
-1,1,0.44,2,0.46143,0.54894,-1_1,0.4624078,0.5513464,,-0.0009778,-0.0024064
-1,1,0.46,2,0.47805,0.52846,-1_1,0.478594,0.53114414,,-0.000544,-0.00268414
-1,1,0.48,2,0.49432,0.50817,-1_1,0.49445367,0.5110879,,-0.00013367,-0.0029179
-1,1,0.5,2,0.51022,0.48809,-1_1,0.5100045,0.49119198,,0.0002155,-0.00310198
-1,1,0.52,2,0.52577,0.46826,-1_1,0.52526295,0.47147027,,0.00050705,-0.00321027
-1,1,0.54,2,0.54097,0.44868,-1_1,0.5402392,0.45193952,,0.0007308,-0.00325952
-1,1,0.56,2,0.55583,0.4294,-1_1,0.55493975,0.43261757,,0.00089025,-0.00321757
-1,1,0.58,2,0.57033,0.41043,-1_1,0.569367,0.41352373,,0.000963,-0.00309373
-1,1,0.6,2,0.58449,0.3918,-1_1,0.58352005,0.39467993,,0.00096995,-0.00287993
-1,1,0.62,2,0.59832,0.37353,-1_1,0.5973953,0.37610924,,0.0009247,-0.00257924
-1,1,0.64,2,0.61181,0.35564,-1_1,0.61098516,0.35783905,,0.00082484,-0.00219905
-1,1,0.66,2,0.62496,0.33815,-1_1,0.6242821,0.33989656,,0.0006779,-0.00174656
-1,1,0.68,2,0.63779,0.32108,-1_1,0.63727695,0.322312,,0.00051305,-0.001232
-1,1,0.7,2,0.6503,0.30444,-1_1,0.6499607,0.30511668,,0.0003393,-0.00067668
-1,1,0.72,2,0.66249,0.28826,-1_1,0.6623248,0.28834298,,0.0001652,-8.298E-05
-1,1,0.74,2,0.67436,0.27255,-1_1,0.674361,0.27202368,,-1E-06,0.00052632
-1,1,0.76,2,0.68591,0.25731,-1_1,0.6860645,0.25618976,,-0.0001545,0.00112024
-1,1,0.78,2,0.69716,0.24257,-1_1,0.6974317,0.24087118,,-0.0002717,0.00169882
-1,1,0.8,2,0.70811,0.22832,-1_1,0.7084615,0.22609465,,-0.0003515,0.00222535
-1,1,0.82,2,0.71876,0.21459,-1_1,0.71915567,0.21188419,,-0.00039567,0.00270581
-1,1,0.84,2,0.72911,0.20137,-1_1,0.72951835,0.19825837,,-0.00040835,0.00311163
-1,1,0.86,2,0.73918,0.18866,-1_1,0.73955613,0.18523152,,-0.00037613,0.00342848
-1,1,0.88,2,0.74895,0.17648,-1_1,0.7492772,0.17281309,,-0.0003272,0.00366691
-1,1,0.9,2,0.75845,0.16482,-1_1,0.75869167,0.16100684,,-0.00024167,0.00381316
-1,1,0.92,2,0.76767,0.15368,-1_1,0.7678107,0.14981174,,-0.0001407,0.00386826
-1,1,0.94,2,0.77662,0.14305,-1_1,0.77664584,0.13922217,,-2.584E-05,0.00382783
-1,1,0.96,2,0.7853,0.13294,-1_1,0.78520876,0.12922831,,9.124E-05,0.00371169
-1,1,0.98,2,0.79372,0.12333,-1_1,0.79351103,0.11981648,,0.00020897,0.00351352
-1,1,1,2,0.80188,0.11423,-1_1,0.8015639,0.11096967,,0.0003161,0.00326033
-1,1,1.02,2,0.80978,0.10561,-1_1,0.8093771,0.102669135,,0.0004029,0.002940865
-1,1,1.04,2,0.81744,0.09748,-1_1,0.81695926,0.09489407,,0.00048074,0.00258593
-1,1,1.06,2,0.82486,0.08981,-1_1,0.8243187,0.08762197,,0.0005413,0.00218803
-1,1,1.08,2,0.83204,0.0826,-1_1,0.83146214,0.080829844,,0.00057786,0.001770156
-1,1,1.1,2,0.83898,0.07583,-1_1,0.83839464,0.07449435,,0.00058536,0.00133565
-1,1,1.12,2,0.8457,0.06949,-1_1,0.8451212,0.06859181,,0.0005788,0.00089819
-1,1,1.14,2,0.85219,0.06357,-1_1,0.85164547,0.06309874,,0.00054453,0.00047126
-1,1,1.16,2,0.85846,0.05804,-1_1,0.8579706,0.057992335,,0.0004894,4.7665E-05
-1,1,1.18,2,0.86452,0.0529,-1_1,0.864099,0.05325013,,0.000421,-0.00035013
-1,1,1.2,2,0.87037,0.04812,-1_1,0.87003297,0.048850324,,0.00033703,-0.000730324
-1,1,1.22,2,0.87601,0.0437,-1_1,0.8757741,0.044772066,,0.0002359,-0.001072066
-1,1,1.24,2,0.88146,0.0396,-1_1,0.8813241,0.040995263,,0.0001359,-0.001395263
-1,1,1.26,2,0.88671,0.03582,-1_1,0.8866849,0.037500635,,2.51E-05,-0.001680635
-1,1,1.28,2,0.89177,0.03234,-1_1,0.89185846,0.03426984,,-8.846E-05,-0.00192984
-1,1,1.3,2,0.89665,0.02915,-1_1,0.8968466,0.03128541,,-0.0001966,-0.00213541
-1,1,1.32,2,0.90134,0.02622,-1_1,0.9016515,0.028530814,,-0.0003115,-0.002310814
-1,1,1.34,2,0.90586,0.02353,-1_1,0.90627587,0.025990285,,-0.00041587,-0.002460285
-1,1,1.36,2,0.91021,0.02108,-1_1,0.9107225,0.023649156,,-0.0005125,-0.002569156
-1,1,1.38,2,0.9144,0.01885,-1_1,0.9149943,0.021493286,,-0.0005943,-0.002643286
-1,1,1.4,2,0.91842,0.01683,-1_1,0.91909456,0.019509599,,-0.00067456,-0.002679599
-1,1,1.42,2,0.92228,0.01499,-1_1,0.9230272,0.017685719,,-0.0007472,-0.002695719
-1,1,1.44,2,0.926,0.01332,-1_1,0.92679596,0.016010009,,-0.00079596,-0.002690009
-1,1,1.46,2,0.92956,0.01182,-1_1,0.9304048,0.014471583,,-0.0008448,-0.002651583
-1,1,1.48,2,0.93298,0.01047,-1_1,0.93385816,0.013060287,,-0.00087816,-0.002590287
-1,1,1.5,2,0.93626,0.00925,-1_1,0.93716055,0.011766613,,-0.00090055,-0.002516613
-1,1,1.52,2,0.93941,0.00816,-1_1,0.94031644,0.010581628,,-0.00090644,-0.002421628
-1,1,1.54,2,0.94242,0.00718,-1_1,0.94333065,0.009497084,,-0.00091065,-0.002317084
-1,1,1.56,2,0.94531,0.00631,-1_1,0.9462077,0.008505255,,-0.0008977,-0.002195255
-1,1,1.58,2,0.94808,0.00553,-1_1,0.94895273,0.007598907,,-0.00087273,-0.002068907
-1,1,1.6,2,0.95072,0.00484,-1_1,0.95157015,0.006771579,,-0.00085015,-0.001931579
-1,1,1.62,2,0.95325,0.00423,-1_1,0.9540649,0.006016932,,-0.0008149,-0.001786932
-1,1,1.64,2,0.95568,0.00368,-1_1,0.956442,0.005329192,,-0.000762,-0.001649192
-1,1,1.66,2,0.95799,0.0032,-1_1,0.95870554,0.004703119,,-0.00071554,-0.001503119
-1,1,1.68,2,0.9602,0.00278,-1_1,0.9608606,0.004133791,,-0.0006606,-0.001353791
-1,1,1.7,2,0.96231,0.00241,-1_1,0.96291167,0.003616579,,-0.00060167,-0.001206579
-1,1,1.72,2,0.96432,0.00209,-1_1,0.96486294,0.003147423,,-0.00054294,-0.001057423
-1,1,1.74,2,0.96625,0.0018,-1_1,0.96671903,0.002722189,,-0.00046903,-0.000922189
-1,1,1.76,2,0.96808,0.00155,-1_1,0.96848387,0.002337515,,-0.00040387,-0.000787515
-1,1,1.78,2,0.96982,0.00133,-1_1,0.9701617,0.001989961,,-0.0003417,-0.000659961
-1,1,1.8,2,0.97149,0.00114,-1_1,0.9717563,0.001676478,,-0.0002663,-0.000536478
-1,1,1.82,2,0.97307,0.00098,-1_1,0.97327155,0.001394182,,-0.00020155,-0.000414182
-1,1,1.84,2,0.97458,0.00084,-1_1,0.9747111,0.001140557,,-0.0001311,-0.000300557
-1,1,1.86,2,0.97601,0.00072,-1_1,0.97607857,0.000913069,,-6.857E-05,-0.000193069
-1,1,1.88,2,0.97737,0.00061,-1_1,0.9773772,0.000709713,,-7.2E-06,-9.97125E-05
-1,1,1.9,2,0.97867,0.00052,-1_1,0.9786102,0.000528239,,5.98E-05,-8.2387E-06
-1,1,1.92,2,0.9799,0.00044,-1_1,0.979781,0.000366814,,0.000119,7.31856E-05
-1,1,1.94,2,0.98106,0.00037,-1_1,0.9808922,0.000223748,,0.0001678,0.000146252
-1,1,1.96,2,0.98217,0.00032,-1_1,0.9819469,9.74E-05,,0.0002231,0.000222636
-1,1,1.98,2,0.98322,0.00027,-1_1,0.9829477,-1.37E-05,,0.0002723,0.000283717
-1,1,2,2,0.98422,0.00022,-1_1,0.98389727,-0.00011088,,0.00032273,0.00033088
-1,1,2.02,2,0.98516,0.00019,-1_1,0.9847982,-0.000195414,,0.0003618,0.000385414
-1,1,2.04,2,0.98605,0.00016,-1_1,0.9856527,-0.0002684,,0.0003973,0.0004284
-1,1,2.06,2,0.9869,0.00013,-1_1,0.98646295,-0.000330932,,0.00043705,0.000460932
-1,1,2.08,2,0.9877,0.00011,-1_1,0.98723143,-0.00038407,,0.00046857,0.00049407
-1,1,2.1,2,0.98845,9.00E-05,-1_1,0.98796,-0.000428513,,0.00049,0.000518513
-1,1,2.12,2,0.98917,8.00E-05,-1_1,0.98865056,-0.000465266,,0.00051944,0.000545266
-1,1,2.14,2,0.98984,7.00E-05,-1_1,0.98930514,-0.000494957,,0.00053486,0.000564957
-1,1,2.16,2,0.99048,5.00E-05,-1_1,0.98992527,-0.000518374,,0.00055473,0.000568374
-1,1,2.18,2,0.99108,5.00E-05,-1_1,0.9905129,-0.000536084,,0.0005671,0.000586084
-1,1,2.2,2,0.99165,4.00E-05,-1_1,0.9910695,-0.000548638,,0.0005805,0.000588638
-1,1,2.22,2,0.99219,3.00E-05,-1_1,0.9915967,-0.000556767,,0.0005933,0.000586767
-1,1,2.24,2,0.99269,3.00E-05,-1_1,0.99209577,-0.000560761,,0.00059423,0.000590761
-1,1,2.26,2,0.99317,2.00E-05,-1_1,0.99256825,-0.000561141,,0.00060175,0.000581141
-1,1,2.28,2,0.99361,2.00E-05,-1_1,0.9930154,-0.000558354,,0.0005946,0.000578354
-1,1,2.3,2,0.99403,1.00E-05,-1_1,0.9934386,-0.000552729,,0.0005914,0.000562729
-1,1,2.32,2,0.99443,1.00E-05,-1_1,0.9938388,-0.000544667,,0.0005912,0.000554667
-1,1,2.34,2,0.9948,1.00E-05,-1_1,0.9942173,-0.000534467,,0.0005827,0.000544467
-1,1,2.36,2,0.99515,1.00E-05,-1_1,0.99457514,-0.000522442,,0.00057486,0.000532442
-1,1,2.38,2,0.99548,1.00E-05,-1_1,0.9949133,-0.00050877,,0.0005667,0.00051877
-1,1,2.4,2,0.99579,1.00E-05,-1_1,0.9952328,-0.000493802,,0.0005572,0.000503802
-1,1,2.42,2,0.99608,0,-1_1,0.9955346,-0.000477709,,0.0005454,0.000477709
-1,1,2.44,2,0.99635,0,-1_1,0.99581957,-0.000460751,,0.00053043,0.000460751
-1,1,2.46,2,0.9966,0,-1_1,0.9960885,-0.000443004,,0.0005115,0.000443004
-1,1,2.48,2,0.99684,0,-1_1,0.9963421,-0.000424773,,0.0004979,0.000424773
-1,1,2.5,2,0.99706,0,-1_1,0.9965814,-0.000406094,,0.0004786,0.000406094
-1,1,2.52,2,0.99727,0,-1_1,0.99680686,-0.000387117,,0.00046314,0.000387117
-1,1,2.54,2,0.99746,0,-1_1,0.99701935,-0.000368126,,0.00044065,0.000368126
-1,1,2.56,2,0.99764,0,-1_1,0.9972193,-0.000349082,,0.0004207,0.000349082
-1,1,2.58,2,0.99781,0,-1_1,0.99740756,-0.000330061,,0.00040244,0.000330061
-1,1,2.6,2,0.99797,0,-1_1,0.99758464,-0.000311233,,0.00038536,0.000311233
-1,1,2.62,2,0.99812,0,-1_1,0.9977511,-0.000292733,,0.0003689,0.000292733
-1,1,2.64,2,0.99826,0,-1_1,0.99790746,-0.000274472,,0.00035254,0.000274472
-1,1,2.66,2,0.99839,0,-1_1,0.99805427,-0.000256695,,0.00033573,0.000256695
-1,1,2.68,2,0.99851,0,-1_1,0.99819195,-0.000239357,,0.00031805,0.000239357
-1,1,2.7,2,0.99862,0,-1_1,0.998321,-0.000222564,,0.000299,0.000222564
-1,1,2.72,2,0.99873,0,-1_1,0.99844193,-0.000206284,,0.00028807,0.000206284
-1,1,2.74,2,0.99883,0,-1_1,0.998555,-0.000190593,,0.000275,0.000190593
-1,1,2.76,2,0.99892,0,-1_1,0.9986608,-0.00017561,,0.0002592,0.00017561
-1,1,2.78,2,0.999,0,-1_1,0.99875957,-0.000161231,,0.00024043,0.000161231
-1,1,2.8,2,0.99908,0,-1_1,0.9988516,-0.000147574,,0.0002284,0.000147574
-1,1,2.82,2,0.99915,0,-1_1,0.9989375,-0.000134647,,0.0002125,0.000134647
-1,1,2.84,2,0.99922,0,-1_1,0.99901736,-0.000122443,,0.00020264,0.000122443
-1,1,2.86,2,0.99928,0,-1_1,0.9990916,-0.000110999,,0.0001884,0.000110999
-1,1,2.88,2,0.99934,0,-1_1,0.9991605,-0.0001003,,0.0001795,0.0001003
-1,1,2.9,2,0.99939,0,-1_1,0.99922436,-9.04E-05,,0.00016564,9.04128E-05
-1,1,2.92,2,0.99944,0,-1_1,0.9992834,-8.13E-05,,0.0001566,8.12784E-05
-1,1,2.94,2,0.99948,0,-1_1,0.9993378,-7.29E-05,,0.0001422,7.29188E-05
-1,1,2.96,2,0.99953,0,-1_1,0.99938804,-6.53E-05,,0.00014196,6.53192E-05
-1,1,2.98,2,0.99956,0,-1_1,0.9994342,-5.86E-05,,0.0001258,5.85914E-05
-1,1,3,2,0.9996,0,-1_1,0.9994765,-5.26E-05,,0.0001235,5.25638E-05
-1,1,3.02,2,0.99963,0,-1_1,0.9995151,-4.73E-05,,0.0001149,4.73335E-05
-1,1,3.04,2,0.99967,0,-1_1,0.99955034,-4.29E-05,,0.00011966,4.28781E-05
-1,1,3.06,2,0.99969,0,-1_1,0.9995823,-3.91E-05,,0.0001077,3.91379E-05
-1,1,3.08,2,0.99972,0,-1_1,0.9996112,-3.62E-05,,0.0001088,3.62247E-05
-1,1,3.1,2,0.99975,0,-1_1,0.9996373,-3.40E-05,,0.0001127,3.39672E-05
-1,1,3.12,2,0.99977,0,-1_1,0.9996606,-3.25E-05,,0.0001094,3.24622E-05
-1,1,3.14,2,0.99979,0,-1_1,0.9996813,-3.17E-05,,0.0001087,3.16724E-05
-1,1,3.16,2,0.99981,0,-1_1,0.99969965,-3.16E-05,,0.00011035,3.15905E-05
-1,1,3.18,2,0.99983,0,-1_1,0.99971575,-3.23E-05,,0.00011425,3.22685E-05
-1,1,3.2,2,0.99984,0,-1_1,0.99972963,-3.35E-05,,0.00011037,3.35425E-05
-1,1,3.22,2,0.99986,0,-1_1,0.99974155,-3.55E-05,,0.00011845,3.55244E-05
-1,1,3.24,2,0.99987,0,-1_1,0.99975157,-3.81E-05,,0.00011843,3.81395E-05
-1,1,3.26,2,0.99989,0,-1_1,0.99975985,-4.13E-05,,0.00013015,4.13433E-05
-1,1,3.28,2,0.9999,0,-1_1,0.99976647,-4.52E-05,,0.00013353,4.52176E-05
-1,1,3.3,2,0.99991,0,-1_1,0.9997715,-4.96E-05,,0.0001385,4.96358E-05
-1,1,3.32,2,0.99992,0,-1_1,0.9997752,-5.47E-05,,0.0001448,5.46724E-05
-1,1,3.34,2,0.99993,0,-1_1,0.9997774,-6.03E-05,,0.0001526,6.02826E-05
-1,1,3.36,2,0.99994,0,-1_1,0.9997784,-6.65E-05,,0.0001616,6.64592E-05
-1,1,3.38,2,0.99994,0,-1_1,0.9997782,-7.31E-05,,0.0001618,7.31126E-05
-1,1,3.4,2,0.99995,0,-1_1,0.999777,-8.03E-05,,0.000173,8.03024E-05
-1,1,3.42,2,0.99996,0,-1_1,0.99977475,-8.80E-05,,0.00018525,8.7969E-05
-1,1,3.44,2,0.99996,0,-1_1,0.99977154,-9.61E-05,,0.00018846,9.60752E-05
-1,1,3.46,2,0.99997,0,-1_1,0.99976754,-0.000104688,,0.00020246,0.000104688
-1,1,3.48,2,0.99997,0,-1_1,0.9997628,-0.000113733,,0.0002072,0.000113733
-1,1,3.5,2,0.99998,0,-1_1,0.9997572,-0.000123136,,0.0002228,0.000123136
-1,1,3.52,2,0.99998,0,-1_1,0.999751,-0.000133023,,0.000229,0.000133023
-1,1,3.54,2,0.99999,0,-1_1,0.9997442,-0.000143237,,0.0002458,0.000143237
-1,1,3.56,2,0.99999,0,-1_1,0.99973685,-0.000153802,,0.00025315,0.000153802
-1,1,3.58,2,1,0,-1_1,0.99972904,-0.000164762,,0.00027096,0.000164762
-1,1,3.6,2,1,0,-1_1,0.9997208,-0.00017602,,0.0002792,0.00017602
-1,1,3.62,2,1,0,-1_1,0.99971217,-0.000187598,,0.00028783,0.000187598
-1,1,3.64,2,1,0,-1_1,0.99970317,-0.00019943,,0.00029683,0.00019943
-1,1,3.66,2,1.00001,0,-1_1,0.99969405,-0.000211589,,0.00031595,0.000211589
-1,1,3.68,2,1.00001,0,-1_1,0.99968445,-0.000223987,,0.00032555,0.000223987
-1,1,3.7,2,1.00001,0,-1_1,0.9996748,-0.000236593,,0.0003352,0.000236593
-1,1,3.72,2,1.00001,0,-1_1,0.99966496,-0.00024949,,0.00034504,0.00024949
-1,1,3.74,2,1.00001,0,-1_1,0.999655,-0.000262499,,0.000355,0.000262499
-1,1,3.76,2,1.00001,0,-1_1,0.999645,-0.000275768,,0.000365,0.000275768
-1,1,3.78,2,1.00001,0,-1_1,0.9996349,-0.000289179,,0.0003751,0.000289179
-1,1,3.8,2,1.00001,0,-1_1,0.99962485,-0.000302725,,0.00038515,0.000302725
-1,1,3.82,2,1.00001,0,-1_1,0.9996148,-0.000316434,,0.0003952,0.000316434
-1,1,3.84,2,1.00001,0,-1_1,0.99960476,-0.000330187,,0.00040524,0.000330187
-1,1,3.86,2,1.00002,0,-1_1,0.9995948,-0.000344135,,0.0004252,0.000344135
-1,1,3.88,2,1.00002,0,-1_1,0.999585,-0.000358127,,0.000435,0.000358127
-1,1,3.9,2,1.00002,0,-1_1,0.9995753,-0.000372216,,0.0004447,0.000372216
-1,1,3.92,2,1.00002,0,-1_1,0.9995658,-0.000386357,,0.0004542,0.000386357
-1,1,3.94,2,1.00002,0,-1_1,0.9995565,-0.000400476,,0.0004635,0.000400476
-1,1,3.96,2,1.00002,0,-1_1,0.99954736,-0.000414737,,0.00047264,0.000414737
-1,1,3.98,2,1.00002,0,-1_1,0.9995385,-0.000428841,,0.0004815,0.000428841
-1,1,4,2,1.00002,0,-1_1,0.9995299,-0.000443064,,0.0004901,0.000443064
-1,1,4.02,2,1.00002,0,-1_1,0.99952155,-0.000457287,,0.00049845,0.000457287
-1,1,4.04,2,1.00002,0,-1_1,0.99951357,-0.000471346,,0.00050643,0.000471346
-1,1,4.06,2,1.00002,0,-1_1,0.9995059,-0.000485457,,0.0005141,0.000485457
-1,1,4.08,2,1.00002,0,-1_1,0.99949855,-0.000499465,,0.00052145,0.000499465
-1,1,4.1,2,1.00002,0,-1_1,0.9994916,-0.00051339,,0.0005284,0.00051339
-1,1,4.12,2,1.00002,0,-1_1,0.999485,-0.000527263,,0.000535,0.000527263
-1,1,4.14,2,1.00002,0,-1_1,0.9994788,-0.000541009,,0.0005412,0.000541009
-1,1,4.16,2,1.00002,0,-1_1,0.9994731,-0.000554651,,0.0005469,0.000554651
-1,1,4.18,2,1.00002,0,-1_1,0.99946773,-0.000568144,,0.00055227,0.000568144
-1,1,4.2,2,1.00002,0,-1_1,0.9994629,-0.000581503,,0.0005571,0.000581503
-1,1,4.22,2,1.00002,0,-1_1,0.9994585,-0.00059469,,0.0005615,0.00059469
-1,1,4.24,2,1.00002,0,-1_1,0.99945456,-0.000607684,,0.00056544,0.000607684
-1,1,4.26,2,1.00002,0,-1_1,0.99945116,-0.000620566,,0.00056884,0.000620566
-1,1,4.28,2,1.00002,0,-1_1,0.9994483,-0.000633217,,0.0005717,0.000633217
-1,1,4.3,2,1.00002,0,-1_1,0.9994459,-0.000645682,,0.0005741,0.000645682
-1,1,4.32,2,1.00002,0,-1_1,0.99944407,-0.000657871,,0.00057593,0.000657871
-1,1,4.34,2,1.00002,0,-1_1,0.99944276,-0.000669897,,0.00057724,0.000669897
-1,1,4.36,2,1.00002,0,-1_1,0.99944204,-0.000681601,,0.00057796,0.000681601
-1,1,4.38001,2,1.00002,0,-1_1,0.9994419,-0.00069309,,0.0005781,0.00069309
-1,1,4.40001,2,1.00002,0,-1_1,0.9994424,-0.0007044,,0.0005776,0.0007044
-1,1,4.42001,2,1.00002,0,-1_1,0.9994434,-0.00071536,,0.0005766,0.00071536
-1,1,4.44001,2,1.00002,0,-1_1,0.9994451,-0.000725992,,0.0005749,0.000725992
-1,1,4.46001,2,1.00003,0,-1_1,0.99944735,-0.000736356,,0.00058265,0.000736356
-1,1,4.48001,2,1.00003,0,-1_1,0.99945027,-0.000746422,,0.00057973,0.000746422
-1,1,4.50001,2,1.00003,0,-1_1,0.9994538,-0.000756189,,0.0005762,0.000756189
-1,1,4.52001,2,1.00003,0,-1_1,0.999458,-0.000765614,,0.000572,0.000765614
-1,1,4.54001,2,1.00003,0,-1_1,0.99946284,-0.000774689,,0.00056716,0.000774689
-1,1,4.56001,2,1.00003,0,-1_1,0.9994683,-0.000783443,,0.0005617,0.000783443
-1,1,4.58001,2,1.00003,0,-1_1,0.9994746,-0.00079181,,0.0005554,0.00079181
-1,1,4.60001,2,1.00003,0,-1_1,0.9994815,-0.00079982,,0.0005485,0.00079982
-1,1,4.62001,2,1.00002,0,-1_1,0.999489,-0.000807472,,0.000531,0.000807472
-1,1,4.64001,2,1.00002,0,-1_1,0.9994973,-0.000814736,,0.0005227,0.000814736
-1,1,4.66001,2,1.00002,0,-1_1,0.9995063,-0.000821561,,0.0005137,0.000821561
-1,1,4.68001,2,1.00002,0,-1_1,0.999516,-0.000828005,,0.000504,0.000828005
-1,1,4.70001,2,1.00002,0,-1_1,0.9995265,-0.000834048,,0.0004935,0.000834048
-1,1,4.72001,2,1.00002,0,-1_1,0.9995376,-0.00083968,,0.0004824,0.00083968
-1,1,4.74001,2,1.00002,0,-1_1,0.9995495,-0.000844911,,0.0004705,0.000844911
-1,1,4.76001,2,1.00002,0,-1_1,0.99956214,-0.000849664,,0.00045786,0.000849664
-1,1,4.78001,2,1.00001,0,-1_1,0.99957556,-0.000853904,,0.00043444,0.000853904
-1,1,4.80001,2,1.00001,0,-1_1,0.99958974,-0.00085777,,0.00042026,0.00085777
-1,1,4.82002,2,1.00001,0,-1_1,0.9996047,-0.000861138,,0.0004053,0.000861138
-1,1,4.84002,2,1.00001,0,-1_1,0.9996204,-0.000864014,,0.0003896,0.000864014
-1,1,4.86002,2,1.00001,0,-1_1,0.9996368,-0.000866465,,0.0003732,0.000866465
-1,1,4.88002,2,1.00001,0,-1_1,0.9996541,-0.000868402,,0.0003559,0.000868402
-1,1,4.90002,2,1,0,-1_1,0.9996722,-0.00086984,,0.0003278,0.00086984
-1,1,4.92002,2,1,0,-1_1,0.999691,-0.000870772,,0.000309,0.000870772
-1,1,4.94002,2,1,0,-1_1,0.9997106,-0.000871167,,0.0002894,0.000871167
-1,1,4.96002,2,1,0,-1_1,0.99973106,-0.000871055,,0.00026894,0.000871055
-1,1,4.98002,2,1,0,-1_1,0.9997523,-0.000870422,,0.0002477,0.000870422
-1,1,5.00002,2,1,0,-1_1,0.99977434,-0.000869297,,0.00022566,0.000869297
-1,3,0,3,0.0949,1,-1_3,0.08819628,0.9996582,,0.00670372,0.0003418
-1,3,0.02,3,0.07814,0.98382,-1_3,0.08890122,0.98989224,,-0.01076122,-0.00607224
-1,3,0.04,3,0.15235,0.96624,-1_3,0.14387238,0.9712169,,0.00847762,-0.0049769
-1,3,0.06,3,0.22271,0.94659,-1_3,0.21991515,0.95012975,,0.00279485,-0.00353975
-1,3,0.08,3,0.28929,0.92511,-1_3,0.29168707,0.9283519,,-0.00239707,-0.0032419
-1,3,0.1,3,0.35218,0.902,-1_3,0.35495454,0.9049841,,-0.00277454,-0.0029841
-1,3,0.12,3,0.41144,0.87748,-1_3,0.41241288,0.88006127,,-0.00097288,-0.00258127
-1,3,0.14,3,0.4672,0.85172,-1_3,0.4662383,0.85388315,,0.0009617,-0.00216315
-1,3,0.16,3,0.51953,0.82492,-1_3,0.51732117,0.8266629,,0.00220883,-0.0017429
-1,3,0.18,3,0.56856,0.79726,-1_3,0.5658736,0.7985661,,0.0026864,-0.0013061
-1,3,0.2,3,0.61438,0.7689,-1_3,0.61185443,0.76975965,,0.00252557,-0.00085965
-1,3,0.22,3,0.65711,0.74,-1_3,0.6551581,0.74042094,,0.0019519,-0.00042094
-1,3,0.24,3,0.69687,0.71072,-1_3,0.6956833,0.71073735,,0.0011867,-1.735E-05
-1,3,0.26,3,0.73377,0.68119,-1_3,0.7333651,0.68089676,,0.0004049,0.00029324
-1,3,0.28,3,0.76794,0.65156,-1_3,0.76818657,0.6510773,,-0.00024657,0.0004827
-1,3,0.3,3,0.79948,0.62195,-1_3,0.80018175,0.6214396,,-0.00070175,0.0005104
-1,3,0.32,3,0.82854,0.59249,-1_3,0.8294372,0.59211504,,-0.0008972,0.00037496
-1,3,0.34,3,0.85521,0.56327,-1_3,0.8560788,0.56320727,,-0.0008688,6.273E-05
-1,3,0.36,3,0.87964,0.53441,-1_3,0.8802687,0.53478587,,-0.0006287,-0.00037587
-1,3,0.38,3,0.90192,0.506,-1_3,0.9021853,0.50689554,,-0.0002653,-0.00089554
-1,3,0.4,3,0.92219,0.47813,-1_3,0.92201424,0.47956178,,0.00017576,-0.00143178
-1,3,0.42,3,0.94056,0.45088,-1_3,0.93993425,0.45280313,,0.00062575,-0.00192313
-1,3,0.44,3,0.95714,0.42431,-1_3,0.9561154,0.4266359,,0.0010246,-0.0023259
-1,3,0.46,3,0.97205,0.39849,-1_3,0.97070736,0.40108305,,0.00134264,-0.00259305
-1,3,0.48,3,0.98539,0.37347,-1_3,0.9838423,0.3761777,,0.0015477,-0.0027077
-1,3,0.5,3,0.99726,0.34931,-1_3,0.99563533,0.35196263,,0.00162467,-0.00265263
-1,3,0.52,3,1.00777,0.32603,-1_3,1.0061837,0.32848978,,0.0015863,-0.00245978
-1,3,0.54,3,1.01702,0.30367,-1_3,1.0155745,0.30581647,,0.0014455,-0.00214647
-1,3,0.56,3,1.02511,0.28226,-1_3,1.0238827,0.2839999,,0.0012273,-0.0017399
-1,3,0.58,3,1.03211,0.2618,-1_3,1.0311779,0.26309505,,0.0009321,-0.00129505
-1,3,0.6,3,1.03813,0.24232,-1_3,1.0375237,0.24314941,,0.0006063,-0.00082941
-1,3,0.62,3,1.04324,0.22382,-1_3,1.042982,0.22420052,,0.000258,-0.00038052
-1,3,0.64,3,1.04751,0.20629,-1_3,1.0476116,0.20627445,,-0.0001016,1.555E-05
-1,3,0.66,3,1.05104,0.18973,-1_3,1.0514721,0.1893847,,-0.0004321,0.0003453
-1,3,0.68,3,1.05388,0.17413,-1_3,1.05462,0.17353383,,-0.00074,0.00059617
-1,3,0.7,3,1.0561,0.15947,-1_3,1.0571121,0.15871131,,-0.0010121,0.00075869
-1,3,0.72,3,1.05776,0.14573,-1_3,1.0590041,0.14489779,,-0.0012441,0.00083221
-1,3,0.74,3,1.05892,0.13288,-1_3,1.0603502,0.13206469,,-0.0014302,0.00081531
-1,3,0.76,3,1.05965,0.12091,-1_3,1.0612032,0.120176524,,-0.0015532,0.000733476
-1,3,0.78,3,1.05997,0.10978,-1_3,1.0616137,0.10919247,,-0.0016437,0.00058753
-1,3,0.8,3,1.05995,0.09945,-1_3,1.0616301,0.0990679,,-0.0016801,0.0003821
-1,3,0.82,3,1.05962,0.0899,-1_3,1.0612985,0.08975567,,-0.0016785,0.00014433
-1,3,0.84,3,1.05903,0.08109,-1_3,1.060662,0.081207246,,-0.001632,-0.000117246
-1,3,0.86,3,1.05821,0.07298,-1_3,1.0597613,0.07337377,,-0.0015513,-0.00039377
-1,3,0.88,3,1.05719,0.06554,-1_3,1.0586344,0.06620693,,-0.0014444,-0.00066693
-1,3,0.9,3,1.05601,0.05873,-1_3,1.0573161,0.0596591,,-0.0013061,-0.0009291
-1,3,0.92,3,1.05469,0.05251,-1_3,1.0558386,0.05368476,,-0.0011486,-0.00117476
-1,3,0.94,3,1.05325,0.04684,-1_3,1.0542308,0.048240133,,-0.0009808,-0.001400133
-1,3,0.96,3,1.05173,0.0417,-1_3,1.0525202,0.04328357,,-0.0007902,-0.00158357
-1,3,0.98,3,1.05013,0.03703,-1_3,1.0507303,0.038775615,,-0.0006003,-0.001745615
-1,3,1,3,1.04849,0.03282,-1_3,1.048883,0.03467948,,-0.000393,-0.00185948
-1,3,1.02,3,1.0468,0.02902,-1_3,1.0469974,0.030960757,,-0.0001974,-0.001940757
-1,3,1.04,3,1.04509,0.0256,-1_3,1.0450908,0.02758725,,-8E-07,-0.00198725
-1,3,1.06,3,1.04337,0.02254,-1_3,1.0431781,0.024529278,,0.0001919,-0.001989278
-1,3,1.08,3,1.04165,0.01979,-1_3,1.0412724,0.02175928,,0.0003776,-0.00196928
-1,3,1.1,3,1.03994,0.01735,-1_3,1.0393852,0.019252121,,0.0005548,-0.001902121
-1,3,1.12,3,1.03825,0.01517,-1_3,1.0375261,0.016984284,,0.0007239,-0.001814284
-1,3,1.14,3,1.03659,0.01323,-1_3,1.0357034,0.01493451,,0.0008866,-0.00170451
-1,3,1.16,3,1.03495,0.01152,-1_3,1.0339239,0.013083167,,0.0010261,-0.001563167
-1,3,1.18,3,1.03335,0.01,-1_3,1.0321931,0.011412442,,0.0011569,-0.001412442
-1,3,1.2,3,1.03178,0.00867,-1_3,1.0305154,0.009905748,,0.0012646,-0.001235748
-1,3,1.22,3,1.03026,0.0075,-1_3,1.0288947,0.008548364,,0.0013653,-0.001048364
-1,3,1.24,3,1.02879,0.00647,-1_3,1.0273334,0.007326499,,0.0014566,-0.000856499
-1,3,1.26,3,1.02736,0.00557,-1_3,1.0258332,0.006227881,,0.0015268,-0.000657881
-1,3,1.28,3,1.02598,0.00478,-1_3,1.0243955,0.005241066,,0.0015845,-0.000461066
-1,3,1.3,3,1.02465,0.0041,-1_3,1.0230206,0.004355855,,0.0016294,-0.000255855
-1,3,1.32,3,1.02337,0.0035,-1_3,1.0217086,0.003562897,,0.0016614,-6.28974E-05
-1,3,1.34,3,1.02213,0.00299,-1_3,1.020459,0.002853684,,0.001671,0.000136316
-1,3,1.36,3,1.02095,0.00255,-1_3,1.0192711,0.002220497,,0.0016789,0.000329504
-1,3,1.38,3,1.01982,0.00216,-1_3,1.0181435,0.00165619,,0.0016765,0.00050381
-1,3,1.4,3,1.01873,0.00183,-1_3,1.0170751,0.001154505,,0.0016549,0.000675495
-1,3,1.42,3,1.01769,0.00155,-1_3,1.0160639,0.000709608,,0.0016261,0.000840392
-1,3,1.44,3,1.0167,0.00131,-1_3,1.0151083,0.00031618,,0.0015917,0.00099382
-1,3,1.46,3,1.01576,0.0011,-1_3,1.0142063,-3.06E-05,,0.0015537,0.001130562
-1,3,1.48,3,1.01486,0.00093,-1_3,1.0133559,-0.000335008,,0.0015041,0.001265008
-1,3,1.5,3,1.014,0.00078,-1_3,1.0125549,-0.000601009,,0.0014451,0.001381009
-1,3,1.52,3,1.01319,0.00065,-1_3,1.0118011,-0.000832342,,0.0013889,0.001482342
-1,3,1.54,3,1.01241,0.00054,-1_3,1.0110924,-0.001032211,,0.0013176,0.001572211
-1,3,1.56,3,1.01167,0.00045,-1_3,1.0104266,-0.001203552,,0.0012434,0.001653552
-1,3,1.58,3,1.01098,0.00038,-1_3,1.0098015,-0.001349144,,0.0011785,0.001729144
-1,3,1.6,3,1.01031,0.00031,-1_3,1.0092151,-0.001471408,,0.0010949,0.001781408
-1,3,1.62,3,1.00969,0.00026,-1_3,1.0086652,-0.001572661,,0.0010248,0.001832661
-1,3,1.64,3,1.00909,0.00021,-1_3,1.0081496,-0.001654983,,0.0009404,0.001864983
-1,3,1.66,3,1.00853,0.00018,-1_3,1.0076667,-0.001720175,,0.0008633,0.001900175
-1,3,1.68,3,1.008,0.00014,-1_3,1.0072142,-0.00176993,,0.0007858,0.00190993
-1,3,1.7,3,1.0075,0.00012,-1_3,1.0067905,-0.00180576,,0.0007095,0.00192576
-1,3,1.72,3,1.00702,0.0001,-1_3,1.0063938,-0.001829289,,0.0006262,0.001929289
-1,3,1.74,3,1.00657,8.00E-05,-1_3,1.0060223,-0.001841612,,0.0005477,0.001921612
-1,3,1.76,3,1.00615,6.00E-05,-1_3,1.0056746,-0.001843944,,0.0004754,0.001903944
-1,3,1.78,3,1.00575,5.00E-05,-1_3,1.0053489,-0.001837388,,0.0004011,0.001887388
-1,3,1.8,3,1.00538,4.00E-05,-1_3,1.005044,-0.001822949,,0.000336,0.001862949
-1,3,1.82,3,1.00502,4.00E-05,-1_3,1.0047584,-0.001801491,,0.0002616,0.001841491
-1,3,1.84,3,1.00469,3.00E-05,-1_3,1.0044906,-0.001773775,,0.0001994,0.001803775
-1,3,1.86,3,1.00438,2.00E-05,-1_3,1.0042398,-0.001740657,,0.0001402,0.001760657
-1,3,1.88,3,1.00409,2.00E-05,-1_3,1.0040046,-0.001702689,,8.54E-05,0.001722689
-1,3,1.9,3,1.00381,2.00E-05,-1_3,1.0037838,-0.001660645,,2.62E-05,0.001680645
-1,3,1.92,3,1.00355,1.00E-05,-1_3,1.0035766,-0.001614884,,-2.66E-05,0.001624884
-1,3,1.94,3,1.00331,1.00E-05,-1_3,1.0033821,-0.001566067,,-7.21E-05,0.001576067
-1,3,1.96,3,1.00308,1.00E-05,-1_3,1.0031992,-0.001514688,,-0.0001192,0.001524688
-1,3,1.98,3,1.00287,1.00E-05,-1_3,1.0030271,-0.001461059,,-0.0001571,0.001471059
-1,3,2,3,1.00267,1.00E-05,-1_3,1.0028652,-0.001405604,,-0.0001952,0.001415604
-1,3,2.02,3,1.00248,0,-1_3,1.0027126,-0.001348734,,-0.0002326,0.001348734
-1,3,2.04,3,1.00231,0,-1_3,1.0025687,-0.001290679,,-0.0002587,0.001290679
-1,3,2.06,3,1.00214,0,-1_3,1.0024328,-0.001231812,,-0.0002928,0.001231812
-1,3,2.08,3,1.00199,0,-1_3,1.0023046,-0.001172289,,-0.0003146,0.001172289
-1,3,2.1,3,1.00185,0,-1_3,1.0021832,-0.001112454,,-0.0003332,0.001112454
-1,3,2.12,3,1.00171,0,-1_3,1.0020683,-0.001052499,,-0.0003583,0.001052499
-1,3,2.14,3,1.00159,0,-1_3,1.0019593,-0.000992589,,-0.0003693,0.000992589
-1,3,2.16,3,1.00147,0,-1_3,1.0018561,-0.00093288,,-0.0003861,0.00093288
-1,3,2.18,3,1.00136,0,-1_3,1.0017579,-0.000873618,,-0.0003979,0.000873618
-1,3,2.2,3,1.00126,0,-1_3,1.0016646,-0.00081481,,-0.0004046,0.00081481
-1,3,2.22,3,1.00117,0,-1_3,1.0015757,-0.000756688,,-0.0004057,0.000756688
-1,3,2.24,3,1.00108,0,-1_3,1.0014912,-0.000699319,,-0.0004112,0.000699319
-1,3,2.26,3,1.001,0,-1_3,1.0014104,-0.000642866,,-0.0004104,0.000642866
-1,3,2.28,3,1.00092,0,-1_3,1.0013334,-0.000587381,,-0.0004134,0.000587381
-1,3,2.3,3,1.00085,0,-1_3,1.0012597,-0.000532858,,-0.0004097,0.000532858
-1,3,2.32,3,1.00078,0,-1_3,1.0011891,-0.00047946,,-0.0004091,0.00047946
-1,3,2.34,3,1.00072,0,-1_3,1.0011216,-0.000427239,,-0.0004016,0.000427239
-1,3,2.36,3,1.00066,0,-1_3,1.0010568,-0.000376187,,-0.0003968,0.000376187
-1,3,2.38,3,1.00061,0,-1_3,1.0009947,-0.00032638,,-0.0003847,0.00032638
-1,3,2.4,3,1.00056,0,-1_3,1.0009351,-0.000277899,,-0.0003751,0.000277899
-1,3,2.42,3,1.00052,0,-1_3,1.0008777,-0.000230715,,-0.0003577,0.000230715
-1,3,2.44,3,1.00047,0,-1_3,1.0008225,-0.000184849,,-0.0003525,0.000184849
-1,3,2.46,3,1.00044,0,-1_3,1.0007694,-0.000140391,,-0.0003294,0.000140391
-1,3,2.48,3,1.0004,0,-1_3,1.0007182,-9.72E-05,,-0.0003182,9.72375E-05
-1,3,2.5,3,1.00037,0,-1_3,1.0006689,-5.55E-05,,-0.0002989,5.55143E-05
-1,3,2.52,3,1.00034,0,-1_3,1.0006213,-1.51E-05,,-0.0002813,1.51247E-05
-1,3,2.54,3,1.00031,0,-1_3,1.0005754,2.38E-05,,-0.0002654,-2.38195E-05
-1,3,2.56,3,1.00028,0,-1_3,1.0005311,6.14E-05,,-0.0002511,-6.14151E-05
-1,3,2.58,3,1.00026,0,-1_3,1.0004883,9.76E-05,,-0.0002283,-9.76026E-05
-1,3,2.6,3,1.00024,0,-1_3,1.0004469,0.000132471,,-0.0002069,-0.000132471
-1,3,2.62,3,1.00022,0,-1_3,1.000407,0.000165932,,-0.000187,-0.000165932
-1,3,2.64,3,1.0002,0,-1_3,1.0003682,0.000198103,,-0.0001682,-0.000198103
-1,3,2.66,3,1.00019,0,-1_3,1.0003309,0.000228889,,-0.0001409,-0.000228889
-1,3,2.68,3,1.00017,0,-1_3,1.0002947,0.000258371,,-0.0001247,-0.000258371
-1,3,2.7,3,1.00016,0,-1_3,1.0002598,0.000286557,,-9.98E-05,-0.000286557
-1,3,2.72,3,1.00014,0,-1_3,1.0002259,0.000313461,,-8.59E-05,-0.000313461
-1,3,2.74,3,1.00013,0,-1_3,1.0001932,0.000339128,,-6.32E-05,-0.000339128
-1,3,2.76,3,1.00012,0,-1_3,1.0001614,0.000363566,,-4.14E-05,-0.000363566
-1,3,2.78,3,1.00011,0,-1_3,1.0001309,0.000386782,,-2.09E-05,-0.000386782
-1,3,2.8,3,1.0001,0,-1_3,1.0001012,0.000408769,,-1.2E-06,-0.000408769
-1,3,2.82,3,1.00009,0,-1_3,1.0000725,0.000429615,,1.75E-05,-0.000429615
-1,3,2.84,3,1.00008,0,-1_3,1.000045,0.000449322,,3.5E-05,-0.000449322
-1,3,2.86,3,1.00008,0,-1_3,1.0000181,0.000467919,,6.19E-05,-0.000467919
-1,3,2.88,3,1.00007,0,-1_3,0.99999225,0.00048548,,7.775E-05,-0.00048548
-1,3,2.9,3,1.00006,0,-1_3,0.99996734,0.000501975,,9.266E-05,-0.000501975
-1,3,2.92,3,1.00006,0,-1_3,0.99994326,0.000517391,,0.00011674,-0.000517391
-1,3,2.94,3,1.00005,0,-1_3,0.99992,0.00053186,,0.00013,-0.00053186
-1,3,2.96,3,1.00004,0,-1_3,0.9998976,0.000545293,,0.0001424,-0.000545293
-1,3,2.98,3,1.00004,0,-1_3,0.9998761,0.00055784,,0.0001639,-0.00055784
-1,3,3,3,1.00004,0,-1_3,0.9998553,0.000569411,,0.0001847,-0.000569411
-1,3,3.02,3,1.00003,0,-1_3,0.9998354,0.000580147,,0.0001946,-0.000580147
-1,3,3.04,3,1.00003,0,-1_3,0.99981624,0.000590026,,0.00021376,-0.000590026
-1,3,3.06,3,1.00003,0,-1_3,0.9997978,0.000599034,,0.0002322,-0.000599034
-1,3,3.08,3,1.00003,0,-1_3,0.99978024,0.000607237,,0.00024976,-0.000607237
-1,3,3.1,3,1.00002,0,-1_3,0.99976337,0.000614651,,0.00025663,-0.000614651
-1,3,3.12,3,1.00002,0,-1_3,0.99974734,0.000621371,,0.00027266,-0.000621371
-1,3,3.14,3,1.00002,0,-1_3,0.999732,0.000627331,,0.000288,-0.000627331
-1,3,3.16,3,1.00002,0,-1_3,0.9997174,0.000632599,,0.0003026,-0.000632599
-1,3,3.18,3,1.00002,0,-1_3,0.9997035,0.000637233,,0.0003165,-0.000637233
-1,3,3.2,3,1.00002,0,-1_3,0.9996904,0.000641197,,0.0003296,-0.000641197
-1,3,3.22,3,1.00003,0,-1_3,0.999678,0.000644557,,0.000352,-0.000644557
-1,3,3.24,3,1.00003,0,-1_3,0.99966633,0.000647299,,0.00036367,-0.000647299
-1,3,3.26,3,1.00003,0,-1_3,0.9996553,0.000649542,,0.0003747,-0.000649542
-1,3,3.28,3,1.00003,0,-1_3,0.99964505,0.000651173,,0.00038495,-0.000651173
-1,3,3.3,3,1.00003,0,-1_3,0.9996355,0.000652351,,0.0003945,-0.000652351
-1,3,3.32,3,1.00003,0,-1_3,0.99962664,0.000652984,,0.00040336,-0.000652984
-1,3,3.34,3,1.00003,0,-1_3,0.9996185,0.00065323,,0.0004115,-0.00065323
-1,3,3.36,3,1.00002,0,-1_3,0.99961096,0.000652984,,0.00040904,-0.000652984
-1,3,3.38,3,1.00002,0,-1_3,0.9996042,0.000652336,,0.0004158,-0.000652336
-1,3,3.4,3,1.00002,0,-1_3,0.99959815,0.00065133,,0.00042185,-0.00065133
-1,3,3.42,3,1.00002,0,-1_3,0.9995927,0.000649951,,0.0004273,-0.000649951
-1,3,3.44,3,1.00002,0,-1_3,0.999588,0.000648163,,0.000432,-0.000648163
-1,3,3.46,3,1.00002,0,-1_3,0.999584,0.000646114,,0.000436,-0.000646114
-1,3,3.48,3,1.00001,0,-1_3,0.9995807,0.000643745,,0.0004293,-0.000643745
-1,3,3.5,3,1.00001,0,-1_3,0.999578,0.000641063,,0.000432,-0.000641063
-1,3,3.52,3,1.00001,0,-1_3,0.9995761,0.000638217,,0.0004339,-0.000638217
-1,3,3.54,3,1.00001,0,-1_3,0.9995748,0.000635088,,0.0004352,-0.000635088
-1,3,3.56,3,1,0,-1_3,0.9995742,0.000631742,,0.0004258,-0.000631742
-1,3,3.58,3,1,0,-1_3,0.99957424,0.000628226,,0.00042576,-0.000628226
-1,3,3.6,3,1,0,-1_3,0.999575,0.000624537,,0.000425,-0.000624537
-1,3,3.62,3,1,0,-1_3,0.99957645,0.000620611,,0.00042355,-0.000620611
-1,3,3.64,3,1,0,-1_3,0.99957865,0.00061655,,0.00042135,-0.00061655
-1,3,3.66,3,1,0,-1_3,0.99958146,0.000612468,,0.00041854,-0.000612468
-1,3,3.68,3,1,0,-1_3,0.999585,0.000608243,,0.000415,-0.000608243
-1,3,3.7,3,0.99999,0,-1_3,0.9995892,0.000603907,,0.0004008,-0.000603907
-1,3,3.72,3,0.99999,0,-1_3,0.9995941,0.000599533,,0.0003959,-0.000599533
-1,3,3.74,3,0.99999,0,-1_3,0.9995997,0.000595093,,0.0003903,-0.000595093
-1,3,3.76,3,0.99999,0,-1_3,0.99960595,0.000590608,,0.00038405,-0.000590608
-1,3,3.78,3,0.99999,0,-1_3,0.99961287,0.000586152,,0.00037713,-0.000586152
-1,3,3.8,3,0.99999,0,-1_3,0.9996206,0.000581682,,0.0003694,-0.000581682
-1,3,3.82,3,0.99999,0,-1_3,0.99962896,0.000577234,,0.00036104,-0.000577234
-1,3,3.84,3,0.99999,0,-1_3,0.9996381,0.000572793,,0.0003519,-0.000572793
-1,3,3.86,3,0.99999,0,-1_3,0.99964786,0.000568375,,0.00034214,-0.000568375
-1,3,3.88,3,0.99999,0,-1_3,0.9996583,0.000564069,,0.0003317,-0.000564069
-1,3,3.9,3,0.99999,0,-1_3,0.99966943,0.000559792,,0.00032057,-0.000559792
-1,3,3.92,3,0.99998,0,-1_3,0.99968135,0.000555605,,0.00029865,-0.000555605
-1,3,3.94,3,0.99998,0,-1_3,0.99969393,0.000551567,,0.00028607,-0.000551567
-1,3,3.96,3,0.99998,0,-1_3,0.9997072,0.000547573,,0.0002728,-0.000547573
-1,3,3.98,3,0.99998,0,-1_3,0.9997213,0.000543751,,0.0002587,-0.000543751
-1,3,4,3,0.99998,0,-1_3,0.999736,0.000540055,,0.000244,-0.000540055
-1,3,4.02,3,0.99998,0,-1_3,0.99975145,0.000536516,,0.00022855,-0.000536516
-1,3,4.04,3,0.99998,0,-1_3,0.99976766,0.000533119,,0.00021234,-0.000533119
-1,3,4.06,3,0.99998,0,-1_3,0.9997845,0.000529893,,0.0001955,-0.000529893
-1,3,4.08,3,0.99999,0,-1_3,0.9998022,0.000526875,,0.0001878,-0.000526875
-1,3,4.1,3,0.99999,0,-1_3,0.9998205,0.000524044,,0.0001695,-0.000524044
-1,3,4.12,3,0.99999,0,-1_3,0.9998396,0.000521399,,0.0001504,-0.000521399
-1,3,4.14,3,0.99999,0,-1_3,0.99985945,0.000518993,,0.00013055,-0.000518993
-1,3,4.16,3,0.99999,0,-1_3,0.99987996,0.000516847,,0.00011004,-0.000516847
-1,3,4.18,3,0.99999,0,-1_3,0.99990124,0.000514902,,8.876E-05,-0.000514902
-1,3,4.2,3,0.99999,0,-1_3,0.99992335,0.000513189,,6.665E-05,-0.000513189
-1,3,4.22,3,0.99999,0,-1_3,0.9999461,0.000511743,,4.39E-05,-0.000511743
-1,3,4.24,3,0.99999,0,-1_3,0.99996966,0.000510588,,2.034E-05,-0.000510588
-1,3,4.26,3,0.99999,0,-1_3,0.999994,0.000509672,,-4E-06,-0.000509672
-1,3,4.28,3,0.99999,0,-1_3,1.000019,0.000509031,,-2.9E-05,-0.000509031
-1,3,4.3,3,1,0,-1_3,1.0000448,0.000508726,,-4.48E-05,-0.000508726
-1,3,4.32,3,1,0,-1_3,1.0000714,0.000508666,,-7.14E-05,-0.000508666
-1,3,4.34,3,1,0,-1_3,1.0000987,0.000508882,,-9.87E-05,-0.000508882
-1,3,4.36,3,1,0,-1_3,1.0001268,0.000509493,,-0.0001268,-0.000509493
-1,3,4.38001,3,1,0,-1_3,1.0001557,0.000510372,,-0.0001557,-0.000510372
-1,3,4.40001,3,1,0,-1_3,1.0001854,0.000511564,,-0.0001854,-0.000511564
-1,3,4.42001,3,1,0,-1_3,1.0002159,0.000513099,,-0.0002159,-0.000513099
-1,3,4.44001,3,1,0,-1_3,1.000247,0.000514977,,-0.000247,-0.000514977
-1,3,4.46001,3,1,0,-1_3,1.0002791,0.000517175,,-0.0002791,-0.000517175
-1,3,4.48001,3,1,0,-1_3,1.0003117,0.000519745,,-0.0003117,-0.000519745
-1,3,4.50001,3,1,0,-1_3,1.0003453,0.000522718,,-0.0003453,-0.000522718
-1,3,4.52001,3,1,0,-1_3,1.0003798,0.000526004,,-0.0003798,-0.000526004
-1,3,4.54001,3,1,0,-1_3,1.000415,0.000529639,,-0.000415,-0.000529639
-1,3,4.56001,3,1,0,-1_3,1.000451,0.000533648,,-0.000451,-0.000533648
-1,3,4.58001,3,1,0,-1_3,1.0004877,0.000538074,,-0.0004877,-0.000538074
-1,3,4.60001,3,1,0,-1_3,1.0005254,0.000542842,,-0.0005254,-0.000542842
-1,3,4.62001,3,1,0,-1_3,1.0005637,0.000548035,,-0.0005637,-0.000548035
-1,3,4.64001,3,1,0,-1_3,1.000603,0.000553601,,-0.000603,-0.000553601
-1,3,4.66001,3,1,0,-1_3,1.000643,0.000559576,,-0.000643,-0.000559576
-1,3,4.68001,3,1,0,-1_3,1.0006839,0.000565939,,-0.0006839,-0.000565939
-1,3,4.70001,3,1,0,-1_3,1.0007256,0.000572711,,-0.0007256,-0.000572711
-1,3,4.72001,3,1,0,-1_3,1.0007682,0.000579864,,-0.0007682,-0.000579864
-1,3,4.74001,3,1,0,-1_3,1.0008116,0.000587478,,-0.0008116,-0.000587478
-1,3,4.76001,3,1,0,-1_3,1.0008558,0.000595458,,-0.0008558,-0.000595458
-1,3,4.78001,3,1,0,-1_3,1.000901,0.000603855,,-0.000901,-0.000603855
-1,3,4.80001,3,1,0,-1_3,1.0009469,0.000612728,,-0.0009469,-0.000612728
-1,3,4.82002,3,1,0,-1_3,1.0009936,0.000622004,,-0.0009936,-0.000622004
-1,3,4.84002,3,1,0,-1_3,1.0010414,0.00063172,,-0.0010414,-0.00063172
-1,3,4.86002,3,1,0,-1_3,1.0010899,0.000641853,,-0.0010899,-0.000641853
-1,3,4.88002,3,1,0,-1_3,1.0011394,0.00065244,,-0.0011394,-0.00065244
-1,3,4.90002,3,1,0,-1_3,1.0011897,0.000663444,,-0.0011897,-0.000663444
-1,3,4.92002,3,1,0,-1_3,1.0012408,0.000674926,,-0.0012408,-0.000674926
-1,3,4.94002,3,1,0,-1_3,1.001293,0.000686847,,-0.001293,-0.000686847
-1,3,4.96002,3,1,0,-1_3,1.0013459,0.00069923,,-0.0013459,-0.00069923
-1,3,4.98002,3,1,0,-1_3,1.0013998,0.000712074,,-0.0013998,-0.000712074
-1,3,5.00002,3,1,0,-1_3,1.0014546,0.000725344,,-0.0014546,-0.000725344
0,0,0,4,0.0949,1,0_0,0.09098691,0.9992962,,0.00391309,0.0007038
0,0,0.02,4,0.12394,0.99501,0_0,0.14081103,0.9951457,,-0.01687103,-0.0001357
0,0,0.04,4,0.24036,0.9852,0_0,0.23761213,0.9858892,,0.00274787,-0.0006892
0,0,0.06,4,0.34933,0.97037,0_0,0.34442782,0.97299516,,0.00490218,-0.00262516
0,0,0.08,4,0.45097,0.95117,0_0,0.4465148,0.9555228,,0.0044552,-0.0043528
0,0,0.1,4,0.54541,0.92822,0_0,0.54185206,0.93358696,,0.00355794,-0.00536696
0,0,0.12,4,0.63285,0.90208,0_0,0.6308235,0.9078611,,0.0020265,-0.0057811
0,0,0.14,4,0.71349,0.87328,0_0,0.7135036,0.8789942,,-1.36E-05,-0.0057142
0,0,0.16,4,0.78755,0.84231,0_0,0.7896659,0.8475729,,-0.0021159,-0.0052629
0,0,0.18,4,0.85528,0.80963,0_0,0.8591149,0.8141546,,-0.0038349,-0.0045246
0,0,0.2,4,0.91694,0.77564,0_0,0.9218409,0.77927387,,-0.0049009,-0.00363387
0,0,0.22,4,0.97279,0.74072,0_0,0.9780415,0.7434213,,-0.0052515,-0.0027013
0,0,0.24,4,1.02312,0.70522,0_0,1.0280676,0.70703256,,-0.0049476,-0.00181256
0,0,0.26,4,1.06821,0.66944,0_0,1.072354,0.6704767,,-0.004144,-0.0010367
0,0,0.28,4,1.10836,0.63366,0_0,1.1113688,0.63405704,,-0.0030088,-0.00039704
0,0,0.3,4,1.14384,0.59813,0_0,1.1455663,0.5980178,,-0.0017263,0.0001122
0,0,0.32,4,1.17495,0.56306,0_0,1.1753758,0.5625552,,-0.0004258,0.0005048
0,0,0.34,4,1.20198,0.52863,0_0,1.201189,0.52783084,,0.000791,0.00079916
0,0,0.36,4,1.22521,0.49503,0_0,1.2233596,0.49398005,,0.0018504,0.00104995
0,0,0.38,4,1.2449,0.46237,0_0,1.2422069,0.46112248,,0.0026931,0.00124752
0,0,0.4,4,1.26134,0.43079,0_0,1.2580177,0.4293608,,0.0033223,0.0014292
0,0,0.42,4,1.27477,0.40036,0_0,1.2710506,0.3987883,,0.0037194,0.0015717
0,0,0.44,4,1.28546,0.37118,0_0,1.2815428,0.36948225,,0.0039172,0.00169775
0,0,0.46,4,1.29363,0.34329,0_0,1.2897109,0.34150678,,0.0039191,0.00178322
0,0,0.48,4,1.29952,0.31674,0_0,1.2957556,0.31491035,,0.0037644,0.00182965
0,0,0.5,4,1.30336,0.29155,0_0,1.2998651,0.28972554,,0.0034949,0.00182446
0,0,0.52,4,1.30533,0.26773,0_0,1.3022144,0.26596826,,0.0031156,0.00176174
0,0,0.54,4,1.30565,0.24528,0_0,1.302972,0.24364008,,0.002678,0.00163992
0,0,0.56,4,1.30449,0.2242,0_0,1.3022952,0.22272733,,0.0021948,0.00147267
0,0,0.58,4,1.30204,0.20446,0_0,1.3003337,0.2032041,,0.0017063,0.0012559
0,0,0.6,4,1.29843,0.18603,0_0,1.2972298,0.18503404,,0.0012002,0.00099596
0,0,0.62,4,1.29384,0.16888,0_0,1.2931167,0.1681712,,0.0007233,0.0007088
0,0,0.64,4,1.28839,0.15297,0_0,1.2881217,0.15256341,,0.0002683,0.00040659
0,0,0.66,4,1.28221,0.13824,0_0,1.2823629,0.1381525,,-0.0001529,8.75E-05
0,0,0.68,4,1.27542,0.12466,0_0,1.2759509,0.12487763,,-0.0005309,-0.00021763
0,0,0.7,4,1.26813,0.11216,0_0,1.2689891,0.1126748,,-0.0008591,-0.0005148
0,0,0.72,4,1.26043,0.10069,0_0,1.2615728,0.10148018,,-0.0011428,-0.00079018
0,0,0.74,4,1.25241,0.0902,0_0,1.2537895,0.09122915,,-0.0013795,-0.00102915
0,0,0.76,4,1.24415,0.08063,0_0,1.2457203,0.0818585,,-0.0015703,-0.0012285
0,0,0.78,4,1.23573,0.07192,0_0,1.2374381,0.07330697,,-0.0017081,-0.00138697
0,0,0.8,4,1.2272,0.06401,0_0,1.229009,0.06551471,,-0.001809,-0.00150471
0,0,0.82,4,1.21862,0.05685,0_0,1.2204931,0.05842497,,-0.0018731,-0.00157497
0,0,0.84,4,1.21005,0.05039,0_0,1.2119439,0.051983364,,-0.0018939,-0.001593364
0,0,0.86,4,1.20152,0.04457,0_0,1.2034087,0.046138708,,-0.0018887,-0.001568708
0,0,0.88,4,1.19307,0.03934,0_0,1.1949303,0.04084275,,-0.0018603,-0.00150275
0,0,0.9,4,1.18474,0.03465,0_0,1.1865444,0.036050085,,-0.0018044,-0.001400085
0,0,0.92,4,1.17656,0.03046,0_0,1.1782839,0.03171852,,-0.0017239,-0.00125852
0,0,0.94,4,1.16854,0.02672,0_0,1.1701756,0.027808681,,-0.0016356,-0.001088681
0,0,0.96,4,1.16071,0.0234,0_0,1.1622429,0.02428417,,-0.0015329,-0.00088417
0,0,0.98,4,1.15309,0.02045,0_0,1.1545055,0.021110922,,-0.0014155,-0.000660922
0,0,1,4,1.14568,0.01784,0_0,1.146979,0.01825782,,-0.001299,-0.00041782
0,0,1.02,4,1.1385,0.01553,0_0,1.1396766,0.01569619,,-0.0011766,-0.00016619
0,0,1.04,4,1.13156,0.01349,0_0,1.1326078,0.013399459,,-0.0010478,9.0541E-05
0,0,1.06,4,1.12485,0.01171,0_0,1.1257807,0.011343338,,-0.0009307,0.000366662
0,0,1.08,4,1.11839,0.01014,0_0,1.1191998,0.009505615,,-0.0008098,0.000634385
0,0,1.1,4,1.11217,0.00876,0_0,1.1128683,0.007865861,,-0.0006983,0.000894139
0,0,1.12,4,1.1062,0.00756,0_0,1.1067874,0.006405436,,-0.0005874,0.001154565
0,0,1.14,4,1.10047,0.00651,0_0,1.1009572,0.005107366,,-0.0004872,0.001402635
0,0,1.16,4,1.09498,0.0056,0_0,1.0953755,0.003956109,,-0.0003955,0.001643891
0,0,1.18,4,1.08973,0.00481,0_0,1.0900397,0.0029376,,-0.0003097,0.0018724
0,0,1.2,4,1.08471,0.00412,0_0,1.0849457,0.002038807,,-0.0002357,0.002081193
0,0,1.22,4,1.07992,0.00353,0_0,1.0800887,0.001248241,,-0.0001687,0.00228176
0,0,1.24,4,1.07535,0.00302,0_0,1.0754635,0.000555143,,-0.0001135,0.002464857
0,0,1.26,4,1.071,0.00258,0_0,1.0710638,-5.01E-05,,-6.38E-05,0.002630068
0,0,1.28,4,1.06686,0.0022,0_0,1.0668832,-0.000576206,,-2.32E-05,0.002776206
0,0,1.3,4,1.06292,0.00187,0_0,1.0629147,-0.001031138,,5.3E-06,0.002901138
0,0,1.32,4,1.05918,0.00159,0_0,1.0591512,-0.001422085,,2.88E-05,0.003012085
0,0,1.34,4,1.05563,0.00135,0_0,1.0555853,-0.00175567,,4.47E-05,0.00310567
0,0,1.36,4,1.05227,0.00115,0_0,1.0522095,-0.00203757,,6.05E-05,0.00318757
0,0,1.38,4,1.04908,0.00097,0_0,1.0490164,-0.002273321,,6.36E-05,0.003243321
0,0,1.4,4,1.04606,0.00082,0_0,1.0459983,-0.002467647,,6.17E-05,0.003287647
0,0,1.42,4,1.0432,0.0007,0_0,1.0431479,-0.002624914,,5.21E-05,0.003324914
0,0,1.44,4,1.0405,0.00059,0_0,1.0404577,-0.002749182,,4.23E-05,0.003339182
0,0,1.46,4,1.03795,0.0005,0_0,1.0379205,-0.002843894,,2.95E-05,0.003343894
0,0,1.48,4,1.03554,0.00042,0_0,1.0355289,-0.002912357,,1.11E-05,0.003332357
0,0,1.5,4,1.03326,0.00035,0_0,1.0332762,-0.002957493,,-1.62E-05,0.003307493
0,0,1.52,4,1.03112,0.0003,0_0,1.0311553,-0.002981871,,-3.53E-05,0.003281871
0,0,1.54,4,1.02909,0.00025,0_0,1.02916,-0.002987862,,-7E-05,0.003237862
0,0,1.56,4,1.02719,0.00021,0_0,1.0272837,-0.002977707,,-9.37E-05,0.003187707
0,0,1.58,4,1.0254,0.00018,0_0,1.0255201,-0.002953291,,-0.0001201,0.003133291
0,0,1.6,4,1.02371,0.00015,0_0,1.0238634,-0.002916344,,-0.0001534,0.003066344
0,0,1.62,4,1.02213,0.00013,0_0,1.022308,-0.002868429,,-0.000178,0.002998429
0,0,1.64,4,1.02064,0.00011,0_0,1.0208483,-0.002811059,,-0.0002083,0.002921059
0,0,1.66,4,1.01924,9.00E-05,0_0,1.0194789,-0.002745435,,-0.0002389,0.002835435
0,0,1.68,4,1.01792,8.00E-05,0_0,1.018195,-0.002672769,,-0.000275,0.002752769
0,0,1.7,4,1.01669,6.00E-05,0_0,1.0169916,-0.002594061,,-0.0003016,0.002654061
0,0,1.72,4,1.01554,5.00E-05,0_0,1.0158641,-0.002510317,,-0.0003241,0.002560317
0,0,1.74,4,1.01445,4.00E-05,0_0,1.0148083,-0.002422296,,-0.0003583,0.002462296
0,0,1.76,4,1.01344,4.00E-05,0_0,1.0138199,-0.00233081,,-0.0003799,0.00237081
0,0,1.78,4,1.01249,3.00E-05,0_0,1.0128951,-0.0022365,,-0.0004051,0.0022665
0,0,1.8,4,1.01161,3.00E-05,0_0,1.0120299,-0.002140082,,-0.0004199,0.002170082
0,0,1.82,4,1.01078,2.00E-05,0_0,1.0112208,-0.002042025,,-0.0004408,0.002062025
0,0,1.84,4,1.01,2.00E-05,0_0,1.0104644,-0.001942828,,-0.0004644,0.001962828
0,0,1.86,4,1.00928,2.00E-05,0_0,1.0097576,-0.001842968,,-0.0004776,0.001862968
0,0,1.88,4,1.0086,1.00E-05,0_0,1.0090973,-0.001742758,,-0.0004973,0.001752758
0,0,1.9,4,1.00797,1.00E-05,0_0,1.0084807,-0.001642704,,-0.0005107,0.001652704
0,0,1.92,4,1.00738,1.00E-05,0_0,1.0079049,-0.001542985,,-0.0005249,0.001552985
0,0,1.94,4,1.00683,1.00E-05,0_0,1.0073675,-0.00144396,,-0.0005375,0.00145396
0,0,1.96,4,1.00632,1.00E-05,0_0,1.006866,-0.001345836,,-0.000546,0.001355836
0,0,1.98,4,1.00584,1.00E-05,0_0,1.0063981,-0.001248822,,-0.0005581,0.001258822
0,0,2,4,1.0054,0,0_0,1.0059617,-0.001153164,,-0.0005617,0.001153164
0,0,2.02,4,1.00499,0,0_0,1.0055547,-0.001058936,,-0.0005647,0.001058936
0,0,2.04,4,1.00461,0,0_0,1.0051754,-0.00096643,,-0.0005654,0.00096643
0,0,2.06,4,1.00425,0,0_0,1.0048217,-0.000875719,,-0.0005717,0.000875719
0,0,2.08,4,1.00392,0,0_0,1.004492,-0.000786856,,-0.000572,0.000786856
0,0,2.1,4,1.00361,0,0_0,1.0041848,-0.000700012,,-0.0005748,0.000700012
0,0,2.12,4,1.00333,0,0_0,1.0038989,-0.000615284,,-0.0005689,0.000615284
0,0,2.14,4,1.00306,0,0_0,1.0036323,-0.000532627,,-0.0005723,0.000532627
0,0,2.16,4,1.00282,0,0_0,1.0033839,-0.000452191,,-0.0005639,0.000452191
0,0,2.18,4,1.00259,0,0_0,1.0031527,-0.000374086,,-0.0005627,0.000374086
0,0,2.2,4,1.00238,0,0_0,1.0029373,-0.00029815,,-0.0005573,0.00029815
0,0,2.22,4,1.00219,0,0_0,1.0027368,-0.000224635,,-0.0005468,0.000224635
0,0,2.24,4,1.00201,0,0_0,1.00255,-0.000153415,,-0.00054,0.000153415
0,0,2.26,4,1.00185,0,0_0,1.0023761,-8.45E-05,,-0.0005261,8.45343E-05
0,0,2.28,4,1.00169,0,0_0,1.0022141,-1.81E-05,,-0.0005241,1.80751E-05
0,0,2.3,4,1.00155,0,0_0,1.0020633,4.61E-05,,-0.0005133,-4.60744E-05
0,0,2.32,4,1.00142,0,0_0,1.0019227,0.000107862,,-0.0005027,-0.000107862
0,0,2.34,4,1.00131,0,0_0,1.0017918,0.000167258,,-0.0004818,-0.000167258
0,0,2.36,4,1.0012,0,0_0,1.0016698,0.000224367,,-0.0004698,-0.000224367
0,0,2.38,4,1.00109,0,0_0,1.001556,0.000279091,,-0.000466,-0.000279091
0,0,2.4,4,1.001,0,0_0,1.0014502,0.000331543,,-0.0004502,-0.000331543
0,0,2.42,4,1.00092,0,0_0,1.0013514,0.000381686,,-0.0004314,-0.000381686
0,0,2.44,4,1.00084,0,0_0,1.0012591,0.000429519,,-0.0004191,-0.000429519
0,0,2.46,4,1.00076,0,0_0,1.0011731,0.000475183,,-0.0004131,-0.000475183
0,0,2.48,4,1.0007,0,0_0,1.0010928,0.000518627,,-0.0003928,-0.000518627
0,0,2.5,4,1.00064,0,0_0,1.0010178,0.000559844,,-0.0003778,-0.000559844
0,0,2.52,4,1.00058,0,0_0,1.0009476,0.000598975,,-0.0003676,-0.000598975
0,0,2.54,4,1.00053,0,0_0,1.000882,0.000635944,,-0.000352,-0.000635944
0,0,2.56,4,1.00048,0,0_0,1.0008206,0.000670865,,-0.0003406,-0.000670865
0,0,2.58,4,1.00044,0,0_0,1.0007632,0.000703745,,-0.0003232,-0.000703745
0,0,2.6,4,1.0004,0,0_0,1.0007092,0.000734642,,-0.0003092,-0.000734642
0,0,2.62,4,1.00036,0,0_0,1.0006585,0.000763506,,-0.0002985,-0.000763506
0,0,2.64,4,1.00033,0,0_0,1.000611,0.000790425,,-0.000281,-0.000790425
0,0,2.66,4,1.0003,0,0_0,1.0005662,0.000815496,,-0.0002662,-0.000815496
0,0,2.68,4,1.00027,0,0_0,1.000524,0.00083866,,-0.000254,-0.00083866
0,0,2.7,4,1.00024,0,0_0,1.0004843,0.000860103,,-0.0002443,-0.000860103
0,0,2.72,4,1.00022,0,0_0,1.0004468,0.000879675,,-0.0002268,-0.000879675
0,0,2.74,4,1.00019,0,0_0,1.0004113,0.000897504,,-0.0002213,-0.000897504
0,0,2.76,4,1.00017,0,0_0,1.0003777,0.000913717,,-0.0002077,-0.000913717
0,0,2.78,4,1.00016,0,0_0,1.0003457,0.00092826,,-0.0001857,-0.00092826
0,0,2.8,4,1.00014,0,0_0,1.0003154,0.000941105,,-0.0001754,-0.000941105
0,0,2.82,4,1.00013,0,0_0,1.0002866,0.0009524,,-0.0001566,-0.0009524
0,0,2.84,4,1.00011,0,0_0,1.0002589,0.000962153,,-0.0001489,-0.000962153
0,0,2.86,4,1.0001,0,0_0,1.0002327,0.000970393,,-0.0001327,-0.000970393
0,0,2.88,4,1.00009,0,0_0,1.0002074,0.000977166,,-0.0001174,-0.000977166
0,0,2.9,4,1.00008,0,0_0,1.0001832,0.000982516,,-0.0001032,-0.000982516
0,0,2.92,4,1.00007,0,0_0,1.00016,0.000986472,,-9E-05,-0.000986472
0,0,2.94,4,1.00007,0,0_0,1.0001376,0.000989057,,-6.76E-05,-0.000989057
0,0,2.96,4,1.00006,0,0_0,1.000116,0.000990331,,-5.6E-05,-0.000990331
0,0,2.98,4,1.00005,0,0_0,1.000095,0.000990301,,-4.5E-05,-0.000990301
0,0,3,4,1.00005,0,0_0,1.0000749,0.000989057,,-2.49E-05,-0.000989057
0,0,3.02,4,1.00004,0,0_0,1.0000552,0.000986561,,-1.52E-05,-0.000986561
0,0,3.04,4,1.00003,0,0_0,1.000036,0.00098291,,-6E-06,-0.00098291
0,0,3.06,4,1.00003,0,0_0,1.0000174,0.000978097,,1.26E-05,-0.000978097
0,0,3.08,4,1.00003,0,0_0,0.9999993,0.000972204,,3.07E-05,-0.000972204
0,0,3.1,4,1.00002,0,0_0,0.9999815,0.000965267,,3.85E-05,-0.000965267
0,0,3.12,4,1.00002,0,0_0,0.9999641,0.000957251,,5.59E-05,-0.000957251
0,0,3.14,4,1.00001,0,0_0,0.99994713,0.000948206,,6.287E-05,-0.000948206
0,0,3.16,4,1.00001,0,0_0,0.9999304,0.000938237,,7.96E-05,-0.000938237
0,0,3.18,4,1.00001,0,0_0,0.999914,0.000927262,,9.6E-05,-0.000927262
0,0,3.2,4,1.00001,0,0_0,0.9998979,0.000915423,,0.0001121,-0.000915423
0,0,3.22,4,1.00001,0,0_0,0.999882,0.00090269,,0.000128,-0.00090269
0,0,3.24,4,1.00001,0,0_0,0.9998663,0.000889115,,0.0001437,-0.000889115
0,0,3.26,4,1,0,0_0,0.9998508,0.000874706,,0.0001492,-0.000874706
0,0,3.28,4,1.00001,0,0_0,0.99983555,0.000859506,,0.00017445,-0.000859506
0,0,3.3,4,1.00001,0,0_0,0.9998204,0.00084351,,0.0001896,-0.00084351
0,0,3.32,4,1.00001,0,0_0,0.99980557,0.000826836,,0.00020443,-0.000826836
0,0,3.34,4,1.00001,0,0_0,0.99979085,0.000809439,,0.00021915,-0.000809439
0,0,3.36,4,1.00001,0,0_0,0.99977624,0.000791393,,0.00023376,-0.000791393
0,0,3.38,4,1,0,0_0,0.9997618,0.000772648,,0.0002382,-0.000772648
0,0,3.4,4,1,0,0_0,0.9997476,0.000753306,,0.0002524,-0.000753306
0,0,3.42,4,1,0,0_0,0.99973345,0.000733368,,0.00026655,-0.000733368
0,0,3.44,4,1,0,0_0,0.99971956,0.000712857,,0.00028044,-0.000712857
0,0,3.46,4,1,0,0_0,0.9997057,0.000691809,,0.0002943,-0.000691809
0,0,3.48,4,1,0,0_0,0.9996921,0.000670187,,0.0003079,-0.000670187
0,0,3.5,4,1,0,0_0,0.99967855,0.000648178,,0.00032145,-0.000648178
0,0,3.52,4,1,0,0_0,0.99966526,0.000625595,,0.00033474,-0.000625595
0,0,3.54,4,1,0,0_0,0.9996521,0.000602566,,0.0003479,-0.000602566
0,0,3.56,4,1,0,0_0,0.99963903,0.000579186,,0.00036097,-0.000579186
0,0,3.58,4,1,0,0_0,0.9996262,0.000555337,,0.0003738,-0.000555337
0,0,3.6,4,1,0,0_0,0.9996135,0.000531152,,0.0003865,-0.000531152
0,0,3.62,4,1,0,0_0,0.99960107,0.00050658,,0.00039893,-0.00050658
0,0,3.64,4,1,0,0_0,0.9995887,0.000481688,,0.0004113,-0.000481688
0,0,3.66,4,1,0,0_0,0.9995766,0.00045646,,0.0004234,-0.00045646
0,0,3.68,4,1,0,0_0,0.99956477,0.000430942,,0.00043523,-0.000430942
0,0,3.7,4,1,0,0_0,0.999553,0.000405148,,0.000447,-0.000405148
0,0,3.72,4,1,0,0_0,0.9995416,0.000379115,,0.0004584,-0.000379115
0,0,3.74,4,1,0,0_0,0.9995303,0.000352867,,0.0004697,-0.000352867
0,0,3.76,4,1,0,0_0,0.9995193,0.000326365,,0.0004807,-0.000326365
0,0,3.78,4,1,0,0_0,0.99950856,0.000299722,,0.00049144,-0.000299722
0,0,3.8,4,1,0,0_0,0.999498,0.000272863,,0.000502,-0.000272863
0,0,3.82,4,1,0,0_0,0.9994878,0.000245824,,0.0005122,-0.000245824
0,0,3.84,4,1,0,0_0,0.99947786,0.000218652,,0.00052214,-0.000218652
0,0,3.86,4,1,0,0_0,0.99946815,0.000191428,,0.00053185,-0.000191428
0,0,3.88,4,1,0,0_0,0.9994588,0.00016401,,0.0005412,-0.00016401
0,0,3.9,4,1,0,0_0,0.99944973,0.000136562,,0.00055027,-0.000136562
0,0,3.92,4,1,0,0_0,0.99944097,0.000108957,,0.00055903,-0.000108957
0,0,3.94,4,1,0,0_0,0.9994325,8.14E-05,,0.0005675,-8.13752E-05
0,0,3.96,4,1,0,0_0,0.99942446,5.37E-05,,0.00057554,-5.37485E-05
0,0,3.98,4,1,0,0_0,0.9994167,2.60E-05,,0.0005833,-2.60472E-05
0,0,4,4,1,0,0_0,0.9994093,-1.65E-06,,0.0005907,1.65403E-06
0,0,4.02,4,1,0,0_0,0.9994024,-2.93E-05,,0.0005976,2.9318E-05
0,0,4.04,4,0.99999,0,0_0,0.9993957,-5.70E-05,,0.0005943,5.6982E-05
0,0,4.06,4,0.99999,0,0_0,0.99938947,-8.46E-05,,0.00060053,8.45864E-05
0,0,4.08,4,0.99999,0,0_0,0.9993836,-0.000112161,,0.0006064,0.000112161
0,0,4.1,4,0.99999,0,0_0,0.9993782,-0.000139609,,0.0006118,0.000139609
0,0,4.12,4,0.99999,0,0_0,0.9993732,-0.000167109,,0.0006168,0.000167109
0,0,4.14,4,0.99999,0,0_0,0.99936867,-0.000194445,,0.00062133,0.000194445
0,0,4.16,4,0.99999,0,0_0,0.99936455,-0.00022167,,0.00062545,0.00022167
0,0,4.18,4,0.99999,0,0_0,0.9993609,-0.00024879,,0.0006291,0.00024879
0,0,4.2,4,0.99999,0,0_0,0.9993577,-0.000275798,,0.0006323,0.000275798
0,0,4.22,4,0.99999,0,0_0,0.99935496,-0.000302687,,0.00063504,0.000302687
0,0,4.24,4,0.99999,0,0_0,0.99935275,-0.000329375,,0.00063725,0.000329375
0,0,4.26,4,0.99999,0,0_0,0.99935097,-0.000355907,,0.00063903,0.000355907
0,0,4.28,4,0.99999,0,0_0,0.9993497,-0.000382297,,0.0006403,0.000382297
0,0,4.3,4,0.99999,0,0_0,0.99934894,-0.000408463,,0.00064106,0.000408463
0,0,4.32,4,0.99999,0,0_0,0.99934876,-0.000434391,,0.00064124,0.000434391
0,0,4.34,4,0.99999,0,0_0,0.9993491,-0.000460185,,0.0006409,0.000460185
0,0,4.36,4,0.99999,0,0_0,0.99934995,-0.000485756,,0.00064005,0.000485756
0,0,4.38001,4,0.99999,0,0_0,0.9993514,-0.000511117,,0.0006386,0.000511117
0,0,4.40001,4,0.99999,0,0_0,0.99935335,-0.000536203,,0.00063665,0.000536203
0,0,4.42001,4,0.99999,0,0_0,0.99935585,-0.000560962,,0.00063415,0.000560962
0,0,4.44001,4,0.99999,0,0_0,0.999359,-0.000585593,,0.000631,0.000585593
0,0,4.46001,4,0.99998,0,0_0,0.9993627,-0.000609867,,0.0006173,0.000609867
0,0,4.48001,4,0.99998,0,0_0,0.99936694,-0.000633858,,0.00061306,0.000633858
0,0,4.50001,4,0.99998,0,0_0,0.9993718,-0.000657626,,0.0006082,0.000657626
0,0,4.52001,4,0.99998,0,0_0,0.9993773,-0.000681065,,0.0006027,0.000681065
0,0,4.54001,4,0.99998,0,0_0,0.99938333,-0.000704147,,0.00059667,0.000704147
0,0,4.56001,4,0.99998,0,0_0,0.9993901,-0.000726953,,0.0005899,0.000726953
0,0,4.58001,4,0.99998,0,0_0,0.99939746,-0.000749439,,0.00058254,0.000749439
0,0,4.60001,4,0.99998,0,0_0,0.9994054,-0.000771575,,0.0005746,0.000771575
0,0,4.62001,4,0.99999,0,0_0,0.999414,-0.00079336,,0.000576,0.00079336
0,0,4.64001,4,0.99999,0,0_0,0.99942327,-0.00081481,,0.00056673,0.00081481
0,0,4.66001,4,0.99999,0,0_0,0.99943316,-0.000835918,,0.00055684,0.000835918
0,0,4.68001,4,0.99999,0,0_0,0.9994437,-0.000856616,,0.0005463,0.000856616
0,0,4.70001,4,0.99999,0,0_0,0.999455,-0.000876948,,0.000535,0.000876948
0,0,4.72001,4,0.99999,0,0_0,0.9994669,-0.000896901,,0.0005231,0.000896901
0,0,4.74001,4,0.99999,0,0_0,0.9994794,-0.000916488,,0.0005106,0.000916488
0,0,4.76001,4,0.99999,0,0_0,0.9994927,-0.000935644,,0.0004973,0.000935644
0,0,4.78001,4,0.99999,0,0_0,0.9995067,-0.000954375,,0.0004833,0.000954375
0,0,4.80001,4,1,0,0_0,0.9995213,-0.000972651,,0.0004787,0.000972651
0,0,4.82002,4,1,0,0_0,0.99953663,-0.000990614,,0.00046337,0.000990614
0,0,4.84002,4,1,0,0_0,0.99955267,-0.001008101,,0.00044733,0.001008101
0,0,4.86002,4,1,0,0_0,0.9995694,-0.001025125,,0.0004306,0.001025125
0,0,4.88002,4,1,0,0_0,0.9995869,-0.001041733,,0.0004131,0.001041733
0,0,4.90002,4,1,0,0_0,0.99960506,-0.001057863,,0.00039494,0.001057863
0,0,4.92002,4,1,0,0_0,0.99962395,-0.001073577,,0.00037605,0.001073577
0,0,4.94002,4,1,0,0_0,0.9996435,-0.001088791,,0.0003565,0.001088791
0,0,4.96002,4,1,0,0_0,0.99966383,-0.001103595,,0.00033617,0.001103595
0,0,4.98002,4,1,0,0_0,0.99968493,-0.001117833,,0.00031507,0.001117833
0,0,5.00002,4,1,0,0_0,0.9997067,-0.001131579,,0.0002933,0.001131579
0,1,0,5,0.0949,1,0_1,0.07932174,1.0008826,,0.01557826,-0.0008826
0,1,0.02,5,0.04503,0.98375,0_1,0.06387538,0.9896352,,-0.01884538,-0.0058852
0,1,0.04,5,0.08809,0.96697,0_1,0.087525845,0.97158885,,0.000564155,-0.00461885
0,1,0.06,5,0.12925,0.94891,0_1,0.12587565,0.95256865,,0.00337435,-0.00365865
0,1,0.08,5,0.16862,0.92968,0_1,0.16553754,0.93307984,,0.00308246,-0.00339984
0,1,0.1,5,0.20628,0.9094,0_1,0.20354664,0.9125117,,0.00273336,-0.0031117
0,1,0.12,5,0.2423,0.88819,0_1,0.23987657,0.89092016,,0.00242343,-0.00273016
0,1,0.14,5,0.27676,0.86614,0_1,0.2747988,0.868497,,0.0019612,-0.002357
0,1,0.16,5,0.30973,0.84335,0_1,0.3084336,0.8453845,,0.0012964,-0.0020345
0,1,0.18,5,0.34129,0.81992,0_1,0.34079188,0.8216922,,0.00049812,-0.0017722
0,1,0.2,5,0.37149,0.79595,0_1,0.3718431,0.797521,,-0.0003531,-0.001571
0,1,0.22,5,0.40039,0.77152,0_1,0.40155816,0.7729677,,-0.00116816,-0.0014477
0,1,0.24,5,0.42807,0.74672,0_1,0.42992347,0.7481271,,-0.00185347,-0.0014071
0,1,0.26,5,0.45456,0.72163,0_1,0.45694762,0.72308385,,-0.00238762,-0.00145385
0,1,0.28,5,0.47992,0.69633,0_1,0.4826578,0.69791555,,-0.0027378,-0.00158555
0,1,0.3,5,0.50421,0.6709,0_1,0.5070953,0.6726893,,-0.0028853,-0.0017893
0,1,0.32,5,0.52746,0.64541,0_1,0.5303161,0.64746284,,-0.0028561,-0.00205284
0,1,0.34,5,0.54972,0.61994,0_1,0.5523846,0.62228656,,-0.0026646,-0.00234656
0,1,0.36,5,0.57104,0.59456,0_1,0.57337165,0.597203,,-0.00233165,-0.002643
0,1,0.38,5,0.59146,0.56933,0_1,0.5933508,0.5722511,,-0.0018908,-0.0029211
0,1,0.4,5,0.61101,0.54431,0_1,0.61239445,0.5474665,,-0.00138445,-0.0031565
0,1,0.42,5,0.62972,0.51957,0_1,0.6305732,0.52288413,,-0.0008532,-0.00331413
0,1,0.44,5,0.64764,0.49516,0_1,0.64795184,0.49853978,,-0.00031184,-0.00337978
0,1,0.46,5,0.66479,0.47113,0_1,0.6645874,0.47447097,,0.0002026,-0.00334097
0,1,0.48,5,0.68121,0.44755,0_1,0.68053114,0.45071876,,0.00067886,-0.00316876
0,1,0.5,5,0.69693,0.42444,0_1,0.69582665,0.4273267,,0.00110335,-0.0028867
0,1,0.52,5,0.71196,0.40186,0_1,0.71050954,0.4043431,,0.00145046,-0.0024831
0,1,0.54,5,0.72635,0.37984,0_1,0.7246087,0.3818192,,0.0017413,-0.0019792
0,1,0.56,5,0.74011,0.35843,0_1,0.7381485,0.35980678,,0.0019615,-0.00137678
0,1,0.58,5,0.75327,0.33764,0_1,0.7511484,0.33836028,,0.0021216,-0.00072028
0,1,0.6,5,0.76586,0.31751,0_1,0.7636249,0.3175319,,0.0022351,-2.19E-05
0,1,0.62,5,0.77788,0.29806,0_1,0.7755926,0.29737195,,0.0022874,0.00068805
0,1,0.64,5,0.78937,0.27931,0_1,0.787065,0.27792645,,0.002305,0.00138355
0,1,0.66,5,0.80035,0.26128,0_1,0.7980551,0.25923556,,0.0022949,0.00204444
0,1,0.68,5,0.81083,0.24398,0_1,0.808576,0.24133341,,0.002254,0.00264659
0,1,0.7,5,0.82084,0.22741,0_1,0.81864035,0.22424635,,0.00219965,0.00316365
0,1,0.72,5,0.83039,0.21159,0_1,0.82826316,0.20799193,,0.00212684,0.00359807
0,1,0.74,5,0.83949,0.1965,0_1,0.8374582,0.19258071,,0.0020318,0.00391929
0,1,0.76,5,0.84818,0.18216,0_1,0.84624,0.17801419,,0.00194,0.00414581
0,1,0.78,5,0.85645,0.16854,0_1,0.8546237,0.16428751,,0.0018263,0.00425249
0,1,0.8,5,0.86434,0.15566,0_1,0.86262363,0.15138832,,0.00171637,0.00427168
0,1,0.82,5,0.87185,0.14349,0_1,0.8702544,0.13929856,,0.0015956,0.00419144
0,1,0.84,5,0.87899,0.13202,0_1,0.87752986,0.12799534,,0.00146014,0.00402466
0,1,0.86,5,0.88579,0.12123,0_1,0.8844632,0.11745143,,0.0013268,0.00377857
0,1,0.88,5,0.89225,0.11112,0_1,0.891067,0.107637085,,0.001183,0.003482915
0,1,0.9,5,0.8984,0.10165,0_1,0.89735335,0.0985193,,0.00104665,0.0031307
0,1,0.92,5,0.90423,0.0928,0_1,0.903334,0.09006434,,0.000896,0.00273566
0,1,0.94,5,0.90977,0.08457,0_1,0.9090193,0.0822369,,0.0007507,0.0023331
0,1,0.96,5,0.91503,0.07691,0_1,0.9144197,0.075002074,,0.0006103,0.001907926
0,1,0.98,5,0.92002,0.0698,0_1,0.9195453,0.06832443,,0.0004747,0.00147557
0,1,1,5,0.92475,0.06323,0_1,0.9244054,0.062169448,,0.0003446,0.001060552
0,1,1.02,5,0.92923,0.05716,0_1,0.9290095,0.056503553,,0.0002205,0.000656447
0,1,1.04,5,0.93347,0.05158,0_1,0.93336666,0.051293753,,0.00010334,0.000286247
0,1,1.06,5,0.93748,0.04644,0_1,0.93748575,0.046508778,,-5.75E-06,-6.8778E-05
0,1,1.08,5,0.94128,0.04173,0_1,0.941376,0.042118542,,-9.6E-05,-0.000388542
0,1,1.1,5,0.94487,0.03742,0_1,0.9450463,0.038094476,,-0.0001763,-0.000674476
0,1,1.12,5,0.94827,0.03349,0_1,0.94850534,0.03440957,,-0.00023534,-0.00091957
0,1,1.14,5,0.95147,0.02991,0_1,0.9517623,0.03103805,,-0.0002923,-0.00112805
0,1,1.16,5,0.95449,0.02666,0_1,0.95482606,0.027955964,,-0.00033606,-0.001295964
0,1,1.18,5,0.95735,0.02372,0_1,0.9577052,0.025140837,,-0.0003552,-0.001420837
0,1,1.2,5,0.96004,0.02105,0_1,0.9604088,0.022571504,,-0.0003688,-0.001521504
0,1,1.22,5,0.96258,0.01865,0_1,0.9629453,0.020228371,,-0.0003653,-0.001578371
0,1,1.24,5,0.96497,0.01648,0_1,0.96532345,0.018093236,,-0.00035345,-0.001613236
0,1,1.26,5,0.96722,0.01454,0_1,0.96755177,0.016148925,,-0.00033177,-0.001608925
0,1,1.28,5,0.96934,0.0128,0_1,0.9696383,0.014379837,,-0.0002983,-0.001579837
0,1,1.3,5,0.97133,0.01124,0_1,0.97159106,0.012771517,,-0.00026106,-0.001531517
0,1,1.32,5,0.9732,0.00986,0_1,0.97341806,0.011310332,,-0.00021806,-0.001450332
0,1,1.34,5,0.97496,0.00862,0_1,0.9751267,0.009983927,,-0.0001667,-0.001363927
0,1,1.36,5,0.97662,0.00753,0_1,0.9767242,0.008781023,,-0.0001042,-0.001251023
0,1,1.38,5,0.97817,0.00656,0_1,0.97821754,0.007690936,,-4.754E-05,-0.001130936
0,1,1.4,5,0.97963,0.0057,0_1,0.97961336,0.006704181,,1.664E-05,-0.001004181
0,1,1.42,5,0.98099,0.00494,0_1,0.98091805,0.005811721,,7.195E-05,-0.000871721
0,1,1.44,5,0.98227,0.00428,0_1,0.98213744,0.005005501,,0.00013256,-0.000725501
0,1,1.46,5,0.98347,0.0037,0_1,0.98327726,0.004278012,,0.00019274,-0.000578012
0,1,1.48,5,0.9846,0.00319,0_1,0.984343,0.00362239,,0.000257,-0.00043239
0,1,1.5,5,0.98565,0.00274,0_1,0.9853396,0.003032394,,0.0003104,-0.000292394
0,1,1.52,5,0.98664,0.00235,0_1,0.9862717,0.002502196,,0.0003683,-0.000152196
0,1,1.54,5,0.98756,0.00201,0_1,0.9871438,0.002026692,,0.0004162,-0.000016692
0,1,1.56,5,0.98843,0.00172,0_1,0.9879601,0.001600906,,0.0004699,0.000119094
0,1,1.58,5,0.98923,0.00147,0_1,0.98872435,0.001220502,,0.00050565,0.000249498
0,1,1.6,5,0.98999,0.00125,0_1,0.9894403,0.000881352,,0.0005497,0.000368648
0,1,1.62,5,0.99069,0.00106,0_1,0.9901111,0.000579909,,0.0005789,0.000480092
0,1,1.64,5,0.99135,0.0009,0_1,0.99074006,0.000312716,,0.00060994,0.000587284
0,1,1.66,5,0.99196,0.00076,0_1,0.99132997,7.67E-05,,0.00063003,0.000683348
0,1,1.68,5,0.99254,0.00064,0_1,0.9918835,-0.0001311,,0.0006565,0.0007711
0,1,1.7,5,0.99307,0.00054,0_1,0.9924031,-0.000313051,,0.0006669,0.000853051
0,1,1.72,5,0.99357,0.00045,0_1,0.99289113,-0.000471674,,0.00067887,0.000921674
0,1,1.74,5,0.99403,0.00038,0_1,0.9933497,-0.000609078,,0.0006803,0.000989078
0,1,1.76,5,0.99446,0.00032,0_1,0.9937807,-0.000727214,,0.0006793,0.001047214
0,1,1.78,5,0.99486,0.00027,0_1,0.994186,-0.000827953,,0.000674,0.001097953
0,1,1.8,5,0.99524,0.00022,0_1,0.99456733,-0.000912912,,0.00067267,0.001132912
0,1,1.82,5,0.99559,0.00018,0_1,0.9949261,-0.000983618,,0.0006639,0.001163618
0,1,1.84,5,0.99591,0.00015,0_1,0.99526393,-0.001041487,,0.00064607,0.001191487
0,1,1.86,5,0.99621,0.00013,0_1,0.99558204,-0.00108771,,0.00062796,0.00121771
0,1,1.88,5,0.99649,0.0001,0_1,0.9958817,-0.001123577,,0.0006083,0.001223577
0,1,1.9,5,0.99675,9.00E-05,0_1,0.99616396,-0.00114999,,0.00058604,0.00123999
0,1,1.92,5,0.997,7.00E-05,0_1,0.99643,-0.001168087,,0.00057,0.001238087
0,1,1.94,5,0.99722,6.00E-05,0_1,0.9966807,-0.0011786,,0.0005393,0.0012386
0,1,1.96,5,0.99743,5.00E-05,0_1,0.996917,-0.001182459,,0.000513,0.001232459
0,1,1.98,5,0.99763,4.00E-05,0_1,0.99713975,-0.001180306,,0.00049025,0.001220306
0,1,2,5,0.99781,3.00E-05,0_1,0.9973498,-0.0011729,,0.0004602,0.0012029
0,1,2.02,5,0.99797,3.00E-05,0_1,0.99754775,-0.001160912,,0.00042225,0.001190912
0,1,2.04,5,0.99813,2.00E-05,0_1,0.99773437,-0.001144759,,0.00039563,0.001164759
0,1,2.06,5,0.99828,2.00E-05,0_1,0.99791026,-0.001125068,,0.00036974,0.001145068
0,1,2.08,5,0.99841,1.00E-05,0_1,0.998076,-0.001102254,,0.000334,0.001112254
0,1,2.1,5,0.99853,1.00E-05,0_1,0.9982322,-0.001076847,,0.0002978,0.001086847
0,1,2.12,5,0.99865,1.00E-05,0_1,0.99837923,-0.001049049,,0.00027077,0.001059049
0,1,2.14,5,0.99876,1.00E-05,0_1,0.99851775,-0.001019448,,0.00024225,0.001029448
0,1,2.16,5,0.99885,1.00E-05,0_1,0.99864817,-0.000988171,,0.00020183,0.000998171
0,1,2.18,5,0.99895,0,0_1,0.9987709,-0.000955679,,0.0001791,0.000955679
0,1,2.2,5,0.99903,0,0_1,0.9988862,-0.000922166,,0.0001438,0.000922166
0,1,2.22,5,0.99911,0,0_1,0.9989947,-0.000887908,,0.0001153,0.000887908
0,1,2.24,5,0.99918,0,0_1,0.99909663,-0.000853054,,8.337E-05,0.000853054
0,1,2.26,5,0.99925,0,0_1,0.99919236,-0.000817835,,5.764E-05,0.000817835
0,1,2.28,5,0.99931,0,0_1,0.99928206,-0.000782535,,2.794E-05,0.000782535
0,1,2.3,5,0.99937,0,0_1,0.9993662,-0.000747167,,3.8E-06,0.000747167
0,1,2.32,5,0.99942,0,0_1,0.999445,-0.000711985,,-2.5E-05,0.000711985
0,1,2.34,5,0.99947,0,0_1,0.99951875,-0.000677124,,-4.875E-05,0.000677124
0,1,2.36,5,0.99951,0,0_1,0.99958766,-0.00064262,,-7.766E-05,0.00064262
0,1,2.38,5,0.99956,0,0_1,0.9996519,-0.000608698,,-9.19E-05,0.000608698
0,1,2.4,5,0.99959,0,0_1,0.9997119,-0.000575379,,-0.0001219,0.000575379
0,1,2.42,5,0.99963,0,0_1,0.9997677,-0.00054276,,-0.0001377,0.00054276
0,1,2.44,5,0.99966,0,0_1,0.9998196,-0.000510924,,-0.0001596,0.000510924
0,1,2.46,5,0.99969,0,0_1,0.99986774,-0.000479922,,-0.00017774,0.000479922
0,1,2.48,5,0.99972,0,0_1,0.99991226,-0.000449821,,-0.00019226,0.000449821
0,1,2.5,5,0.99974,0,0_1,0.99995345,-0.000420682,,-0.00021345,0.000420682
0,1,2.52,5,0.99977,0,0_1,0.9999914,-0.000392616,,-0.0002214,0.000392616
0,1,2.54,5,0.99979,0,0_1,1.0000263,-0.000365555,,-0.0002363,0.000365555
0,1,2.56,5,0.99981,0,0_1,1.0000583,-0.000339516,,-0.0002483,0.000339516
0,1,2.58,5,0.99983,0,0_1,1.0000875,-0.000314631,,-0.0002575,0.000314631
0,1,2.6,5,0.99985,0,0_1,1.000114,-0.000290886,,-0.000264,0.000290886
0,1,2.62,5,0.99986,0,0_1,1.000138,-0.000268266,,-0.000278,0.000268266
0,1,2.64,5,0.99988,0,0_1,1.0001597,-0.000246808,,-0.0002797,0.000246808
0,1,2.66,5,0.99989,0,0_1,1.000179,-0.00022652,,-0.000289,0.00022652
0,1,2.68,5,0.9999,0,0_1,1.0001965,-0.000207447,,-0.0002965,0.000207447
0,1,2.7,5,0.99991,0,0_1,1.0002116,-0.000189513,,-0.0003016,0.000189513
0,1,2.72,5,0.99992,0,0_1,1.0002248,-0.000172794,,-0.0003048,0.000172794
0,1,2.74,5,0.99994,0,0_1,1.0002363,-0.000157215,,-0.0002963,0.000157215
0,1,2.76,5,0.99995,0,0_1,1.0002459,-0.000142872,,-0.0002959,0.000142872
0,1,2.78,5,0.99995,0,0_1,1.0002539,-0.00012961,,-0.0003039,0.00012961
0,1,2.8,5,0.99996,0,0_1,1.0002602,-0.000117585,,-0.0003002,0.000117585
0,1,2.82,5,0.99997,0,0_1,1.0002651,-0.000106692,,-0.0002951,0.000106692
0,1,2.84,5,0.99998,0,0_1,1.0002687,-9.69E-05,,-0.0002887,9.68874E-05
0,1,2.86,5,0.99998,0,0_1,1.0002708,-8.83E-05,,-0.0002908,8.83117E-05
0,1,2.88,5,0.99999,0,0_1,1.0002717,-8.07E-05,,-0.0002817,8.07494E-05
0,1,2.9,5,1,0,0_1,1.0002713,-7.43E-05,,-0.0002713,7.42599E-05
0,1,2.92,5,1,0,0_1,1.0002699,-6.89E-05,,-0.0002699,6.89402E-05
0,1,2.94,5,1,0,0_1,1.0002673,-6.46E-05,,-0.0002673,6.46487E-05
0,1,2.96,5,1.00001,0,0_1,1.0002636,-6.14E-05,,-0.0002536,6.13928E-05
0,1,2.98,5,1.00001,0,0_1,1.000259,-5.92E-05,,-0.000249,5.91576E-05
0,1,3,5,1.00001,0,0_1,1.0002536,-5.79E-05,,-0.0002436,5.79283E-05
0,1,3.02,5,1.00002,0,0_1,1.0002472,-5.77E-05,,-0.0002272,5.76526E-05
0,1,3.04,5,1.00002,0,0_1,1.00024,-5.84E-05,,-0.00022,5.83902E-05
0,1,3.06,5,1.00002,0,0_1,1.0002321,-6.00E-05,,-0.0002121,5.99846E-05
0,1,3.08,5,1.00002,0,0_1,1.0002234,-6.26E-05,,-0.0002034,6.257E-05
0,1,3.1,5,1.00002,0,0_1,1.0002141,-6.61E-05,,-0.0001941,6.60569E-05
0,1,3.12,5,1.00002,0,0_1,1.0002042,-7.04E-05,,-0.0001842,7.03856E-05
0,1,3.14,5,1.00002,0,0_1,1.0001936,-7.55E-05,,-0.0001736,7.55489E-05
0,1,3.16,5,1.00002,0,0_1,1.0001825,-8.16E-05,,-0.0001625,8.15541E-05
0,1,3.18,5,1.00002,0,0_1,1.000171,-8.84E-05,,-0.000151,8.83788E-05
0,1,3.2,5,1.00002,0,0_1,1.0001589,-9.60E-05,,-0.0001389,9.59635E-05
0,1,3.22,5,1.00002,0,0_1,1.0001463,-0.000104278,,-0.0001263,0.000104278
0,1,3.24,5,1.00002,0,0_1,1.0001334,-0.000113383,,-0.0001134,0.000113383
0,1,3.26,5,1.00002,0,0_1,1.00012,-0.000123188,,-1E-04,0.000123188
0,1,3.28,5,1.00002,0,0_1,1.0001065,-0.000133663,,-8.65E-05,0.000133663
0,1,3.3,5,1.00002,0,0_1,1.0000925,-0.000144795,,-7.25E-05,0.000144795
0,1,3.32,5,1.00002,0,0_1,1.0000783,-0.000156544,,-5.83E-05,0.000156544
0,1,3.34,5,1.00001,0,0_1,1.0000638,-0.000168979,,-5.38E-05,0.000168979
0,1,3.36,5,1.00001,0,0_1,1.0000491,-0.00018198,,-3.91E-05,0.00018198
0,1,3.38,5,1.00001,0,0_1,1.0000342,-0.000195555,,-2.42E-05,0.000195555
0,1,3.4,5,1.00001,0,0_1,1.0000191,-0.000209682,,-9.1E-06,0.000209682
0,1,3.42,5,1.00001,0,0_1,1.0000038,-0.000224337,,6.2E-06,0.000224337
0,1,3.44,5,1.00001,0,0_1,0.99998856,-0.000239484,,2.144E-05,0.000239484
0,1,3.46,5,1.00001,0,0_1,0.9999731,-0.0002551,,3.69E-05,0.0002551
0,1,3.48,5,1.00001,0,0_1,0.99995756,-0.000271216,,5.244E-05,0.000271216
0,1,3.5,5,1.00001,0,0_1,0.99994206,-0.000287771,,6.794E-05,0.000287771
0,1,3.52,5,1.00001,0,0_1,0.99992645,-0.000304759,,8.355E-05,0.000304759
0,1,3.54,5,1.00001,0,0_1,0.9999109,-0.000322148,,9.91E-05,0.000322148
0,1,3.56,5,1.00001,0,0_1,0.9998953,-0.000339881,,0.0001147,0.000339881
0,1,3.58,5,1.00001,0,0_1,0.9998797,-0.000358008,,0.0001303,0.000358008
0,1,3.6,5,1.00001,0,0_1,0.9998642,-0.000376441,,0.0001458,0.000376441
0,1,3.62,5,1.00001,0,0_1,0.99984884,-0.000395216,,0.00016116,0.000395216
0,1,3.64,5,1.00001,0,0_1,0.9998335,-0.00041429,,0.0001765,0.00041429
0,1,3.66,5,1.00001,0,0_1,0.9998183,-0.000433661,,0.0001917,0.000433661
0,1,3.68,5,1.00001,0,0_1,0.99980325,-0.000453278,,0.00020675,0.000453278
0,1,3.7,5,1.00001,0,0_1,0.99978834,-0.000473104,,0.00022166,0.000473104
0,1,3.72,5,1.00001,0,0_1,0.9997736,-0.000493184,,0.0002364,0.000493184
0,1,3.74,5,1.00001,0,0_1,0.9997591,-0.000513501,,0.0002509,0.000513501
0,1,3.76,5,1.00001,0,0_1,0.9997447,-0.000533983,,0.0002653,0.000533983
0,1,3.78,5,1.00001,0,0_1,0.9997306,-0.000554681,,0.0002794,0.000554681
0,1,3.8,5,1.00001,0,0_1,0.99971664,-0.000575475,,0.00029336,0.000575475
0,1,3.82,5,1.00001,0,0_1,0.99970305,-0.000596456,,0.00030695,0.000596456
0,1,3.84,5,1.00001,0,0_1,0.99968964,-0.000617489,,0.00032036,0.000617489
0,1,3.86,5,1.00001,0,0_1,0.9996766,-0.000638634,,0.0003334,0.000638634
0,1,3.88,5,1.00001,0,0_1,0.9996638,-0.000659905,,0.0003462,0.000659905
0,1,3.9,5,1,0,0_1,0.9996513,-0.000681222,,0.0003487,0.000681222
0,1,3.92,5,1,0,0_1,0.99963915,-0.000702627,,0.00036085,0.000702627
0,1,3.94,5,1,0,0_1,0.99962735,-0.000724085,,0.00037265,0.000724085
0,1,3.96,5,1,0,0_1,0.9996159,-0.000745527,,0.0003841,0.000745527
0,1,3.98,5,1,0,0_1,0.9996048,-0.000766985,,0.0003952,0.000766985
0,1,4,5,1,0,0_1,0.99959415,-0.00078845,,0.00040585,0.00078845
0,1,4.02,5,1,0,0_1,0.99958384,-0.000809908,,0.00041616,0.000809908
0,1,4.04,5,1,0,0_1,0.99957395,-0.000831366,,0.00042605,0.000831366
0,1,4.06,5,1,0,0_1,0.99956447,-0.000852704,,0.00043553,0.000852704
0,1,4.08,5,1,0,0_1,0.99955547,-0.000874005,,0.00044453,0.000874005
0,1,4.1,5,1,0,0_1,0.9995469,-0.000895247,,0.0004531,0.000895247
0,1,4.12,5,1,0,0_1,0.9995387,-0.000916436,,0.0004613,0.000916436
0,1,4.14,5,1,0,0_1,0.9995311,-0.000937454,,0.0004689,0.000937454
0,1,4.16,5,1,0,0_1,0.999524,-0.000958443,,0.000476,0.000958443
0,1,4.18,5,1,0,0_1,0.9995173,-0.00097926,,0.0004827,0.00097926
0,1,4.2,5,1,0,0_1,0.9995112,-0.000999987,,0.0004888,0.000999987
0,1,4.22,5,1,0,0_1,0.9995055,-0.001020521,,0.0004945,0.001020521
0,1,4.24,5,1,0,0_1,0.9995004,-0.001040906,,0.0004996,0.001040906
0,1,4.26,5,1,0,0_1,0.99949586,-0.001061186,,0.00050414,0.001061186
0,1,4.28,5,1,0,0_1,0.9994919,-0.001081206,,0.0005081,0.001081206
0,1,4.3,5,1,0,0_1,0.99948835,-0.001101062,,0.00051165,0.001101062
0,1,4.32,5,1,0,0_1,0.9994855,-0.001120709,,0.0005145,0.001120709
0,1,4.34,5,1,0,0_1,0.9994832,-0.00114014,,0.0005168,0.00114014
0,1,4.36,5,1,0,0_1,0.9994815,-0.001159363,,0.0005185,0.001159363
0,1,4.38001,5,1,0,0_1,0.99948037,-0.001178399,,0.00051963,0.001178399
0,1,4.40001,5,1,0,0_1,0.99947983,-0.001197144,,0.00052017,0.001197144
0,1,4.42001,5,1,0,0_1,0.99947995,-0.001215637,,0.00052005,0.001215637
0,1,4.44001,5,1,0,0_1,0.99948066,-0.001233883,,0.00051934,0.001233883
0,1,4.46001,5,1,0,0_1,0.99948204,-0.001251832,,0.00051796,0.001251832
0,1,4.48001,5,1,0,0_1,0.9994841,-0.001269534,,0.0005159,0.001269534
0,1,4.50001,5,1,0,0_1,0.9994868,-0.001286909,,0.0005132,0.001286909
0,1,4.52001,5,1,0,0_1,0.99949014,-0.001304008,,0.00050986,0.001304008
0,1,4.54001,5,1,0,0_1,0.99949414,-0.001320802,,0.00050586,0.001320802
0,1,4.56001,5,1,0,0_1,0.99949884,-0.001337305,,0.00050116,0.001337305
0,1,4.58001,5,1,0,0_1,0.9995042,-0.001353435,,0.0004958,0.001353435
0,1,4.60001,5,1,0,0_1,0.9995102,-0.00136926,,0.0004898,0.00136926
0,1,4.62001,5,1,0,0_1,0.99951696,-0.001384713,,0.00048304,0.001384713
0,1,4.64001,5,1,0,0_1,0.9995245,-0.001399882,,0.0004755,0.001399882
0,1,4.66001,5,1,0,0_1,0.9995327,-0.001414701,,0.0004673,0.001414701
0,1,4.68001,5,1,0,0_1,0.9995416,-0.001429141,,0.0004584,0.001429141
0,1,4.70001,5,1,0,0_1,0.9995512,-0.001443178,,0.0004488,0.001443178
0,1,4.72001,5,1,0,0_1,0.99956155,-0.001456887,,0.00043845,0.001456887
0,1,4.74001,5,1,0,0_1,0.99957263,-0.001470201,,0.00042737,0.001470201
0,1,4.76001,5,1,0,0_1,0.9995845,-0.001483113,,0.0004155,0.001483113
0,1,4.78001,5,1,0,0_1,0.9995971,-0.00149563,,0.0004029,0.00149563
0,1,4.80001,5,1,0,0_1,0.9996104,-0.001507767,,0.0003896,0.001507767
0,1,4.82002,5,1,0,0_1,0.99962455,-0.001519442,,0.00037545,0.001519442
0,1,4.84002,5,1,0,0_1,0.9996394,-0.001530767,,0.0003606,0.001530767
0,1,4.86002,5,1,0,0_1,0.99965507,-0.001541652,,0.00034493,0.001541652
0,1,4.88002,5,1,0,0_1,0.99967146,-0.001552083,,0.00032854,0.001552083
0,1,4.90002,5,1,0,0_1,0.9996887,-0.001562081,,0.0003113,0.001562081
0,1,4.92002,5,1,0,0_1,0.9997066,-0.001571648,,0.0002934,0.001571648
0,1,4.94002,5,1,0,0_1,0.99972546,-0.001580805,,0.00027454,0.001580805
0,1,4.96002,5,1,0,0_1,0.9997451,-0.00158947,,0.0002549,0.00158947
0,1,4.98002,5,1,0,0_1,0.9997654,-0.00159768,,0.0002346,0.00159768
0,1,5.00002,5,1,0,0_1,0.99978656,-0.001605459,,0.00021344,0.001605459
0,3,0,6,0.0949,1,0_3,0.08936226,1.0021806,,0.00553774,-0.0021806
0,3,0.02,6,0.05327,0.98369,0_3,0.068567395,0.9911326,,-0.015297395,-0.0074426
0,3,0.04,6,0.10387,0.96656,0_3,0.09634268,0.9702712,,0.00752732,-0.0037112
0,3,0.06,6,0.15194,0.94791,0_3,0.14517957,0.9474268,,0.00676043,0.0004832
0,3,0.08,6,0.19758,0.9279,0_3,0.1941644,0.9249668,,0.0034156,0.0029332
0,3,0.1,6,0.24091,0.90668,0_3,0.23891085,0.9020287,,0.00199915,0.0046513
0,3,0.12,6,0.28204,0.8844,0_3,0.28027868,0.87849414,,0.00176132,0.00590586
0,3,0.14,6,0.32107,0.86118,0_3,0.3192554,0.8545172,,0.0018146,0.0066628
0,3,0.16,6,0.35811,0.83717,0_3,0.3563136,0.8301929,,0.0017964,0.0069771
0,3,0.18,6,0.39324,0.81248,0_3,0.3916421,0.8055656,,0.0015979,0.0069144
0,3,0.2,6,0.42656,0.78722,0_3,0.4253204,0.7806659,,0.0012396,0.0065541
0,3,0.22,6,0.45816,0.7615,0_3,0.45739847,0.7555213,,0.00076153,0.0059787
0,3,0.24,6,0.48811,0.73542,0_3,0.48791277,0.73016536,,0.00019723,0.00525464
0,3,0.26,6,0.51651,0.70909,0_3,0.5169003,0.7046331,,-0.0003903,0.0044569
0,3,0.28,6,0.54342,0.6826,0_3,0.54439366,0.67896795,,-0.00097366,0.00363205
0,3,0.3,6,0.56891,0.65604,0_3,0.5704262,0.6532192,,-0.0015162,0.0028208
0,3,0.32,6,0.59307,0.62948,0_3,0.5950336,0.6274407,,-0.0019636,0.0020393
0,3,0.34,6,0.61594,0.60301,0_3,0.61825377,0.6016922,,-0.00231377,0.0013178
0,3,0.36,6,0.63761,0.57672,0_3,0.64013267,0.57603264,,-0.00252267,0.00068736
0,3,0.38,6,0.65812,0.55066,0_3,0.6607214,0.5505235,,-0.0026014,0.0001365
0,3,0.4,6,0.67753,0.5249,0_3,0.6800785,0.52522224,,-0.0025485,-0.00032224
0,3,0.42,6,0.6959,0.49952,0_3,0.6982683,0.5001852,,-0.0023683,-0.0006652
0,3,0.44,6,0.71329,0.47456,0_3,0.715361,0.4754645,,-0.002071,-0.0009045
0,3,0.46,6,0.72974,0.45009,0_3,0.7314278,0.45110917,,-0.0016878,-0.00101917
0,3,0.48,6,0.74529,0.42615,0_3,0.74654233,0.4271666,,-0.00125233,-0.0010166
0,3,0.5,6,0.76,0.40279,0_3,0.7607755,0.40368345,,-0.0007755,-0.00089345
0,3,0.52,6,0.77391,0.38005,0_3,0.7741952,0.38070655,,-0.0002852,-0.00065655
0,3,0.54,6,0.78706,0.35796,0_3,0.7868639,0.3582838,,0.0001961,-0.0003238
0,3,0.56,6,0.79948,0.33657,0_3,0.79883957,0.3364632,,0.00064043,0.0001068
0,3,0.58,6,0.81122,0.31589,0_3,0.81017303,0.3152946,,0.00104697,0.0005954
0,3,0.6,6,0.82231,0.29594,0_3,0.82090944,0.29482448,,0.00140056,0.00111552
0,3,0.62,6,0.83279,0.27676,0_3,0.8310872,0.27509856,,0.0017028,0.00166144
0,3,0.64,6,0.84268,0.25835,0_3,0.8407414,0.2561571,,0.0019386,0.0021929
0,3,0.66,6,0.85202,0.24072,0_3,0.84990144,0.23803475,,0.00211856,0.00268525
0,3,0.68,6,0.86083,0.22387,0_3,0.8585938,0.22075956,,0.0022362,0.00311044
0,3,0.7,6,0.86915,0.20782,0_3,0.86684054,0.20435074,,0.00230946,0.00346926
0,3,0.72,6,0.877,0.19255,0_3,0.8746632,0.18881974,,0.0023368,0.00373026
0,3,0.74,6,0.8844,0.17807,0_3,0.8820798,0.17416929,,0.0023202,0.00390071
0,3,0.76,6,0.89139,0.16437,0_3,0.8891089,0.16039334,,0.0022811,0.00397666
0,3,0.78,6,0.89797,0.15142,0_3,0.89576626,0.14747941,,0.00220374,0.00394059
0,3,0.8,6,0.90418,0.13923,0_3,0.90206796,0.13540787,,0.00211204,0.00382213
0,3,0.82,6,0.91003,0.12777,0_3,0.90802866,0.124153584,,0.00200134,0.003616416
0,3,0.84,6,0.91555,0.11703,0_3,0.9136634,0.11368666,,0.0018866,0.00334334
0,3,0.86,6,0.92074,0.10697,0_3,0.9189864,0.10397387,,0.0017536,0.00299613
0,3,0.88,6,0.92563,0.09759,0_3,0.924011,0.09497956,,0.001619,0.00261044
0,3,0.9,6,0.93024,0.08886,0_3,0.92875147,0.08666576,,0.00148853,0.00219424
0,3,0.92,6,0.93457,0.08074,0_3,0.9332205,0.078994155,,0.0013495,0.001745845
0,3,0.94,6,0.93866,0.07322,0_3,0.93743104,0.07192606,,0.00122896,0.00129394
0,3,0.96,6,0.9425,0.06626,0_3,0.94139606,0.06542309,,0.00110394,0.00083691
0,3,0.98,6,0.94611,0.05984,0_3,0.9451274,0.059447475,,0.0009826,0.000392525
0,3,1,6,0.94951,0.05394,0_3,0.94863725,0.053962667,,0.00087275,-2.2667E-05
0,3,1.02,6,0.9527,0.04852,0_3,0.9519369,0.04893367,,0.0007631,-0.00041367
0,3,1.04,6,0.95571,0.04355,0_3,0.95503765,0.044326857,,0.00067235,-0.000776857
0,3,1.06,6,0.95853,0.03901,0_3,0.95795035,0.04011046,,0.00057965,-0.00110046
0,3,1.08,6,0.96119,0.03487,0_3,0.9606851,0.036254298,,0.0005049,-0.001384298
0,3,1.1,6,0.96368,0.03111,0_3,0.9632521,0.032730233,,0.0004279,-0.001620233
0,3,1.12,6,0.96602,0.02769,0_3,0.9656609,0.029511873,,0.0003591,-0.001821873
0,3,1.14,6,0.96822,0.0246,0_3,0.9679208,0.026574492,,0.0002992,-0.001974492
0,3,1.16,6,0.97029,0.02181,0_3,0.9700403,0.023895212,,0.0002497,-0.002085212
0,3,1.18,6,0.97223,0.01929,0_3,0.97202796,0.021452725,,0.00020204,-0.002162725
0,3,1.2,6,0.97404,0.01703,0_3,0.9738916,0.01922746,,0.0001484,-0.00219746
0,3,1.22,6,0.97575,0.015,0_3,0.975639,0.017201215,,0.000111,-0.002201215
0,3,1.24,6,0.97735,0.01318,0_3,0.97727704,0.015357256,,7.296E-05,-0.002177256
0,3,1.26,6,0.97885,0.01156,0_3,0.97881275,0.01368022,,3.725E-05,-0.00212022
0,3,1.28,6,0.98026,0.01012,0_3,0.9802524,0.012155846,,7.6E-06,-0.002035846
0,3,1.3,6,0.98157,0.00884,0_3,0.981602,0.010771193,,-3.2E-05,-0.001931193
0,3,1.32,6,0.98281,0.0077,0_3,0.9828674,0.00951428,,-5.74E-05,-0.00181428
0,3,1.34,6,0.98396,0.0067,0_3,0.98405373,0.008374229,,-9.373E-05,-0.001674229
0,3,1.36,6,0.98505,0.00581,0_3,0.9851662,0.007340916,,-0.0001162,-0.001530916
0,3,1.38,6,0.98606,0.00503,0_3,0.98620933,0.006405249,,-0.00014933,-0.001375249
0,3,1.4,6,0.98701,0.00435,0_3,0.98718774,0.005558647,,-0.00017774,-0.001208647
0,3,1.42,6,0.9879,0.00375,0_3,0.9881053,0.004793562,,-0.0002053,-0.001043562
0,3,1.44,6,0.98873,0.00323,0_3,0.988966,0.004102998,,-0.000236,-0.000872998
0,3,1.46,6,0.9895,0.00277,0_3,0.98977345,0.0034803,,-0.00027345,-0.0007103
0,3,1.48,6,0.99023,0.00237,0_3,0.990531,0.002919659,,-0.000301,-0.000549659
0,3,1.5,6,0.99091,0.00203,0_3,0.99124175,0.002415732,,-0.00033175,-0.000385732
0,3,1.52,6,0.99154,0.00173,0_3,0.99190855,0.001963534,,-0.00036855,-0.000233534
0,3,1.54,6,0.99213,0.00147,0_3,0.9925342,0.00155858,,-0.0004042,-8.85795E-05
0,3,1.56,6,0.99268,0.00125,0_3,0.9931214,0.00119666,,-0.0004414,5.33399E-05
0,3,1.58,6,0.9932,0.00106,0_3,0.9936723,0.00087411,,-0.0004723,0.00018589
0,3,1.6,6,0.99368,0.00089,0_3,0.99418914,0.000587367,,-0.00050914,0.000302634
0,3,1.62,6,0.99413,0.00075,0_3,0.994674,0.000333302,,-0.000544,0.000416698
0,3,1.64,6,0.99455,0.00063,0_3,0.9951289,0.000108957,,-0.0005789,0.000521043
0,3,1.66,6,0.99494,0.00053,0_3,0.9955556,-8.82E-05,,-0.0006156,0.000618178
0,3,1.68,6,0.9953,0.00045,0_3,0.99595565,-0.000260748,,-0.00065565,0.000710748
0,3,1.7,6,0.99564,0.00037,0_3,0.9963307,-0.000410743,,-0.0006907,0.000780743
0,3,1.72,6,0.99596,0.00031,0_3,0.99668217,-0.000540391,,-0.00072217,0.000850391
0,3,1.74,6,0.99625,0.00026,0_3,0.9970116,-0.000651516,,-0.0007616,0.000911516
0,3,1.76,6,0.99653,0.00022,0_3,0.99732,-0.000745781,,-0.00079,0.000965781
0,3,1.78,6,0.99678,0.00018,0_3,0.9976088,-0.000824787,,-0.0008288,0.001004787
0,3,1.8,6,0.99702,0.00015,0_3,0.997879,-0.000889994,,-0.000859,0.001039994
0,3,1.82,6,0.99724,0.00012,0_3,0.9981318,-0.000942662,,-0.0008918,0.001062662
0,3,1.84,6,0.99745,0.0001,0_3,0.998368,-0.000984043,,-0.000918,0.001084043
0,3,1.86,6,0.99764,8.00E-05,0_3,0.9985887,-0.00101532,,-0.0009487,0.00109532
0,3,1.88,6,0.99781,7.00E-05,0_3,0.9987946,-0.001037374,,-0.0009846,0.001107374
0,3,1.9,6,0.99798,6.00E-05,0_3,0.9989867,-0.001051188,,-0.0010067,0.001111188
0,3,1.92,6,0.99813,5.00E-05,0_3,0.99916565,-0.001057625,,-0.00103565,0.001107625
0,3,1.94,6,0.99827,4.00E-05,0_3,0.9993323,-0.001057446,,-0.0010623,0.001097446
0,3,1.96,6,0.99841,3.00E-05,0_3,0.9994872,-0.001051351,,-0.0010772,0.001081351
0,3,1.98,6,0.99853,2.00E-05,0_3,0.99963117,-0.001040079,,-0.00110117,0.001060079
0,3,2,6,0.99864,2.00E-05,0_3,0.9997647,-0.001024216,,-0.0011247,0.001044216
0,3,2.02,6,0.99875,2.00E-05,0_3,0.9998884,-0.001004264,,-0.0011384,0.001024264
0,3,2.04,6,0.99884,1.00E-05,0_3,1.0000029,-0.00098072,,-0.0011629,0.00099072
0,3,2.06,6,0.99893,1.00E-05,0_3,1.0001085,-0.000954092,,-0.0011785,0.000964092
0,3,2.08,6,0.99902,1.00E-05,0_3,1.000206,-0.000924721,,-0.001186,0.000934721
0,3,2.1,6,0.9991,1.00E-05,0_3,1.0002956,-0.000893109,,-0.0011956,0.000903109
0,3,2.12,6,0.99917,1.00E-05,0_3,1.0003779,-0.000859626,,-0.0012079,0.000869626
0,3,2.14,6,0.99923,0,0_3,1.0004534,-0.000824429,,-0.0012234,0.000824429
0,3,2.16,6,0.99929,0,0_3,1.0005221,-0.000787936,,-0.0012321,0.000787936
0,3,2.18,6,0.99935,0,0_3,1.0005848,-0.000750363,,-0.0012348,0.000750363
0,3,2.2,6,0.9994,0,0_3,1.0006417,-0.000712,,-0.0012417,0.000712
0,3,2.22,6,0.99945,0,0_3,1.0006932,-0.000673056,,-0.0012432,0.000673056
0,3,2.24,6,0.9995,0,0_3,1.0007395,-0.00063365,,-0.0012395,0.00063365
0,3,2.26,6,0.99954,0,0_3,1.0007809,-0.000594154,,-0.0012409,0.000594154
0,3,2.28,6,0.99957,0,0_3,1.0008179,-0.000554517,,-0.0012479,0.000554517
0,3,2.3,6,0.99961,0,0_3,1.0008506,-0.000515044,,-0.0012406,0.000515044
0,3,2.32,6,0.99964,0,0_3,1.0008792,-0.000475787,,-0.0012392,0.000475787
0,3,2.34,6,0.99967,0,0_3,1.0009042,-0.00043691,,-0.0012342,0.00043691
0,3,2.36,6,0.9997,0,0_3,1.0009255,-0.000398472,,-0.0012255,0.000398472
0,3,2.38,6,0.99973,0,0_3,1.0009435,-0.000360638,,-0.0012135,0.000360638
0,3,2.4,6,0.99975,0,0_3,1.0009586,-0.000323467,,-0.0012086,0.000323467
0,3,2.42,6,0.99977,0,0_3,1.0009707,-0.000286989,,-0.0012007,0.000286989
0,3,2.44,6,0.99979,0,0_3,1.00098,-0.000251345,,-0.00119,0.000251345
0,3,2.46,6,0.99981,0,0_3,1.0009869,-0.000216551,,-0.0011769,0.000216551
0,3,2.48,6,0.99983,0,0_3,1.0009915,-0.000182711,,-0.0011615,0.000182711
0,3,2.5,6,0.99985,0,0_3,1.0009937,-0.000149764,,-0.0011437,0.000149764
0,3,2.52,6,0.99986,0,0_3,1.0009941,-0.000117838,,-0.0011341,0.000117838
0,3,2.54,6,0.99987,0,0_3,1.0009924,-8.69E-05,,-0.0011224,8.69408E-05
0,3,2.56,6,0.99989,0,0_3,1.0009891,-5.71E-05,,-0.0010991,5.70864E-05
0,3,2.58,6,0.9999,0,0_3,1.0009842,-2.83E-05,,-0.0010842,2.8342E-05
0,3,2.6,6,0.99991,0,0_3,1.0009778,-6.56E-07,,-0.0010678,6.55651E-07
0,3,2.62,6,0.99992,0,0_3,1.0009699,2.59E-05,,-0.0010499,-2.58982E-05
0,3,2.64,6,0.99993,0,0_3,1.0009607,5.14E-05,,-0.0010307,-5.13867E-05
0,3,2.66,6,0.99994,0,0_3,1.0009505,7.56E-05,,-0.0010105,-7.56383E-05
0,3,2.68,6,0.99995,0,0_3,1.0009391,9.89E-05,,-0.0009891,-9.88543E-05
0,3,2.7,6,0.99995,0,0_3,1.0009269,0.000120915,,-0.0009769,-0.000120915
0,3,2.72,6,0.99996,0,0_3,1.0009137,0.000141859,,-0.0009537,-0.000141859
0,3,2.74,6,0.99997,0,0_3,1.0008998,0.000161678,,-0.0009298,-0.000161678
0,3,2.76,6,0.99998,0,0_3,1.0008851,0.000180371,,-0.0009051,-0.000180371
0,3,2.78,6,0.99998,0,0_3,1.0008698,0.000198022,,-0.0008898,-0.000198022
0,3,2.8,6,0.99999,0,0_3,1.0008539,0.000214562,,-0.0008639,-0.000214562
0,3,2.82,6,0.99999,0,0_3,1.0008377,0.000230014,,-0.0008477,-0.000230014
0,3,2.84,6,1,0,0_3,1.0008208,0.000244416,,-0.0008208,-0.000244416
0,3,2.86,6,1,0,0_3,1.0008037,0.000257775,,-0.0008037,-0.000257775
0,3,2.88,6,1,0,0_3,1.0007862,0.000270128,,-0.0007862,-0.000270128
0,3,2.9,6,1.00001,0,0_3,1.0007685,0.000281423,,-0.0007585,-0.000281423
0,3,2.92,6,1.00001,0,0_3,1.0007505,0.000291802,,-0.0007405,-0.000291802
0,3,2.94,6,1.00001,0,0_3,1.0007325,0.000301175,,-0.0007225,-0.000301175
0,3,2.96,6,1.00001,0,0_3,1.0007143,0.000309601,,-0.0007043,-0.000309601
0,3,2.98,6,1.00001,0,0_3,1.0006961,0.000317127,,-0.0006861,-0.000317127
0,3,3,6,1.00001,0,0_3,1.0006778,0.000323758,,-0.0006678,-0.000323758
0,3,3.02,6,1.00001,0,0_3,1.0006595,0.000329457,,-0.0006495,-0.000329457
0,3,3.04,6,1.00001,0,0_3,1.0006413,0.000334308,,-0.0006313,-0.000334308
0,3,3.06,6,1.00001,0,0_3,1.0006232,0.000338353,,-0.0006132,-0.000338353
0,3,3.08,6,1.00001,0,0_3,1.0006052,0.000341624,,-0.0005952,-0.000341624
0,3,3.1,6,1.00001,0,0_3,1.0005875,0.000344083,,-0.0005775,-0.000344083
0,3,3.12,6,1.00001,0,0_3,1.0005697,0.000345804,,-0.0005597,-0.000345804
0,3,3.14,6,1.00001,0,0_3,1.0005523,0.000346757,,-0.0005423,-0.000346757
0,3,3.16,6,1.00001,0,0_3,1.0005351,0.000347011,,-0.0005251,-0.000347011
0,3,3.18,6,1.00001,0,0_3,1.0005182,0.000346594,,-0.0005082,-0.000346594
0,3,3.2,6,1.00001,0,0_3,1.0005015,0.000345536,,-0.0004915,-0.000345536
0,3,3.22,6,1.00001,0,0_3,1.0004852,0.000343762,,-0.0004752,-0.000343762
0,3,3.24,6,1.00001,0,0_3,1.0004692,0.000341445,,-0.0004592,-0.000341445
0,3,3.26,6,1.00001,0,0_3,1.0004536,0.000338562,,-0.0004436,-0.000338562
0,3,3.28,6,1.00001,0,0_3,1.0004383,0.000335053,,-0.0004283,-0.000335053
0,3,3.3,6,1.00001,0,0_3,1.0004234,0.000330985,,-0.0004134,-0.000330985
0,3,3.32,6,1.00001,0,0_3,1.000409,0.000326462,,-0.000399,-0.000326462
0,3,3.34,6,1.00002,0,0_3,1.0003949,0.00032144,,-0.0003749,-0.00032144
0,3,3.36,6,1.00002,0,0_3,1.0003814,0.000315994,,-0.0003614,-0.000315994
0,3,3.38,6,1.00002,0,0_3,1.0003682,0.000310034,,-0.0003482,-0.000310034
0,3,3.4,6,1.00002,0,0_3,1.0003557,0.000303641,,-0.0003357,-0.000303641
0,3,3.42,6,1.00002,0,0_3,1.0003434,0.000296891,,-0.0003234,-0.000296891
0,3,3.44,6,1.00002,0,0_3,1.0003319,0.000289738,,-0.0003119,-0.000289738
0,3,3.46,6,1.00002,0,0_3,1.0003208,0.000282235,,-0.0003008,-0.000282235
0,3,3.48,6,1.00002,0,0_3,1.0003102,0.000274383,,-0.0002902,-0.000274383
0,3,3.5,6,1.00002,0,0_3,1.0003,0.000266224,,-0.00028,-0.000266224
0,3,3.52,6,1.00002,0,0_3,1.0002906,0.000257783,,-0.0002706,-0.000257783
0,3,3.54,6,1.00002,0,0_3,1.0002816,0.000249103,,-0.0002616,-0.000249103
0,3,3.56,6,1.00003,0,0_3,1.0002732,0.00024008,,-0.0002432,-0.00024008
0,3,3.58,6,1.00003,0,0_3,1.0002655,0.000230893,,-0.0002355,-0.000230893
0,3,3.6,6,1.00002,0,0_3,1.0002583,0.000221439,,-0.0002383,-0.000221439
0,3,3.62,6,1.00002,0,0_3,1.0002518,0.000211798,,-0.0002318,-0.000211798
0,3,3.64,6,1.00002,0,0_3,1.0002458,0.000202015,,-0.0002258,-0.000202015
0,3,3.66,6,1.00002,0,0_3,1.0002404,0.000192091,,-0.0002204,-0.000192091
0,3,3.68,6,1.00002,0,0_3,1.0002357,0.000181995,,-0.0002157,-0.000181995
0,3,3.7,6,1.00002,0,0_3,1.0002316,0.000171781,,-0.0002116,-0.000171781
0,3,3.72,6,1.00002,0,0_3,1.0002282,0.000161491,,-0.0002082,-0.000161491
0,3,3.74,6,1.00002,0,0_3,1.0002255,0.000151098,,-0.0002055,-0.000151098
0,3,3.76,6,1.00002,0,0_3,1.0002234,0.00014057,,-0.0002034,-0.00014057
0,3,3.78,6,1.00002,0,0_3,1.000222,0.000130005,,-0.000202,-0.000130005
0,3,3.8,6,1.00002,0,0_3,1.0002211,0.00011944,,-0.0002011,-0.00011944
0,3,3.82,6,1.00002,0,0_3,1.000221,0.000108853,,-0.000201,-0.000108853
0,3,3.84,6,1.00002,0,0_3,1.0002216,9.83E-05,,-0.0002016,-9.82583E-05
0,3,3.86,6,1.00002,0,0_3,1.0002229,8.76E-05,,-0.0002029,-8.75965E-05
0,3,3.88,6,1.00002,0,0_3,1.000225,7.70E-05,,-0.000205,-7.70465E-05
0,3,3.9,6,1.00002,0,0_3,1.0002277,6.65E-05,,-0.0002077,-6.6489E-05
0,3,3.92,6,1.00002,0,0_3,1.0002311,5.59E-05,,-0.0002111,-5.59092E-05
0,3,3.94,6,1.00002,0,0_3,1.0002353,4.55E-05,,-0.0002153,-4.54783E-05
0,3,3.96,6,1.00002,0,0_3,1.0002402,3.51E-05,,-0.0002202,-3.51071E-05
0,3,3.98,6,1.00002,0,0_3,1.0002457,2.49E-05,,-0.0002257,-2.48551E-05
0,3,4,6,1.00002,0,0_3,1.000252,1.47E-05,,-0.000232,-1.46627E-05
0,3,4.02,6,1.00002,0,0_3,1.0002592,4.52E-06,,-0.0002392,-4.5225E-06
0,3,4.04,6,1.00002,0,0_3,1.0002669,-5.48E-06,,-0.0002469,5.47618E-06
0,3,4.06,6,1.00002,0,0_3,1.0002755,-1.53E-05,,-0.0002555,1.53407E-05
0,3,4.08,6,1.00002,0,0_3,1.0002849,-2.51E-05,,-0.0002649,2.50638E-05
0,3,4.1,6,1.00002,0,0_3,1.0002949,-3.46E-05,,-0.0002749,3.46303E-05
0,3,4.12,6,1.00002,0,0_3,1.0003058,-4.40E-05,,-0.0002858,4.39882E-05
0,3,4.14,6,1.00002,0,0_3,1.0003173,-5.32E-05,,-0.0002973,5.32419E-05
0,3,4.16,6,1.00002,0,0_3,1.0003297,-6.23E-05,,-0.0003097,6.22869E-05
0,3,4.18,6,1.00003,0,0_3,1.000343,-7.12E-05,,-0.000313,7.12052E-05
0,3,4.2,6,1.00003,0,0_3,1.0003569,-7.98E-05,,-0.0003269,7.98404E-05
0,3,4.22,6,1.00003,0,0_3,1.0003716,-8.83E-05,,-0.0003416,8.8349E-05
0,3,4.24,6,1.00002,0,0_3,1.0003872,-9.66E-05,,-0.0003672,9.65744E-05
0,3,4.26,6,1.00002,0,0_3,1.0004035,-0.000104576,,-0.0003835,0.000104576
0,3,4.28,6,1.00002,0,0_3,1.0004206,-0.000112385,,-0.0004006,0.000112385
0,3,4.3,6,1.00002,0,0_3,1.0004386,-0.000119969,,-0.0004186,0.000119969
0,3,4.32,6,1.00002,0,0_3,1.0004573,-0.000127323,,-0.0004373,0.000127323
0,3,4.34,6,1.00002,0,0_3,1.0004768,-0.000134364,,-0.0004568,0.000134364
0,3,4.36,6,1.00002,0,0_3,1.0004971,-0.000141263,,-0.0004771,0.000141263
0,3,4.38001,6,1.00002,0,0_3,1.0005183,-0.000147872,,-0.0004983,0.000147872
0,3,4.40001,6,1.00002,0,0_3,1.0005404,-0.000154115,,-0.0005204,0.000154115
0,3,4.42001,6,1.00002,0,0_3,1.0005631,-0.000160195,,-0.0005431,0.000160195
0,3,4.44001,6,1.00001,0,0_3,1.0005869,-0.000165969,,-0.0005769,0.000165969
0,3,4.46001,6,1.00001,0,0_3,1.0006114,-0.000171483,,-0.0006014,0.000171483
0,3,4.48001,6,1.00001,0,0_3,1.0006367,-0.000176668,,-0.0006267,0.000176668
0,3,4.50001,6,1.00001,0,0_3,1.0006629,-0.000181571,,-0.0006529,0.000181571
0,3,4.52001,6,1.00001,0,0_3,1.00069,-0.00018619,,-0.00068,0.00018619
0,3,4.54001,6,1,0,0_3,1.0007179,-0.000190541,,-0.0007179,0.000190541
0,3,4.56001,6,1,0,0_3,1.0007466,-0.00019455,,-0.0007466,0.00019455
0,3,4.58001,6,1,0,0_3,1.0007763,-0.00019829,,-0.0007763,0.00019829
0,3,4.60001,6,1,0,0_3,1.0008068,-0.000201672,,-0.0008068,0.000201672
0,3,4.62001,6,1,0,0_3,1.000838,-0.000204816,,-0.000838,0.000204816
0,3,4.64001,6,1,0,0_3,1.0008703,-0.00020761,,-0.0008703,0.00020761
0,3,4.66001,6,0.99999,0,0_3,1.0009035,-0.000210084,,-0.0009135,0.000210084
0,3,4.68001,6,0.99999,0,0_3,1.0009376,-0.000212215,,-0.0009476,0.000212215
0,3,4.70001,6,0.99999,0,0_3,1.0009724,-0.000214055,,-0.0009824,0.000214055
0,3,4.72001,6,0.99999,0,0_3,1.0010083,-0.000215642,,-0.0010183,0.000215642
0,3,4.74001,6,0.99999,0,0_3,1.001045,-0.000216819,,-0.001055,0.000216819
0,3,4.76001,6,0.99999,0,0_3,1.0010825,-0.000217661,,-0.0010925,0.000217661
0,3,4.78001,6,0.99999,0,0_3,1.0011212,-0.00021819,,-0.0011312,0.00021819
0,3,4.80001,6,0.99999,0,0_3,1.0011606,-0.000218362,,-0.0011706,0.000218362
0,3,4.82002,6,0.99999,0,0_3,1.001201,-0.00021828,,-0.001211,0.00021828
0,3,4.84002,6,0.99999,0,0_3,1.0012424,-0.000217825,,-0.0012524,0.000217825
0,3,4.86002,6,0.99999,0,0_3,1.0012847,-0.000217035,,-0.0012947,0.000217035
0,3,4.88002,6,0.99999,0,0_3,1.001328,-0.000215895,,-0.001338,0.000215895
0,3,4.90002,6,0.99999,0,0_3,1.0013721,-0.000214405,,-0.0013821,0.000214405
0,3,4.92002,6,1,0,0_3,1.0014173,-0.000212617,,-0.0014173,0.000212617
0,3,4.94002,6,1,0,0_3,1.0014634,-0.000210457,,-0.0014634,0.000210457
0,3,4.96002,6,1,0,0_3,1.0015106,-0.000207946,,-0.0015106,0.000207946
0,3,4.98002,6,1,0,0_3,1.0015587,-0.0002051,,-0.0015587,0.0002051
0,3,5.00002,6,1,0,0_3,1.0016078,-0.000201933,,-0.0016078,0.000201933
5,0,0,7,0.0949,1,5_0,0.09054804,0.9984319,,0.00435196,0.0015681
5,0,0.02,7,0.09158,0.98732,5_0,0.10016513,0.9926281,,-0.00858513,-0.0053081
5,0,0.04,7,0.17704,0.97184,5_0,0.17117882,0.9772042,,0.00586118,-0.0053642
5,0,0.06,7,0.25666,0.9532,5_0,0.26134592,0.9583912,,-0.00468592,-0.0051912
5,0,0.08,7,0.3307,0.93185,5_0,0.3407374,0.93754315,,-0.0100374,-0.00569315
5,0,0.1,7,0.39941,0.90822,5_0,0.40751755,0.9138924,,-0.00810755,-0.0056724
5,0,0.12,7,0.46306,0.88267,5_0,0.46687448,0.8879268,,-0.00381448,-0.0052568
5,0,0.14,7,0.5219,0.85555,5_0,0.5219563,0.8602443,,-5.63E-05,-0.0046943
5,0,0.16,7,0.57618,0.82716,5_0,0.57387364,0.8312398,,0.00230636,-0.0040798
5,0,0.18,7,0.62615,0.79776,5_0,0.62283397,0.80120635,,0.00331603,-0.00344635
5,0,0.2,7,0.67204,0.76762,5_0,0.6687455,0.77040434,,0.0032945,-0.00278434
5,0,0.22,7,0.71409,0.73694,5_0,0.7114616,0.73908114,,0.0026284,-0.00214114
5,0,0.24,7,0.75252,0.70593,5_0,0.7508648,0.7074785,,0.0016552,-0.0015485
5,0,0.26,7,0.78756,0.67478,5_0,0.78690207,0.6758269,,0.00065793,-0.0010469
5,0,0.28,7,0.81941,0.64364,5_0,0.81959367,0.6443379,,-0.00018367,-0.0006979
5,0,0.3,7,0.84828,0.61266,5_0,0.8490318,0.6131965,,-0.0007518,-0.0005365
5,0,0.32,7,0.87437,0.58197,5_0,0.87537616,0.582546,,-0.00100616,-0.000576
5,0,0.34,7,0.89786,0.5517,5_0,0.898836,0.5524887,,-0.000976,-0.0007887
5,0,0.36,7,0.91894,0.52194,5_0,0.9196541,0.52308285,,-0.0007141,-0.00114285
5,0,0.38,7,0.93779,0.4928,5_0,0.93808746,0.49435315,,-0.00029746,-0.00155315
5,0,0.4,7,0.95456,0.46435,5_0,0.95438904,0.46630156,,0.00017096,-0.00195156
5,0,0.42,7,0.96941,0.43667,5_0,0.96879506,0.43892238,,0.00061494,-0.00225238
5,0,0.44,7,0.9825,0.40981,5_0,0.98151416,0.41221625,,0.00098584,-0.00240625
5,0,0.46,7,0.99397,0.38384,5_0,0.99272674,0.38619575,,0.00124326,-0.00235575
5,0,0.48,7,1.00396,0.35879,5_0,1.0025829,0.3608938,,0.0013771,-0.0021038
5,0,0.5,7,1.01258,0.33471,5_0,1.0112082,0.33635956,,0.0013718,-0.00164956
5,0,0.52,7,1.01997,0.31161,5_0,1.0187062,0.3126567,,0.0012638,-0.0010467
5,0,0.54,7,1.02623,0.28952,5_0,1.0251666,0.28985542,,0.0010634,-0.00033542
5,0,0.56,7,1.03148,0.26845,5_0,1.0306685,0.26802546,,0.0008115,0.00042454
5,0,0.58,7,1.03581,0.2484,5_0,1.0352842,0.24723053,,0.0005258,0.00116947
5,0,0.6,7,1.03931,0.22938,5_0,1.0390832,0.2275213,,0.0002268,0.0018587
5,0,0.62,7,1.04207,0.21138,5_0,1.0421326,0.20893416,,-6.26E-05,0.00244584
5,0,0.64,7,1.04417,0.1944,5_0,1.0444983,0.19148874,,-0.0003283,0.00291126
5,0,0.66,7,1.04569,0.1784,5_0,1.0462455,0.17518698,,-0.0005555,0.00321302
5,0,0.68,7,1.0467,0.16339,5_0,1.0474375,0.16001675,,-0.0007375,0.00337325
5,0,0.7,7,1.04725,0.14932,5_0,1.0481364,0.14595115,,-0.0008864,0.00336885
5,0,0.72,7,1.0474,0.13618,5_0,1.0484003,0.13295344,,-0.0010003,0.00322656
5,0,0.74,7,1.04722,0.12393,5_0,1.048286,0.12097727,,-0.001066,0.00295273
5,0,0.76,7,1.04674,0.11255,5_0,1.0478452,0.10997054,,-0.0011052,0.00257946
5,0,0.78,7,1.04601,0.102,5_0,1.0471269,0.09987724,,-0.0011169,0.00212276
5,0,0.8,7,1.04507,0.09223,5_0,1.0461752,0.090638995,,-0.0011052,0.001591005
5,0,0.82,7,1.04396,0.08323,5_0,1.0450308,0.08219717,,-0.0010708,0.00103283
5,0,0.84,7,1.04271,0.07494,5_0,1.0437298,0.07449345,,-0.0010198,0.00044655
5,0,0.86,7,1.04135,0.06733,5_0,1.0423046,0.06747134,,-0.0009546,-0.00014134
5,0,0.88,7,1.0399,0.06037,5_0,1.0407841,0.061076604,,-0.0008841,-0.000706604
5,0,0.9,7,1.03839,0.054,5_0,1.0391935,0.05525754,,-0.0008035,-0.00125754
5,0,0.92,7,1.03683,0.04821,5_0,1.0375547,0.049965788,,-0.0007247,-0.001755788
5,0,0.94,7,1.03524,0.04294,5_0,1.0358872,0.045155834,,-0.0006472,-0.002215834
5,0,0.96,7,1.03365,0.03816,5_0,1.0342072,0.040785667,,-0.0005572,-0.002625667
5,0,0.98,7,1.03205,0.03384,5_0,1.032529,0.03681625,,-0.000479,-0.00297625
5,0,1,7,1.03047,0.02995,5_0,1.030864,0.03321181,,-0.000394,-0.00326181
5,0,1.02,7,1.02892,0.02644,5_0,1.0292227,0.029939428,,-0.0003027,-0.003499428
5,0,1.04,7,1.02739,0.02329,5_0,1.027613,0.026969008,,-0.000223,-0.003679008
5,0,1.06,7,1.0259,0.02048,5_0,1.026042,0.024273023,,-0.000142,-0.003793023
5,0,1.08,7,1.02446,0.01796,5_0,1.0245149,0.02182652,,-5.49E-05,-0.00386652
5,0,1.1,7,1.02306,0.01572,5_0,1.0230361,0.019606657,,2.39E-05,-0.003886657
5,0,1.12,7,1.02171,0.01372,5_0,1.0216088,0.017592736,,0.0001012,-0.003872736
5,0,1.14,7,1.02041,0.01196,5_0,1.0202357,0.015765943,,0.0001743,-0.003805943
5,0,1.16,7,1.01916,0.01039,5_0,1.0189179,0.014109261,,0.0002421,-0.003719261
5,0,1.18,7,1.01797,0.00901,5_0,1.017657,0.012607127,,0.000313,-0.003597127
5,0,1.2,7,1.01684,0.0078,5_0,1.0164531,0.011245534,,0.0003869,-0.003445534
5,0,1.22,7,1.01576,0.00674,5_0,1.0153065,0.01001174,,0.0004535,-0.00327174
5,0,1.24,7,1.01474,0.0058,5_0,1.0142163,0.008894227,,0.0005237,-0.003094227
5,0,1.26,7,1.01376,0.00499,5_0,1.0131822,0.007882498,,0.0005778,-0.002892498
5,0,1.28,7,1.01284,0.00428,5_0,1.012203,0.006967031,,0.000637,-0.002687031
5,0,1.3,7,1.01198,0.00366,5_0,1.0112776,0.006139234,,0.0007024,-0.002479234
5,0,1.32,7,1.01116,0.00312,5_0,1.0104042,0.005391285,,0.0007558,-0.002271285
5,0,1.34,7,1.01039,0.00266,5_0,1.0095817,0.004716069,,0.0008083,-0.002056069
5,0,1.36,7,1.00966,0.00226,5_0,1.008808,0.004107088,,0.000852,-0.001847088
5,0,1.38,7,1.00898,0.00192,5_0,1.0080817,0.003558569,,0.0008983,-0.001638569
5,0,1.4,7,1.00834,0.00162,5_0,1.0074008,0.003065147,,0.0009392,-0.001445147
5,0,1.42,7,1.00775,0.00137,5_0,1.0067635,0.002621897,,0.0009865,-0.001251897
5,0,1.44,7,1.00719,0.00115,5_0,1.0061679,0.002224453,,0.0010221,-0.001074453
5,0,1.46,7,1.00666,0.00097,5_0,1.0056121,0.001868807,,0.0010479,-0.000898807
5,0,1.48,7,1.00617,0.00081,5_0,1.0050943,0.001551278,,0.0010757,-0.000741278
5,0,1.5,7,1.00572,0.00068,5_0,1.0046127,0.001268484,,0.0011073,-0.000588484
5,0,1.52,7,1.00529,0.00057,5_0,1.0041654,0.001017489,,0.0011246,-0.000447489
5,0,1.54,7,1.0049,0.00047,5_0,1.0037507,0.000795312,,0.0011493,-0.000325312
5,0,1.56,7,1.00453,0.00039,5_0,1.0033668,0.0005996,,0.0011632,-0.0002096
5,0,1.58,7,1.00419,0.00033,5_0,1.0030122,0.000427924,,0.0011778,-9.79241E-05
5,0,1.6,7,1.00387,0.00027,5_0,1.002685,0.000278145,,0.001185,-8.14507E-06
5,0,1.62,7,1.00357,0.00022,5_0,1.002384,0.000148349,,0.001186,7.16515E-05
5,0,1.64,7,1.0033,0.00018,5_0,1.0021074,3.68E-05,,0.0011926,0.000143202
5,0,1.66,7,1.00304,0.00015,5_0,1.0018538,-5.82E-05,,0.0011862,0.000208174
5,0,1.68,7,1.0028,0.00012,5_0,1.0016218,-0.000138171,,0.0011782,0.000258171
5,0,1.7,7,1.00258,0.0001,5_0,1.0014104,-0.000204399,,0.0011696,0.000304399
5,0,1.72,7,1.00238,8.00E-05,5_0,1.001218,-0.000258185,,0.001162,0.000338185
5,0,1.74,7,1.00219,7.00E-05,5_0,1.0010433,-0.000300653,,0.0011467,0.000370653
5,0,1.76,7,1.00202,5.00E-05,5_0,1.0008854,-0.000332952,,0.0011346,0.000382952
5,0,1.78,7,1.00186,4.00E-05,5_0,1.0007432,-0.000355959,,0.0011168,0.000395959
5,0,1.8,7,1.00171,4.00E-05,5_0,1.0006155,-0.000370622,,0.0010945,0.000410622
5,0,1.82,7,1.00157,3.00E-05,5_0,1.0005013,-0.00037773,,0.0010687,0.00040773
5,0,1.84,7,1.00145,2.00E-05,5_0,1.0003998,-0.000378042,,0.0010502,0.000398042
5,0,1.86,7,1.00133,2.00E-05,5_0,1.0003101,-0.000372283,,0.0010199,0.000392283
5,0,1.88,7,1.00122,1.00E-05,5_0,1.0002313,-0.000361025,,0.0009887,0.000371025
5,0,1.9,7,1.00112,1.00E-05,5_0,1.0001627,-0.00034491,,0.0009573,0.00035491
5,0,1.92,7,1.00103,1.00E-05,5_0,1.0001034,-0.000324428,,0.0009266,0.000334428
5,0,1.94,7,1.00094,1.00E-05,5_0,1.0000527,-0.000300109,,0.0008873,0.000310109
5,0,1.96,7,1.00086,1.00E-05,5_0,1.00001,-0.000272408,,0.00085,0.000282408
5,0,1.98,7,1.00079,0,5_0,0.99997485,-0.000241742,,0.00081515,0.000241742
5,0,2,7,1.00072,0,5_0,0.9999463,-0.00020849,,0.0007737,0.00020849
5,0,2.02,7,1.00066,0,5_0,0.99992406,-0.00017304,,0.00073594,0.00017304
5,0,2.04,7,1.00061,0,5_0,0.9999075,-0.000135623,,0.0007025,0.000135623
5,0,2.06,7,1.00055,0,5_0,0.9998961,-9.66E-05,,0.0006539,9.65968E-05
5,0,2.08,7,1.00051,0,5_0,0.9998895,-5.62E-05,,0.0006205,5.62444E-05
5,0,2.1,7,1.00046,0,5_0,0.99988717,-1.48E-05,,0.00057283,1.47671E-05
5,0,2.12,7,1.00042,0,5_0,0.9998887,2.75E-05,,0.0005313,-2.75373E-05
5,0,2.14,7,1.00039,0,5_0,0.99989384,7.05E-05,,0.00049616,-7.04899E-05
5,0,2.16,7,1.00035,0,5_0,0.99990207,0.000113875,,0.00044793,-0.000113875
5,0,2.18,7,1.00032,0,5_0,0.99991316,0.000157617,,0.00040684,-0.000157617
5,0,2.2,7,1.00029,0,5_0,0.9999267,0.000201397,,0.0003633,-0.000201397
5,0,2.22,7,1.00027,0,5_0,0.99994254,0.000245228,,0.00032746,-0.000245228
5,0,2.24,7,1.00025,0,5_0,0.99996024,0.000288844,,0.00028976,-0.000288844
5,0,2.26,7,1.00023,0,5_0,0.99997973,0.000332192,,0.00025027,-0.000332192
5,0,2.28,7,1.00021,0,5_0,1.0000007,0.000375107,,0.0002093,-0.000375107
5,0,2.3,7,1.00019,0,5_0,1.0000228,0.00041756,,0.0001672,-0.00041756
5,0,2.32,7,1.00017,0,5_0,1.000046,0.00045947,,0.000124,-0.00045947
5,0,2.34,7,1.00016,0,5_0,1.00007,0.000500679,,9E-05,-0.000500679
5,0,2.36,7,1.00014,0,5_0,1.0000947,0.000541121,,4.53E-05,-0.000541121
5,0,2.38,7,1.00013,0,5_0,1.0001198,0.000580803,,1.02E-05,-0.000580803
5,0,2.4,7,1.00012,0,5_0,1.0001453,0.000619568,,-2.53E-05,-0.000619568
5,0,2.42,7,1.00011,0,5_0,1.0001711,0.000657439,,-6.11E-05,-0.000657439
5,0,2.44,7,1.0001,0,5_0,1.0001968,0.000694327,,-9.68E-05,-0.000694327
5,0,2.46,7,1.00009,0,5_0,1.0002226,0.000730254,,-0.0001326,-0.000730254
5,0,2.48,7,1.00008,0,5_0,1.0002481,0.000765063,,-0.0001681,-0.000765063
5,0,2.5,7,1.00008,0,5_0,1.0002733,0.000798807,,-0.0001933,-0.000798807
5,0,2.52,7,1.00007,0,5_0,1.0002984,0.000831492,,-0.0002284,-0.000831492
5,0,2.54,7,1.00007,0,5_0,1.0003228,0.000863001,,-0.0002528,-0.000863001
5,0,2.56,7,1.00006,0,5_0,1.0003468,0.000893399,,-0.0002868,-0.000893399
5,0,2.58,7,1.00005,0,5_0,1.0003701,0.000922628,,-0.0003201,-0.000922628
5,0,2.6,7,1.00005,0,5_0,1.0003929,0.000950627,,-0.0003429,-0.000950627
5,0,2.62,7,1.00004,0,5_0,1.000415,0.000977464,,-0.000375,-0.000977464
5,0,2.64,7,1.00004,0,5_0,1.0004362,0.001003102,,-0.0003962,-0.001003102
5,0,2.66,7,1.00003,0,5_0,1.0004567,0.001027554,,-0.0004267,-0.001027554
5,0,2.68,7,1.00003,0,5_0,1.0004762,0.0010508,,-0.0004462,-0.0010508
5,0,2.7,7,1.00003,0,5_0,1.000495,0.001072839,,-0.000465,-0.001072839
5,0,2.72,7,1.00002,0,5_0,1.0005128,0.001093641,,-0.0004928,-0.001093641
5,0,2.74,7,1.00002,0,5_0,1.0005296,0.001113288,,-0.0005096,-0.001113288
5,0,2.76,7,1.00002,0,5_0,1.0005455,0.001131721,,-0.0005255,-0.001131721
5,0,2.78,7,1.00001,0,5_0,1.0005604,0.001149006,,-0.0005504,-0.001149006
5,0,2.8,7,1.00001,0,5_0,1.0005742,0.001165032,,-0.0005642,-0.001165032
5,0,2.82,7,1.00001,0,5_0,1.0005871,0.001179971,,-0.0005771,-0.001179971
5,0,2.84,7,1.00001,0,5_0,1.0005989,0.001193732,,-0.0005889,-0.001193732
5,0,2.86,7,1.00001,0,5_0,1.0006098,0.001206316,,-0.0005998,-0.001206316
5,0,2.88,7,1.00001,0,5_0,1.0006194,0.001217738,,-0.0006094,-0.001217738
5,0,2.9,7,1.00001,0,5_0,1.0006281,0.001228124,,-0.0006181,-0.001228124
5,0,2.92,7,1.00001,0,5_0,1.0006359,0.001237311,,-0.0006259,-0.001237311
5,0,2.94,7,1.00001,0,5_0,1.0006425,0.001245476,,-0.0006325,-0.001245476
5,0,2.96,7,1.00001,0,5_0,1.0006481,0.00125248,,-0.0006381,-0.00125248
5,0,2.98,7,1.00001,0,5_0,1.0006527,0.001258537,,-0.0006427,-0.001258537
5,0,3,7,1.00001,0,5_0,1.0006561,0.001263425,,-0.0006461,-0.001263425
5,0,3.02,7,1.00001,0,5_0,1.0006588,0.001267366,,-0.0006488,-0.001267366
5,0,3.04,7,1.00002,0,5_0,1.0006603,0.001270272,,-0.0006403,-0.001270272
5,0,3.06,7,1.00002,0,5_0,1.0006609,0.001272194,,-0.0006409,-0.001272194
5,0,3.08,7,1.00002,0,5_0,1.0006605,0.00127314,,-0.0006405,-0.00127314
5,0,3.1,7,1.00002,0,5_0,1.0006592,0.001273088,,-0.0006392,-0.001273088
5,0,3.12,7,1.00002,0,5_0,1.0006571,0.001272112,,-0.0006371,-0.001272112
5,0,3.14,7,1.00002,0,5_0,1.0006539,0.001270242,,-0.0006339,-0.001270242
5,0,3.16,7,1.00002,0,5_0,1.0006498,0.001267448,,-0.0006298,-0.001267448
5,0,3.18,7,1.00002,0,5_0,1.000645,0.001263768,,-0.000625,-0.001263768
5,0,3.2,7,1.00002,0,5_0,1.0006393,0.001259215,,-0.0006193,-0.001259215
5,0,3.22,7,1.00002,0,5_0,1.0006328,0.001253821,,-0.0006128,-0.001253821
5,0,3.24,7,1.00002,0,5_0,1.0006254,0.001247637,,-0.0006054,-0.001247637
5,0,3.26,7,1.00002,0,5_0,1.0006174,0.001240574,,-0.0005974,-0.001240574
5,0,3.28,7,1.00002,0,5_0,1.0006084,0.001232773,,-0.0005884,-0.001232773
5,0,3.3,7,1.00002,0,5_0,1.0005989,0.00122416,,-0.0005789,-0.00122416
5,0,3.32,7,1.00002,0,5_0,1.0005887,0.001214869,,-0.0005687,-0.001214869
5,0,3.34,7,1.00002,0,5_0,1.0005777,0.001204819,,-0.0005577,-0.001204819
5,0,3.36,7,1.00002,0,5_0,1.0005661,0.001193978,,-0.0005461,-0.001193978
5,0,3.38,7,1.00002,0,5_0,1.000554,0.001182519,,-0.000534,-0.001182519
5,0,3.4,7,1.00002,0,5_0,1.0005412,0.0011703,,-0.0005212,-0.0011703
5,0,3.42,7,1.00002,0,5_0,1.0005279,0.001157485,,-0.0005079,-0.001157485
5,0,3.44,7,1.00002,0,5_0,1.000514,0.001144074,,-0.000494,-0.001144074
5,0,3.46,7,1.00002,0,5_0,1.0004996,0.001129948,,-0.0004796,-0.001129948
5,0,3.48,7,1.00002,0,5_0,1.0004848,0.001115248,,-0.0004648,-0.001115248
5,0,3.5,7,1.00002,0,5_0,1.0004696,0.001099974,,-0.0004496,-0.001099974
5,0,3.52,7,1.00002,0,5_0,1.0004538,0.001084134,,-0.0004338,-0.001084134
5,0,3.54,7,1.00002,0,5_0,1.0004377,0.001067706,,-0.0004177,-0.001067706
5,0,3.56,7,1.00002,0,5_0,1.0004214,0.0010508,,-0.0004014,-0.0010508
5,0,3.58,7,1.00002,0,5_0,1.0004046,0.001033269,,-0.0003846,-0.001033269
5,0,3.6,7,1.00002,0,5_0,1.0003875,0.001015306,,-0.0003675,-0.001015306
5,0,3.62,7,1.00002,0,5_0,1.0003701,0.000996858,,-0.0003501,-0.000996858
5,0,3.64,7,1.00002,0,5_0,1.0003526,0.000977911,,-0.0003326,-0.000977911
5,0,3.66,7,1.00002,0,5_0,1.0003347,0.000958525,,-0.0003147,-0.000958525
5,0,3.68,7,1.00002,0,5_0,1.0003167,0.000938721,,-0.0002967,-0.000938721
5,0,3.7,7,1.00002,0,5_0,1.0002986,0.000918441,,-0.0002786,-0.000918441
5,0,3.72,7,1.00002,0,5_0,1.0002803,0.000897788,,-0.0002603,-0.000897788
5,0,3.74,7,1.00002,0,5_0,1.0002619,0.000876732,,-0.0002419,-0.000876732
5,0,3.76,7,1.00002,0,5_0,1.0002434,0.000855252,,-0.0002234,-0.000855252
5,0,3.78,7,1.00002,0,5_0,1.0002248,0.000833496,,-0.0002048,-0.000833496
5,0,3.8,7,1.00001,0,5_0,1.0002062,0.000811338,,-0.0001962,-0.000811338
5,0,3.82,7,1.00001,0,5_0,1.0001876,0.000788853,,-0.0001776,-0.000788853
5,0,3.84,7,1.00001,0,5_0,1.000169,0.000766009,,-0.000159,-0.000766009
5,0,3.86,7,1.00001,0,5_0,1.0001506,0.000742845,,-0.0001406,-0.000742845
5,0,3.88,7,1.00001,0,5_0,1.0001321,0.000719495,,-0.0001221,-0.000719495
5,0,3.9,7,1.00001,0,5_0,1.0001138,0.000695765,,-0.0001038,-0.000695765
5,0,3.92,7,1.00001,0,5_0,1.0000956,0.000671811,,-8.56E-05,-0.000671811
5,0,3.94,7,1,0,5_0,1.0000775,0.000647567,,-7.75E-05,-0.000647567
5,0,3.96,7,1,0,5_0,1.0000596,0.0006231,,-5.96E-05,-0.0006231
5,0,3.98,7,1,0,5_0,1.0000418,0.000598408,,-4.18E-05,-0.000598408
5,0,4,7,1,0,5_0,1.0000243,0.000573501,,-2.43E-05,-0.000573501
5,0,4.02,7,1,0,5_0,1.0000072,0.000548333,,-7.2E-06,-0.000548333
5,0,4.04,7,1,0,5_0,0.9999901,0.000522986,,9.9E-06,-0.000522986
5,0,4.06,7,0.99999,0,5_0,0.9999734,0.000497483,,1.66E-05,-0.000497483
5,0,4.08,7,0.99999,0,5_0,0.99995697,0.000471808,,3.303E-05,-0.000471808
5,0,4.1,7,0.99999,0,5_0,0.9999409,0.000445895,,4.91E-05,-0.000445895
5,0,4.12,7,0.99999,0,5_0,0.9999251,0.000419885,,6.49E-05,-0.000419885
5,0,4.14,7,0.99998,0,5_0,0.99990964,0.000393748,,7.036E-05,-0.000393748
5,0,4.16,7,0.99998,0,5_0,0.9998946,0.000367507,,8.54E-05,-0.000367507
5,0,4.18,7,0.99998,0,5_0,0.9998801,0.000341065,,9.99E-05,-0.000341065
5,0,4.2,7,0.99998,0,5_0,0.9998659,0.000314504,,0.0001141,-0.000314504
5,0,4.22,7,0.99998,0,5_0,0.9998522,0.000287868,,0.0001278,-0.000287868
5,0,4.24,7,0.99998,0,5_0,0.9998389,0.000261188,,0.0001411,-0.000261188
5,0,4.26,7,0.99998,0,5_0,0.999826,0.000234351,,0.000154,-0.000234351
5,0,4.28,7,0.99998,0,5_0,0.99981374,0.000207476,,0.00016626,-0.000207476
5,0,4.3,7,0.99998,0,5_0,0.99980193,0.000180535,,0.00017807,-0.000180535
5,0,4.32,7,0.99997,0,5_0,0.99979067,0.000153497,,0.00017933,-0.000153497
5,0,4.34,7,0.99997,0,5_0,0.99977994,0.000126474,,0.00019006,-0.000126474
5,0,4.36,7,0.99997,0,5_0,0.99976975,9.94E-05,,0.00020025,-9.93684E-05
5,0,4.38001,7,0.99997,0,5_0,0.9997602,7.22E-05,,0.0002098,-7.22483E-05
5,0,4.40001,7,0.99997,0,5_0,0.9997512,4.50E-05,,0.0002188,-4.50313E-05
5,0,4.42001,7,0.99997,0,5_0,0.9997428,1.79E-05,,0.0002272,-1.78739E-05
5,0,4.44001,7,0.99997,0,5_0,0.999735,-9.33E-06,,0.000235,9.32813E-06
5,0,4.46001,7,0.99997,0,5_0,0.9997278,-3.65E-05,,0.0002422,3.65227E-05
5,0,4.48001,7,0.99997,0,5_0,0.9997213,-6.37E-05,,0.0002487,6.37099E-05
5,0,4.50001,7,0.99997,0,5_0,0.9997155,-9.09E-05,,0.0002545,9.09492E-05
5,0,4.52001,7,0.99997,0,5_0,0.99971026,-0.000118069,,0.00025974,0.000118069
5,0,4.54001,7,0.99997,0,5_0,0.9997058,-0.000145242,,0.0002642,0.000145242
5,0,4.56001,7,0.99998,0,5_0,0.999702,-0.000172332,,0.000278,0.000172332
5,0,4.58001,7,0.99998,0,5_0,0.99969894,-0.00019943,,0.00028106,0.00019943
5,0,4.60001,7,0.99998,0,5_0,0.9996966,-0.00022649,,0.0002834,0.00022649
5,0,4.62001,7,0.99998,0,5_0,0.9996949,-0.000253417,,0.0002851,0.000253417
5,0,4.64001,7,0.99998,0,5_0,0.999694,-0.00028035,,0.000286,0.00028035
5,0,4.66001,7,0.99998,0,5_0,0.9996938,-0.00030724,,0.0002862,0.00030724
5,0,4.68001,7,0.99998,0,5_0,0.99969447,-0.000334047,,0.00028553,0.000334047
5,0,4.70001,7,0.99998,0,5_0,0.99969584,-0.000360787,,0.00028416,0.000360787
5,0,4.72001,7,0.99998,0,5_0,0.999698,-0.000387445,,0.000282,0.000387445
5,0,4.74001,7,0.99998,0,5_0,0.9997009,-0.000413962,,0.0002791,0.000413962
5,0,4.76001,7,0.99998,0,5_0,0.99970466,-0.000440486,,0.00027534,0.000440486
5,0,4.78001,7,0.99998,0,5_0,0.9997093,-0.000466906,,0.0002707,0.000466906
5,0,4.80001,7,0.99999,0,5_0,0.9997146,-0.000493184,,0.0002754,0.000493184
5,0,4.82002,7,0.99999,0,5_0,0.9997208,-0.000519395,,0.0002692,0.000519395
5,0,4.84002,7,0.99999,0,5_0,0.99972785,-0.000545494,,0.00026215,0.000545494
5,0,4.86002,7,0.99999,0,5_0,0.9997357,-0.000571452,,0.0002543,0.000571452
5,0,4.88002,7,0.99999,0,5_0,0.9997444,-0.000597298,,0.0002456,0.000597298
5,0,4.90002,7,0.99999,0,5_0,0.99975395,-0.000623032,,0.00023605,0.000623032
5,0,4.92002,7,0.99999,0,5_0,0.9997643,-0.000648633,,0.0002257,0.000648633
5,0,4.94002,7,0.99999,0,5_0,0.99977565,-0.000674084,,0.00021435,0.000674084
5,0,4.96002,7,1,0,5_0,0.9997878,-0.000699461,,0.0002122,0.000699461
5,0,4.98002,7,1,0,5_0,0.9998008,-0.000724651,,0.0001992,0.000724651
5,0,5.00002,7,1,0,5_0,0.99981475,-0.000749715,,0.00018525,0.000749715
5,1,0,8,0.0949,1,5_1,0.09169775,0.9923837,,0.00320225,0.0076163
5,1,0.02,8,0.12881,0.99617,5_1,0.12841958,0.992571,,0.00039042,0.003599
5,1,0.04,8,0.248,0.9866,5_1,0.2397607,0.9852859,,0.0082393,0.0013141
5,1,0.06,8,0.35792,0.97144,5_1,0.36007118,0.9737226,,-0.00215118,-0.0022826
5,1,0.08,8,0.45896,0.95161,5_1,0.46339154,0.9558213,,-0.00443154,-0.0042113
5,1,0.1,8,0.55152,0.92792,5_1,0.5534959,0.9321934,,-0.0019759,-0.0042734
5,1,0.12,8,0.636,0.90107,5_1,0.635439,0.9043889,,0.000561,-0.0033189
5,1,0.14,8,0.71282,0.8717,5_1,0.71109664,0.87349856,,0.00172336,-0.00179856
5,1,0.16,8,0.78238,0.84037,5_1,0.7808255,0.8403491,,0.0015545,2.09E-05
5,1,0.18,8,0.84511,0.80754,5_1,0.8445513,0.80566394,,0.0005587,0.00187606
5,1,0.2,8,0.90141,0.77365,5_1,0.90216446,0.7700937,,-0.00075446,0.0035563
5,1,0.22,8,0.95168,0.73907,5_1,0.9536504,0.7342019,,-0.0019704,0.0048681
5,1,0.24,8,0.99632,0.70411,5_1,0.9991278,0.69844866,,-0.0028078,0.00566134
5,1,0.26,8,1.03571,0.66906,5_1,1.038859,0.66317296,,-0.003149,0.00588704
5,1,0.28,8,1.07023,0.63417,5_1,1.0732278,0.6285912,,-0.0029978,0.0055788
5,1,0.3,8,1.10023,0.59964,5_1,1.1026958,0.5948154,,-0.0024658,0.0048246
5,1,0.32,8,1.12608,0.56565,5_1,1.1277606,0.56187654,,-0.0016806,0.00377346
5,1,0.34,8,1.14809,0.53236,5_1,1.1489124,0.5297606,,-0.0008224,0.0025994
5,1,0.36,8,1.16659,0.49989,5_1,1.1666033,0.49843952,,-1.33E-05,0.00145048
5,1,0.38,8,1.18188,0.46835,5_1,1.181231,0.46789736,,0.000649,0.00045264
5,1,0.4,8,1.19425,0.43784,5_1,1.1931348,0.4381425,,0.0011152,-0.0003025
5,1,0.42,8,1.20397,0.40843,5_1,1.2026007,0.40921277,,0.0013693,-0.00078277
5,1,0.44,8,1.21131,0.38016,5_1,1.2098708,0.38116997,,0.0014392,-0.00100997
5,1,0.46,8,1.21651,0.35309,5_1,1.215153,0.3540923,,0.001357,-0.0010023
5,1,0.48,8,1.21979,0.32725,5_1,1.218631,0.32806423,,0.001159,-0.00081423
5,1,0.5,8,1.22137,0.30265,5_1,1.2204742,0.3031656,,0.0008958,-0.0005156
5,1,0.52,8,1.22145,0.2793,5_1,1.2208395,0.27946618,,0.0006105,-0.00016618
5,1,0.54,8,1.2202,0.2572,5_1,1.2198783,0.2570197,,0.0003217,0.0001803
5,1,0.56,8,1.21782,0.23635,5_1,1.217736,0.23586076,,8.4E-05,0.00048924
5,1,0.58,8,1.21444,0.21672,5_1,1.2145541,0.21600556,,-0.0001141,0.00071444
5,1,0.6,8,1.21022,0.1983,5_1,1.2104685,0.19745108,,-0.0002485,0.00084892
5,1,0.62,8,1.20529,0.18105,5_1,1.2056106,0.18017915,,-0.0003206,0.00087085
5,1,0.64,8,1.19977,0.16496,5_1,1.2001038,0.16415736,,-0.0003338,0.00080264
5,1,0.66,8,1.19377,0.14996,5_1,1.1940656,0.14934142,,-0.0002956,0.00061858
5,1,0.68,8,1.1874,0.13604,5_1,1.1876043,0.13568,,-0.0002043,0.00036
5,1,0.7,8,1.18073,0.12315,5_1,1.1808197,0.12311427,,-8.97E-05,3.573E-05
5,1,0.72,8,1.17385,0.11123,5_1,1.1738026,0.11158234,,4.74E-05,-0.00035234
5,1,0.74,8,1.16683,0.10025,5_1,1.1666344,0.10102001,,0.0001956,-0.00077001
5,1,0.76,8,1.15974,0.09016,5_1,1.1593869,0.09136259,,0.0003531,-0.00120259
5,1,0.78,8,1.15263,0.08091,5_1,1.1521235,0.082546145,,0.0005065,-0.001636145
5,1,0.8,8,1.14554,0.07245,5_1,1.1448987,0.07450797,,0.0006413,-0.00205797
5,1,0.82,8,1.13853,0.06473,5_1,1.1377591,0.06718816,,0.0007709,-0.00245816
5,1,0.84,8,1.13162,0.05771,5_1,1.1307436,0.060529053,,0.0008764,-0.002819053
5,1,0.86,8,1.12485,0.05134,5_1,1.1238848,0.05447661,,0.0009652,-0.00313661
5,1,0.88,8,1.11825,0.04557,5_1,1.1172087,0.048979715,,0.0010413,-0.003409715
5,1,0.9,8,1.11182,0.04036,5_1,1.1107357,0.043990854,,0.0010843,-0.003630854
5,1,0.92,8,1.1056,0.03567,5_1,1.1044817,0.039465692,,0.0011183,-0.003795692
5,1,0.94,8,1.09958,0.03146,5_1,1.098458,0.03536338,,0.001122,-0.00390338
5,1,0.96,8,1.09379,0.02768,5_1,1.0926728,0.031646147,,0.0011172,-0.003966147
5,1,0.98,8,1.08823,0.0243,5_1,1.0871304,0.028279364,,0.0010996,-0.003979364
5,1,1,8,1.08291,0.02129,5_1,1.0818328,0.02523122,,0.0010772,-0.00394122
5,1,1.02,8,1.07782,0.01861,5_1,1.0767798,0.02247262,,0.0010402,-0.00386262
5,1,1.04,8,1.07296,0.01623,5_1,1.0719689,0.019977137,,0.0009911,-0.003747137
5,1,1.06,8,1.06834,0.01413,5_1,1.0673968,0.017720543,,0.0009432,-0.003590543
5,1,1.08,8,1.06395,0.01227,5_1,1.0630581,0.015680715,,0.0008919,-0.003410715
5,1,1.1,8,1.05979,0.01063,5_1,1.0589472,0.013837837,,0.0008428,-0.003207837
5,1,1.12,8,1.05585,0.00919,5_1,1.0550572,0.012173601,,0.0007928,-0.002983601
5,1,1.14,8,1.05213,0.00793,5_1,1.0513806,0.010671586,,0.0007494,-0.002741586
5,1,1.16,8,1.04862,0.00683,5_1,1.0479102,0.009316757,,0.0007098,-0.002486757
5,1,1.18,8,1.04531,0.00586,5_1,1.0446376,0.008095577,,0.0006724,-0.002235577
5,1,1.2,8,1.04219,0.00503,5_1,1.0415547,0.006995723,,0.0006353,-0.001965723
5,1,1.22,8,1.03926,0.0043,5_1,1.0386534,0.006005943,,0.0006066,-0.001705943
5,1,1.24,8,1.03651,0.00367,5_1,1.0359253,0.005116217,,0.0005847,-0.001446217
5,1,1.26,8,1.03393,0.00313,5_1,1.0333625,0.004317336,,0.0005675,-0.001187336
5,1,1.28,8,1.03151,0.00266,5_1,1.030957,0.003600963,,0.000553,-0.000940963
5,1,1.3,8,1.02925,0.00225,5_1,1.0287008,0.002959557,,0.0005492,-0.000709557
5,1,1.32,8,1.02713,0.00191,5_1,1.0265865,0.002386197,,0.0005435,-0.000476197
5,1,1.34,8,1.02516,0.00161,5_1,1.0246065,0.001874752,,0.0005535,-0.000264752
5,1,1.36,8,1.02331,0.00136,5_1,1.0227536,0.001419492,,0.0005564,-5.94921E-05
5,1,1.38,8,1.02159,0.00114,5_1,1.0210211,0.00101535,,0.0005689,0.00012465
5,1,1.4,8,1.01999,0.00096,5_1,1.0194023,0.000657655,,0.0005877,0.000302345
5,1,1.42,8,1.01849,0.0008,5_1,1.0178907,0.000342079,,0.0005993,0.000457922
5,1,1.44,8,1.0171,0.00067,5_1,1.0164804,6.49E-05,,0.0006196,0.000605068
5,1,1.46,8,1.01581,0.00056,5_1,1.0151654,-0.000177458,,0.0006446,0.000737458
5,1,1.48,8,1.0146,0.00047,5_1,1.0139405,-0.00038828,,0.0006595,0.00085828
5,1,1.5,8,1.01349,0.00039,5_1,1.0127999,-0.000570312,,0.0006901,0.000960312
5,1,1.52,8,1.01245,0.00032,5_1,1.011739,-0.000726342,,0.000711,0.001046342
5,1,1.54,8,1.01149,0.00027,5_1,1.0107528,-0.000858769,,0.0007372,0.001128769
5,1,1.56,8,1.01059,0.00022,5_1,1.0098367,-0.000969753,,0.0007533,0.001189753
5,1,1.58,8,1.00977,0.00018,5_1,1.0089867,-0.001061387,,0.0007833,0.001241387
5,1,1.6,8,1.009,0.00015,5_1,1.0081984,-0.001135416,,0.0008016,0.001285416
5,1,1.62,8,1.00829,0.00012,5_1,1.0074682,-0.001193665,,0.0008218,0.001313665
5,1,1.64,8,1.00763,0.0001,5_1,1.0067923,-0.001237467,,0.0008377,0.001337467
5,1,1.66,8,1.00703,8.00E-05,5_1,1.0061673,-0.001268439,,0.0008627,0.001348439
5,1,1.68,8,1.00646,7.00E-05,5_1,1.0055901,-0.001287714,,0.0008699,0.001357714
5,1,1.7,8,1.00594,6.00E-05,5_1,1.0050573,-0.001296558,,0.0008827,0.001356558
5,1,1.72,8,1.00547,5.00E-05,5_1,1.0045663,-0.001296029,,0.0009037,0.001346029
5,1,1.74,8,1.00502,4.00E-05,5_1,1.0041143,-0.001287088,,0.0009057,0.001327088
5,1,1.76,8,1.00461,3.00E-05,5_1,1.0036986,-0.001270674,,0.0009114,0.001300674
5,1,1.78,8,1.00424,2.00E-05,5_1,1.003317,-0.00124763,,0.000923,0.00126763
5,1,1.8,8,1.00389,2.00E-05,5_1,1.0029671,-0.001218639,,0.0009229,0.001238639
5,1,1.82,8,1.00357,2.00E-05,5_1,1.0026467,-0.001184478,,0.0009233,0.001204478
5,1,1.84,8,1.00327,1.00E-05,5_1,1.0023538,-0.001145683,,0.0009162,0.001155683
5,1,1.86,8,1.003,1.00E-05,5_1,1.0020866,-0.001102909,,0.0009134,0.001112909
5,1,1.88,8,1.00275,1.00E-05,5_1,1.0018433,-0.001056731,,0.0009067,0.001066731
5,1,1.9,8,1.00252,1.00E-05,5_1,1.0016222,-0.001007557,,0.0008978,0.001017557
5,1,1.92,8,1.0023,1.00E-05,5_1,1.0014217,-0.000955828,,0.0008783,0.000965828
5,1,1.94,8,1.00211,0,5_1,1.0012404,-0.000901997,,0.0008696,0.000901997
5,1,1.96,8,1.00193,0,5_1,1.0010768,-0.000846431,,0.0008532,0.000846431
5,1,1.98,8,1.00176,0,5_1,1.0009297,-0.000789486,,0.0008303,0.000789486
5,1,2,8,1.00161,0,5_1,1.0007979,-0.000731424,,0.0008121,0.000731424
5,1,2.02,8,1.00147,0,5_1,1.0006801,-0.000672556,,0.0007899,0.000672556
5,1,2.04,8,1.00135,0,5_1,1.0005754,-0.000613146,,0.0007746,0.000613146
5,1,2.06,8,1.00123,0,5_1,1.0004828,-0.000553504,,0.0007472,0.000553504
5,1,2.08,8,1.00112,0,5_1,1.0004011,-0.000493698,,0.0007189,0.000493698
5,1,2.1,8,1.00103,0,5_1,1.0003297,-0.000434011,,0.0007003,0.000434011
5,1,2.12,8,1.00093,0,5_1,1.0002679,-0.000374571,,0.0006621,0.000374571
5,1,2.14,8,1.00085,0,5_1,1.0002145,-0.000315651,,0.0006355,0.000315651
5,1,2.16,8,1.00078,0,5_1,1.000169,-0.000257291,,0.000611,0.000257291
5,1,2.18,8,1.00071,0,5_1,1.0001309,-0.000199586,,0.0005791,0.000199586
5,1,2.2,8,1.00064,0,5_1,1.0000993,-0.000142835,,0.0005407,0.000142835
5,1,2.22,8,1.00059,0,5_1,1.0000738,-8.70E-05,,0.0005162,8.69706E-05
5,1,2.24,8,1.00053,0,5_1,1.0000536,-3.21E-05,,0.0004764,3.21344E-05
5,1,2.26,8,1.00048,0,5_1,1.0000385,2.15E-05,,0.0004415,-2.15024E-05
5,1,2.28,8,1.00044,0,5_1,1.0000279,7.40E-05,,0.0004121,-7.39545E-05
5,1,2.3,8,1.0004,0,5_1,1.0000213,0.000125185,,0.0003787,-0.000125185
5,1,2.32,8,1.00036,0,5_1,1.0000184,0.000175051,,0.0003416,-0.000175051
5,1,2.34,8,1.00033,0,5_1,1.0000186,0.000223555,,0.0003114,-0.000223555
5,1,2.36,8,1.0003,0,5_1,1.0000218,0.000270642,,0.0002782,-0.000270642
5,1,2.38,8,1.00027,0,5_1,1.0000275,0.00031621,,0.0002425,-0.00031621
5,1,2.4,8,1.00024,0,5_1,1.0000355,0.000360325,,0.0002045,-0.000360325
5,1,2.42,8,1.00022,0,5_1,1.0000454,0.000402905,,0.0001746,-0.000402905
5,1,2.44,8,1.0002,0,5_1,1.000057,0.000443943,,0.000143,-0.000443943
5,1,2.46,8,1.00018,0,5_1,1.0000701,0.000483409,,0.0001099,-0.000483409
5,1,2.48,8,1.00016,0,5_1,1.0000843,0.000521347,,7.57E-05,-0.000521347
5,1,2.5,8,1.00014,0,5_1,1.0000995,0.000557624,,4.05E-05,-0.000557624
5,1,2.52,8,1.00013,0,5_1,1.0001156,0.000592381,,1.44E-05,-0.000592381
5,1,2.54,8,1.00012,0,5_1,1.0001323,0.000625514,,-1.23E-05,-0.000625514
5,1,2.56,8,1.00011,0,5_1,1.0001495,0.000657059,,-3.95E-05,-0.000657059
5,1,2.58,8,1.0001,0,5_1,1.0001669,0.000687011,,-6.69E-05,-0.000687011
5,1,2.6,8,1.00009,0,5_1,1.0001847,0.000715375,,-9.47E-05,-0.000715375
5,1,2.62,8,1.00008,0,5_1,1.0002023,0.000742212,,-0.0001223,-0.000742212
5,1,2.64,8,1.00007,0,5_1,1.00022,0.000767417,,-0.00015,-0.000767417
5,1,2.66,8,1.00007,0,5_1,1.0002375,0.00079114,,-0.0001675,-0.00079114
5,1,2.68,8,1.00006,0,5_1,1.0002546,0.000813343,,-0.0001946,-0.000813343
5,1,2.7,8,1.00006,0,5_1,1.0002714,0.000833988,,-0.0002114,-0.000833988
5,1,2.72,8,1.00005,0,5_1,1.0002879,0.000853121,,-0.0002379,-0.000853121
5,1,2.74,8,1.00005,0,5_1,1.0003037,0.000870802,,-0.0002537,-0.000870802
5,1,2.76,8,1.00004,0,5_1,1.000319,0.000887007,,-0.000279,-0.000887007
5,1,2.78,8,1.00004,0,5_1,1.0003338,0.000901766,,-0.0002938,-0.000901766
5,1,2.8,8,1.00003,0,5_1,1.0003479,0.000915125,,-0.0003179,-0.000915125
5,1,2.82,8,1.00003,0,5_1,1.0003611,0.000927068,,-0.0003311,-0.000927068
5,1,2.84,8,1.00003,0,5_1,1.0003737,0.000937663,,-0.0003437,-0.000937663
5,1,2.86,8,1.00003,0,5_1,1.0003855,0.000946887,,-0.0003555,-0.000946887
5,1,2.88,8,1.00002,0,5_1,1.0003965,0.000954747,,-0.0003765,-0.000954747
5,1,2.9,8,1.00002,0,5_1,1.0004066,0.000961393,,-0.0003866,-0.000961393
5,1,2.92,8,1.00002,0,5_1,1.0004159,0.000966705,,-0.0003959,-0.000966705
5,1,2.94,8,1.00002,0,5_1,1.0004244,0.000970773,,-0.0004044,-0.000970773
5,1,2.96,8,1.00002,0,5_1,1.000432,0.000973575,,-0.000412,-0.000973575
5,1,2.98,8,1.00002,0,5_1,1.0004387,0.000975296,,-0.0004187,-0.000975296
5,1,3,8,1.00001,0,5_1,1.0004444,0.00097581,,-0.0004344,-0.00097581
5,1,3.02,8,1.00001,0,5_1,1.0004494,0.000975162,,-0.0004394,-0.000975162
5,1,3.04,8,1.00001,0,5_1,1.0004535,0.000973396,,-0.0004435,-0.000973396
5,1,3.06,8,1.00001,0,5_1,1.0004566,0.000970528,,-0.0004466,-0.000970528
5,1,3.08,8,1.00001,0,5_1,1.000459,0.000966653,,-0.000449,-0.000966653
5,1,3.1,8,1.00001,0,5_1,1.0004604,0.000961721,,-0.0004504,-0.000961721
5,1,3.12,8,1.00001,0,5_1,1.000461,0.000955708,,-0.000451,-0.000955708
5,1,3.14,8,1.00001,0,5_1,1.0004607,0.000948787,,-0.0004507,-0.000948787
5,1,3.16,8,1.00001,0,5_1,1.0004597,0.000940919,,-0.0004497,-0.000940919
5,1,3.18,8,1,0,5_1,1.0004579,0.000932135,,-0.0004579,-0.000932135
5,1,3.2,8,1,0,5_1,1.0004553,0.000922442,,-0.0004553,-0.000922442
5,1,3.22,8,1,0,5_1,1.0004519,0.000911817,,-0.0004519,-0.000911817
5,1,3.24,8,1,0,5_1,1.0004479,0.000900373,,-0.0004479,-0.000900373
5,1,3.26,8,1,0,5_1,1.000443,0.000888117,,-0.000443,-0.000888117
5,1,3.28,8,1,0,5_1,1.0004374,0.000875086,,-0.0004374,-0.000875086
5,1,3.3,8,1,0,5_1,1.0004313,0.000861242,,-0.0004313,-0.000861242
5,1,3.32,8,1,0,5_1,1.0004245,0.000846639,,-0.0004245,-0.000846639
5,1,3.34,8,1,0,5_1,1.000417,0.000831358,,-0.000417,-0.000831358
5,1,3.36,8,0.99999,0,5_1,1.000409,0.000815317,,-0.000419,-0.000815317
5,1,3.38,8,0.99999,0,5_1,1.0004003,0.000798672,,-0.0004103,-0.000798672
5,1,3.4,8,0.99999,0,5_1,1.0003912,0.00078132,,-0.0004012,-0.00078132
5,1,3.42,8,0.99999,0,5_1,1.0003816,0.000763357,,-0.0003916,-0.000763357
5,1,3.44,8,0.99999,0,5_1,1.0003715,0.000744745,,-0.0003815,-0.000744745
5,1,3.46,8,0.99999,0,5_1,1.0003608,0.00072562,,-0.0003708,-0.00072562
5,1,3.48,8,0.99999,0,5_1,1.0003498,0.000705868,,-0.0003598,-0.000705868
5,1,3.5,8,0.99999,0,5_1,1.0003383,0.000685632,,-0.0003483,-0.000685632
5,1,3.52,8,0.99999,0,5_1,1.0003266,0.000664823,,-0.0003366,-0.000664823
5,1,3.54,8,0.99998,0,5_1,1.0003145,0.000643559,,-0.0003345,-0.000643559
5,1,3.56,8,0.99998,0,5_1,1.0003021,0.000621788,,-0.0003221,-0.000621788
5,1,3.58,8,0.99998,0,5_1,1.0002893,0.000599563,,-0.0003093,-0.000599563
5,1,3.6,8,0.99998,0,5_1,1.0002763,0.000576936,,-0.0002963,-0.000576936
5,1,3.62,8,0.99998,0,5_1,1.0002631,0.000553884,,-0.0002831,-0.000553884
5,1,3.64,8,0.99998,0,5_1,1.0002496,0.000530392,,-0.0002696,-0.000530392
5,1,3.66,8,0.99998,0,5_1,1.000236,0.000506558,,-0.000256,-0.000506558
5,1,3.68,8,0.99998,0,5_1,1.0002223,0.000482336,,-0.0002423,-0.000482336
5,1,3.7,8,0.99997,0,5_1,1.0002085,0.000457734,,-0.0002385,-0.000457734
5,1,3.72,8,0.99997,0,5_1,1.0001945,0.000432879,,-0.0002245,-0.000432879
5,1,3.74,8,0.99997,0,5_1,1.0001805,0.000407681,,-0.0002105,-0.000407681
5,1,3.76,8,0.99997,0,5_1,1.0001665,0.000382178,,-0.0001965,-0.000382178
5,1,3.78,8,0.99997,0,5_1,1.0001523,0.000356466,,-0.0001823,-0.000356466
5,1,3.8,8,0.99997,0,5_1,1.0001383,0.000330448,,-0.0001683,-0.000330448
5,1,3.82,8,0.99997,0,5_1,1.0001243,0.000304155,,-0.0001543,-0.000304155
5,1,3.84,8,0.99997,0,5_1,1.0001104,0.000277683,,-0.0001404,-0.000277683
5,1,3.86,8,0.99997,0,5_1,1.0000966,0.000251025,,-0.0001266,-0.000251025
5,1,3.88,8,0.99997,0,5_1,1.0000829,0.000224084,,-0.0001129,-0.000224084
5,1,3.9,8,0.99997,0,5_1,1.0000691,0.000197031,,-9.91E-05,-0.000197031
5,1,3.92,8,0.99997,0,5_1,1.0000558,0.000169754,,-8.58E-05,-0.000169754
5,1,3.94,8,0.99997,0,5_1,1.0000424,0.000142336,,-7.24E-05,-0.000142336
5,1,3.96,8,0.99997,0,5_1,1.0000294,0.000114799,,-5.94E-05,-0.000114799
5,1,3.98,8,0.99997,0,5_1,1.0000167,8.71E-05,,-4.67E-05,-8.71047E-05
5,1,4,8,0.99997,0,5_1,1.000004,5.93E-05,,-3.4E-05,-5.92992E-05
5,1,4.02,8,0.99997,0,5_1,0.9999918,3.14E-05,,-2.18E-05,-3.13967E-05
5,1,4.04,8,0.99998,0,5_1,0.99997973,3.40E-06,,2.7E-07,-3.40492E-06
5,1,4.06,8,0.99998,0,5_1,0.99996805,-2.47E-05,,1.195E-05,2.46838E-05
5,1,4.08,8,0.99998,0,5_1,0.9999567,-5.28E-05,,2.33E-05,5.28097E-05
5,1,4.1,8,0.99998,0,5_1,0.9999457,-8.10E-05,,3.43E-05,8.10102E-05
5,1,4.12,8,0.99998,0,5_1,0.9999351,-0.00010924,,4.49E-05,0.00010924
5,1,4.14,8,0.99998,0,5_1,0.99992484,-0.000137523,,5.516E-05,0.000137523
5,1,4.16,8,0.99998,0,5_1,0.99991506,-0.00016579,,6.494E-05,0.00016579
5,1,4.18,8,0.99998,0,5_1,0.99990565,-0.00019417,,7.435E-05,0.00019417
5,1,4.2,8,0.99998,0,5_1,0.9998967,-0.000222445,,8.33E-05,0.000222445
5,1,4.22,8,0.99998,0,5_1,0.99988824,-0.000250794,,9.176E-05,0.000250794
5,1,4.24,8,0.99998,0,5_1,0.9998802,-0.000279062,,9.98E-05,0.000279062
5,1,4.26,8,0.99999,0,5_1,0.9998726,-0.000307359,,0.0001174,0.000307359
5,1,4.28,8,0.99999,0,5_1,0.99986565,-0.000335589,,0.00012435,0.000335589
5,1,4.3,8,0.99999,0,5_1,0.9998592,-0.000363819,,0.0001308,0.000363819
5,1,4.32,8,0.99999,0,5_1,0.99985325,-0.000391938,,0.00013675,0.000391938
5,1,4.34,8,0.99999,0,5_1,0.9998478,-0.000420004,,0.0001422,0.000420004
5,1,4.36,8,0.99999,0,5_1,0.99984306,-0.00044807,,0.00014694,0.00044807
5,1,4.38001,8,0.99999,0,5_1,0.9998388,-0.000476047,,0.0001512,0.000476047
5,1,4.40001,8,0.99999,0,5_1,0.99983525,-0.000503913,,0.00015475,0.000503913
5,1,4.42001,8,0.99999,0,5_1,0.9998322,-0.000531718,,0.0001578,0.000531718
5,1,4.44001,8,0.99999,0,5_1,0.9998298,-0.000559397,,0.0001602,0.000559397
5,1,4.46001,8,0.99999,0,5_1,0.9998281,-0.000586949,,0.0001619,0.000586949
5,1,4.48001,8,0.99999,0,5_1,0.99982697,-0.000614502,,0.00016303,0.000614502
5,1,4.50001,8,0.99999,0,5_1,0.9998265,-0.000641823,,0.0001635,0.000641823
5,1,4.52001,8,0.99999,0,5_1,0.9998267,-0.000669114,,0.0001633,0.000669114
5,1,4.54001,8,0.99999,0,5_1,0.9998276,-0.000696234,,0.0001624,0.000696234
5,1,4.56001,8,0.99999,0,5_1,0.99982923,-0.000723213,,0.00016077,0.000723213
5,1,4.58001,8,0.99999,0,5_1,0.9998315,-0.00075008,,0.0001585,0.00075008
5,1,4.60001,8,0.99999,0,5_1,0.99983454,-0.000776805,,0.00015546,0.000776805
5,1,4.62001,8,0.99999,0,5_1,0.9998383,-0.000803366,,0.0001517,0.000803366
5,1,4.64001,8,0.99999,0,5_1,0.9998427,-0.000829794,,0.0001473,0.000829794
5,1,4.66001,8,0.99999,0,5_1,0.99984795,-0.000856072,,0.00014205,0.000856072
5,1,4.68001,8,0.99999,0,5_1,0.99985385,-0.000882112,,0.00013615,0.000882112
5,1,4.70001,8,0.99999,0,5_1,0.9998605,-0.000908092,,0.0001295,0.000908092
5,1,4.72001,8,0.99999,0,5_1,0.99986804,-0.000933871,,0.00012196,0.000933871
5,1,4.74001,8,0.99999,0,5_1,0.99987626,-0.000959486,,0.00011374,0.000959486
5,1,4.76001,8,0.99999,0,5_1,0.99988526,-0.000984885,,0.00010474,0.000984885
5,1,4.78001,8,0.99999,0,5_1,0.9998951,-0.001010105,,9.49E-05,0.001010105
5,1,4.80001,8,0.99999,0,5_1,0.99990565,-0.001035146,,8.435E-05,0.001035146
5,1,4.82002,8,0.99999,0,5_1,0.9999171,-0.001060017,,7.29E-05,0.001060017
5,1,4.84002,8,0.99999,0,5_1,0.99992925,-0.0010847,,6.075E-05,0.0010847
5,1,4.86002,8,0.99999,0,5_1,0.99994224,-0.001109168,,4.776E-05,0.001109168
5,1,4.88002,8,0.99999,0,5_1,0.99995613,-0.001133412,,3.387E-05,0.001133412
5,1,4.90002,8,0.99999,0,5_1,0.9999708,-0.001157552,,1.92E-05,0.001157552
5,1,4.92002,8,1,0,5_1,0.9999863,-0.001181364,,1.37E-05,0.001181364
5,1,4.94002,8,1,0,5_1,1.0000026,-0.001205094,,-2.6E-06,0.001205094
5,1,4.96002,8,1,0,5_1,1.0000198,-0.001228556,,-1.98E-05,0.001228556
5,1,4.98002,8,1,0,5_1,1.0000378,-0.001251802,,-3.78E-05,0.001251802
5,1,5.00002,8,1,0,5_1,1.0000566,-0.001274832,,-5.66E-05,0.001274832
5,3,0,9,0.0949,1,5_3,0.101385,0.99756587,,-0.006485,0.00243413
5,3,0.02,9,0.07863,0.99015,5_3,0.091349244,0.99191535,,-0.012719244,-0.00176535
5,3,0.04,9,0.15095,0.97714,5_3,0.14337444,0.97681594,,0.00757556,0.00032406
5,3,0.06,9,0.21747,0.96068,5_3,0.21450853,0.95920444,,0.00296147,0.00147556
5,3,0.08,9,0.27867,0.94134,5_3,0.2794767,0.9393796,,-0.0008067,0.0019604
5,3,0.1,9,0.33497,0.91957,5_3,0.3361274,0.9168817,,-0.0011574,0.0026883
5,3,0.12,9,0.38679,0.8958,5_3,0.387017,0.8924086,,-0.000227,0.0033914
5,3,0.14,9,0.43448,0.87036,5_3,0.43375945,0.8665532,,0.00072055,0.0038068
5,3,0.16,9,0.47838,0.84357,5_3,0.4770588,0.8396784,,0.0013212,0.0038916
5,3,0.18,9,0.51881,0.81571,5_3,0.51725554,0.81203544,,0.00155446,0.00367456
5,3,0.2,9,0.55604,0.78703,5_3,0.5545732,0.7838191,,0.0014668,0.0032109
5,3,0.22,9,0.59034,0.75772,5_3,0.5891936,0.75518894,,0.0011464,0.00253106
5,3,0.24,9,0.62195,0.728,5_3,0.6212777,0.7262813,,0.0006723,0.0017187
5,3,0.26,9,0.65108,0.69802,5_3,0.65096664,0.69721425,,0.00011336,0.00080575
5,3,0.28,9,0.67794,0.66796,5_3,0.67838824,0.66809523,,-0.00044824,-0.00013523
5,3,0.3,9,0.7027,0.63794,5_3,0.70366335,0.63902426,,-0.00096335,-0.00108426
5,3,0.32,9,0.72554,0.60809,5_3,0.72690815,0.6100935,,-0.00136815,-0.0020035
5,3,0.34,9,0.74662,0.57853,5_3,0.74824435,0.5813886,,-0.00162435,-0.0028586
5,3,0.36,9,0.76607,0.54937,5_3,0.7677972,0.55298483,,-0.0017272,-0.00361483
5,3,0.38,9,0.78402,0.52068,5_3,0.7856984,0.5249493,,-0.0016784,-0.0042693
5,3,0.4,9,0.8006,0.49256,5_3,0.8020839,0.49733964,,-0.0014839,-0.00477964
5,3,0.42,9,0.81591,0.46508,5_3,0.81708914,0.47020712,,-0.00117914,-0.00512712
5,3,0.44,9,0.83005,0.4383,5_3,0.83084726,0.44359994,,-0.00079726,-0.00529994
5,3,0.46,9,0.84311,0.41228,5_3,0.843485,0.41756386,,-0.000375,-0.00528386
5,3,0.48,9,0.85519,0.38707,5_3,0.85512006,0.39214766,,6.994E-05,-0.00507766
5,3,0.5,9,0.86635,0.36271,5_3,0.8658575,0.3674029,,0.0004925,-0.0046929
5,3,0.52,9,0.87666,0.33923,5_3,0.87579167,0.34338507,,0.00086833,-0.00415507
5,3,0.54,9,0.8862,0.31666,5_3,0.8850022,0.32015222,,0.0011978,-0.00349222
5,3,0.56,9,0.89502,0.29502,5_3,0.8935599,0.29776108,,0.0014601,-0.00274108
5,3,0.58,9,0.90318,0.27433,5_3,0.90152335,0.27626783,,0.00165665,-0.00193783
5,3,0.6,9,0.91072,0.2546,5_3,0.90894234,0.25572154,,0.00177766,-0.00112154
5,3,0.62,9,0.91769,0.23582,5_3,0.9158601,0.23616329,,0.0018299,-0.00034329
5,3,0.64,9,0.92414,0.218,5_3,0.92231345,0.21762441,,0.00182655,0.00037559
5,3,0.66,9,0.9301,0.20112,5_3,0.9283345,0.20012385,,0.0017655,0.00099615
5,3,0.68,9,0.93562,0.18519,5_3,0.93395066,0.1836696,,0.00166934,0.0015204
5,3,0.7,9,0.94072,0.17018,5_3,0.93918806,0.16825724,,0.00153194,0.00192276
5,3,0.72,9,0.94543,0.15607,5_3,0.944069,0.15387201,,0.001361,0.00219799
5,3,0.74,9,0.94979,0.14284,5_3,0.94861484,0.14048922,,0.00117516,0.00235078
5,3,0.76,9,0.95381,0.13047,5_3,0.95284474,0.12807654,,0.00096526,0.00239346
5,3,0.78,9,0.95753,0.11893,5_3,0.9567773,0.11659527,,0.0007527,0.00233473
5,3,0.8,9,0.96097,0.10819,5_3,0.96042883,0.10600175,,0.00054117,0.00218825
5,3,0.82,9,0.96414,0.09822,5_3,0.9638157,0.09624913,,0.0003243,0.00197087
5,3,0.84,9,0.96707,0.08899,5_3,0.9669532,0.0872883,,0.0001168,0.0017017
5,3,0.86,9,0.96978,0.08045,5_3,0.96985584,0.079069756,,-7.584E-05,0.001380244
5,3,0.88,9,0.97227,0.07259,5_3,0.97253734,0.071543775,,-0.00026734,0.001046225
5,3,0.9,9,0.97457,0.06535,5_3,0.9750109,0.06466149,,-0.0004409,0.00068851
5,3,0.92,9,0.97669,0.05872,5_3,0.9772893,0.05837552,,-0.0005993,0.00034448
5,3,0.94,9,0.97865,0.05265,5_3,0.9793845,0.052640595,,-0.0007345,9.405E-06
5,3,0.96,9,0.98045,0.0471,5_3,0.981308,0.047413424,,-0.000858,-0.000313424
5,3,0.98,9,0.98211,0.04206,5_3,0.98307145,0.042653028,,-0.00096145,-0.000593028
5,3,1,9,0.98363,0.03747,5_3,0.98468506,0.03832111,,-0.00105506,-0.00085111
5,3,1.02,9,0.98503,0.03331,5_3,0.98615944,0.034381945,,-0.00112944,-0.001071945
5,3,1.04,9,0.98632,0.02955,5_3,0.9875044,0.030802045,,-0.0011844,-0.001252045
5,3,1.06,9,0.98751,0.02616,5_3,0.98872924,0.02755072,,-0.00121924,-0.00139072
5,3,1.08,9,0.98859,0.02311,5_3,0.98984295,0.024599478,,-0.00125295,-0.001489478
5,3,1.1,9,0.98959,0.02037,5_3,0.99085426,0.021922044,,-0.00126426,-0.001552044
5,3,1.12,9,0.9905,0.01792,5_3,0.991771,0.019494459,,-0.001271,-0.001574459
5,3,1.14,9,0.99134,0.01573,5_3,0.99260104,0.017294556,,-0.00126104,-0.001564556
5,3,1.16,9,0.99211,0.01377,5_3,0.99335164,0.015302293,,-0.00124164,-0.001532293
5,3,1.18,9,0.99282,0.01204,5_3,0.99402946,0.013499096,,-0.00120946,-0.001459096
5,3,1.2,9,0.99346,0.0105,5_3,0.994641,0.011868201,,-0.001181,-0.001368201
5,3,1.22,9,0.99405,0.00913,5_3,0.99519217,0.010394104,,-0.00114217,-0.001264104
5,3,1.24,9,0.99459,0.00793,5_3,0.99568856,0.009062953,,-0.00109856,-0.001132953
5,3,1.26,9,0.99508,0.00687,5_3,0.9961352,0.007862031,,-0.0010552,-0.000992031
5,3,1.28,9,0.99553,0.00594,5_3,0.996537,0.006779522,,-0.001007,-0.000839522
5,3,1.3,9,0.99594,0.00512,5_3,0.99689835,0.005804963,,-0.00095835,-0.000684963
5,3,1.32,9,0.99631,0.00441,5_3,0.9972231,0.00492879,,-0.0009131,-0.00051879
5,3,1.34,9,0.99665,0.00379,5_3,0.99751526,0.004142121,,-0.00086526,-0.000352121
5,3,1.36,9,0.99696,0.00324,5_3,0.99777794,0.00343699,,-0.00081794,-0.00019699
5,3,1.38,9,0.99725,0.00277,5_3,0.99801433,0.002806179,,-0.00076433,-3.61792E-05
5,3,1.4,9,0.9975,0.00237,5_3,0.9982273,0.00224302,,-0.0007273,0.00012698
5,3,1.42,9,0.99774,0.00201,5_3,0.9984192,0.001741499,,-0.0006792,0.000268501
5,3,1.44,9,0.99795,0.00171,5_3,0.99859256,0.00129614,,-0.00064256,0.00041386
5,3,1.46,9,0.99814,0.00145,5_3,0.99874926,0.000901893,,-0.00060926,0.000548107
5,3,1.48,9,0.99832,0.00122,5_3,0.99889123,0.000554211,,-0.00057123,0.000665789
5,3,1.5,9,0.99848,0.00103,5_3,0.99902016,0.000248916,,-0.00054016,0.000781084
5,3,1.52,9,0.99863,0.00087,5_3,0.9991376,-1.78E-05,,-0.0005076,0.000887777
5,3,1.54,9,0.99876,0.00073,5_3,0.9992447,-0.000249423,,-0.0004847,0.000979423
5,3,1.56,9,0.99888,0.00061,5_3,0.9993428,-0.000449061,,-0.0004628,0.001059061
5,3,1.58,9,0.99899,0.00051,5_3,0.9994328,-0.000619702,,-0.0004428,0.001129702
5,3,1.6,9,0.99908,0.00043,5_3,0.99951583,-0.00076396,,-0.00043583,0.00119396
5,3,1.62,9,0.99917,0.00036,5_3,0.9995925,-0.000884287,,-0.0004225,0.001244287
5,3,1.64,9,0.99925,0.0003,5_3,0.99966365,-0.000982888,,-0.00041365,0.001282888
5,3,1.66,9,0.99933,0.00024,5_3,0.9997299,-0.001061805,,-0.0003999,0.001301805
5,3,1.68,9,0.99939,0.0002,5_3,0.99979174,-0.001122899,,-0.00040174,0.001322899
5,3,1.7,9,0.99945,0.00017,5_3,0.99984974,-0.001167841,,-0.00039974,0.001337841
5,3,1.72,9,0.99951,0.00014,5_3,0.9999043,-0.001198299,,-0.0003943,0.001338299
5,3,1.74,9,0.99956,0.00011,5_3,0.9999557,-0.00121554,,-0.0003957,0.00132554
5,3,1.76,9,0.9996,9.00E-05,5_3,1.0000044,-0.001221024,,-0.0004044,0.001311024
5,3,1.78,9,0.99964,8.00E-05,5_3,1.0000507,-0.00121589,,-0.0004107,0.00129589
5,3,1.8,9,0.99968,6.00E-05,5_3,1.0000945,-0.00120122,,-0.0004145,0.00126122
5,3,1.82,9,0.99971,5.00E-05,5_3,1.0001365,-0.001178168,,-0.0004265,0.001228168
5,3,1.84,9,0.99974,4.00E-05,5_3,1.0001764,-0.001147486,,-0.0004364,0.001187486
5,3,1.86,9,0.99976,3.00E-05,5_3,1.0002147,-0.001110129,,-0.0004547,0.001140129
5,3,1.88,9,0.99979,3.00E-05,5_3,1.0002514,-0.001066901,,-0.0004614,0.001096901
5,3,1.9,9,0.99981,2.00E-05,5_3,1.0002866,-0.001018435,,-0.0004766,0.001038435
5,3,1.92,9,0.99983,2.00E-05,5_3,1.0003204,-0.000965498,,-0.0004904,0.000985498
5,3,1.94,9,0.99985,1.00E-05,5_3,1.0003529,-0.000908554,,-0.0005029,0.000918554
5,3,1.96,9,0.99986,1.00E-05,5_3,1.0003841,-0.000848241,,-0.0005241,0.000858241
5,3,1.98,9,0.99988,1.00E-05,5_3,1.000414,-0.000785202,,-0.000534,0.000795202
5,3,2,9,0.99989,1.00E-05,5_3,1.0004429,-0.000719696,,-0.0005529,0.000729696
5,3,2.02,9,0.9999,1.00E-05,5_3,1.0004706,-0.000652209,,-0.0005706,0.000662209
5,3,2.04,9,0.99991,0,5_3,1.0004972,-0.000583179,,-0.0005872,0.000583179
5,3,2.06,9,0.99992,0,5_3,1.0005229,-0.000512905,,-0.0006029,0.000512905
5,3,2.08,9,0.99993,0,5_3,1.0005474,-0.000441812,,-0.0006174,0.000441812
5,3,2.1,9,0.99994,0,5_3,1.0005709,-0.000370093,,-0.0006309,0.000370093
5,3,2.12,9,0.99995,0,5_3,1.0005934,-0.000298098,,-0.0006434,0.000298098
5,3,2.14,9,0.99996,0,5_3,1.000615,-0.000225946,,-0.000655,0.000225946
5,3,2.16,9,0.99996,0,5_3,1.0006356,-0.000154063,,-0.0006756,0.000154063
5,3,2.18,9,0.99997,0,5_3,1.0006552,-8.25E-05,,-0.0006852,8.25226E-05
5,3,2.2,9,0.99997,0,5_3,1.0006739,-1.15E-05,,-0.0007039,1.15484E-05
5,3,2.22,9,0.99998,0,5_3,1.0006917,5.87E-05,,-0.0007117,-5.87329E-05
5,3,2.24,9,0.99998,0,5_3,1.0007086,0.000128113,,-0.0007286,-0.000128113
5,3,2.26,9,0.99998,0,5_3,1.0007246,0.000196464,,-0.0007446,-0.000196464
5,3,2.28,9,0.99998,0,5_3,1.0007396,0.000263676,,-0.0007596,-0.000263676
5,3,2.3,9,0.99999,0,5_3,1.0007538,0.000329621,,-0.0007638,-0.000329621
5,3,2.32,9,0.99999,0,5_3,1.0007671,0.000394203,,-0.0007771,-0.000394203
5,3,2.34,9,0.99999,0,5_3,1.0007795,0.000457354,,-0.0007895,-0.000457354
5,3,2.36,9,0.99999,0,5_3,1.0007911,0.000519075,,-0.0008011,-0.000519075
5,3,2.38,9,0.99999,0,5_3,1.0008019,0.000579134,,-0.0008119,-0.000579134
5,3,2.4,9,0.99999,0,5_3,1.0008118,0.000637569,,-0.0008218,-0.000637569
5,3,2.42,9,0.99999,0,5_3,1.000821,0.000694275,,-0.000831,-0.000694275
5,3,2.44,9,0.99999,0,5_3,1.0008293,0.000749283,,-0.0008393,-0.000749283
5,3,2.46,9,0.99999,0,5_3,1.0008368,0.000802517,,-0.0008468,-0.000802517
5,3,2.48,9,0.99999,0,5_3,1.0008438,0.000853926,,-0.0008538,-0.000853926
5,3,2.5,9,0.99999,0,5_3,1.0008497,0.000903532,,-0.0008597,-0.000903532
5,3,2.52,9,0.99999,0,5_3,1.0008551,0.000951268,,-0.0008651,-0.000951268
5,3,2.54,9,0.99999,0,5_3,1.0008596,0.000997186,,-0.0008696,-0.000997186
5,3,2.56,9,0.99999,0,5_3,1.0008636,0.001041181,,-0.0008736,-0.001041181
5,3,2.58,9,0.99999,0,5_3,1.0008668,0.001083307,,-0.0008768,-0.001083307
5,3,2.6,9,0.99999,0,5_3,1.0008693,0.001123652,,-0.0008793,-0.001123652
5,3,2.62,9,0.99999,0,5_3,1.0008712,0.001162037,,-0.0008812,-0.001162037
5,3,2.64,9,0.99999,0,5_3,1.0008724,0.00119856,,-0.0008824,-0.00119856
5,3,2.66,9,0.99999,0,5_3,1.0008731,0.001233287,,-0.0008831,-0.001233287
5,3,2.68,9,0.99999,0,5_3,1.0008731,0.001266137,,-0.0008831,-0.001266137
5,3,2.7,9,0.99999,0,5_3,1.0008725,0.001297146,,-0.0008825,-0.001297146
5,3,2.72,9,1,0,5_3,1.0008713,0.001326405,,-0.0008713,-0.001326405
5,3,2.74,9,1,0,5_3,1.0008696,0.001353763,,-0.0008696,-0.001353763
5,3,2.76,9,1,0,5_3,1.0008675,0.001379505,,-0.0008675,-0.001379505
5,3,2.78,9,1,0,5_3,1.0008647,0.001403369,,-0.0008647,-0.001403369
5,3,2.8,9,1,0,5_3,1.0008615,0.001425669,,-0.0008615,-0.001425669
5,3,2.82,9,1,0,5_3,1.0008578,0.001446202,,-0.0008578,-0.001446202
5,3,2.84,9,1,0,5_3,1.0008538,0.00146503,,-0.0008538,-0.00146503
5,3,2.86,9,1,0,5_3,1.0008492,0.001482263,,-0.0008492,-0.001482263
5,3,2.88,9,1,0,5_3,1.0008442,0.001497895,,-0.0008442,-0.001497895
5,3,2.9,9,1,0,5_3,1.0008389,0.001511969,,-0.0008389,-0.001511969
5,3,2.92,9,1.00001,0,5_3,1.0008332,0.001524441,,-0.0008232,-0.001524441
5,3,2.94,9,1.00001,0,5_3,1.0008271,0.001535386,,-0.0008171,-0.001535386
5,3,2.96,9,1.00001,0,5_3,1.0008206,0.001544908,,-0.0008106,-0.001544908
5,3,2.98,9,1.00001,0,5_3,1.0008138,0.001552999,,-0.0008038,-0.001552999
5,3,3,9,1.00001,0,5_3,1.0008068,0.001559645,,-0.0007968,-0.001559645
5,3,3.02,9,1.00001,0,5_3,1.0007995,0.001564942,,-0.0007895,-0.001564942
5,3,3.04,9,1.00001,0,5_3,1.0007919,0.001568899,,-0.0007819,-0.001568899
5,3,3.06,9,1.00001,0,5_3,1.0007842,0.001571529,,-0.0007742,-0.001571529
5,3,3.08,9,1.00001,0,5_3,1.0007762,0.001572885,,-0.0007662,-0.001572885
5,3,3.1,9,1.00001,0,5_3,1.000768,0.001573004,,-0.000758,-0.001573004
5,3,3.12,9,1.00001,0,5_3,1.0007596,0.001571894,,-0.0007496,-0.001571894
5,3,3.14,9,1.00001,0,5_3,1.000751,0.001569659,,-0.000741,-0.001569659
5,3,3.16,9,1.00001,0,5_3,1.0007424,0.001566246,,-0.0007324,-0.001566246
5,3,3.18,9,1.00001,0,5_3,1.0007336,0.001561724,,-0.0007236,-0.001561724
5,3,3.2,9,1.00001,0,5_3,1.0007247,0.001556166,,-0.0007147,-0.001556166
5,3,3.22,9,1.00001,0,5_3,1.0007157,0.001549609,,-0.0007057,-0.001549609
5,3,3.24,9,1.00001,0,5_3,1.0007067,0.00154192,,-0.0006967,-0.00154192
5,3,3.26,9,1,0,5_3,1.0006977,0.001533382,,-0.0006977,-0.001533382
5,3,3.28,9,1,0,5_3,1.0006886,0.00152386,,-0.0006886,-0.00152386
5,3,3.3,9,1,0,5_3,1.0006795,0.001513429,,-0.0006795,-0.001513429
5,3,3.32,9,1,0,5_3,1.0006706,0.001502149,,-0.0006706,-0.001502149
5,3,3.34,9,1,0,5_3,1.0006615,0.001490012,,-0.0006615,-0.001490012
5,3,3.36,9,1,0,5_3,1.0006527,0.001477115,,-0.0006527,-0.001477115
5,3,3.38,9,1,0,5_3,1.0006437,0.001463406,,-0.0006437,-0.001463406
5,3,3.4,9,1,0,5_3,1.000635,0.001448937,,-0.000635,-0.001448937
5,3,3.42,9,1,0,5_3,1.0006263,0.001433753,,-0.0006263,-0.001433753
5,3,3.44,9,1,0,5_3,1.0006179,0.00141789,,-0.0006179,-0.00141789
5,3,3.46,9,1,0,5_3,1.0006095,0.001401365,,-0.0006095,-0.001401365
5,3,3.48,9,1,0,5_3,1.0006014,0.001384206,,-0.0006014,-0.001384206
5,3,3.5,9,1,0,5_3,1.0005934,0.001366444,,-0.0005934,-0.001366444
5,3,3.52,9,1,0,5_3,1.0005857,0.001348101,,-0.0005857,-0.001348101
5,3,3.54,9,1,0,5_3,1.000578,0.001329221,,-0.000578,-0.001329221
5,3,3.56,9,1,0,5_3,1.0005709,0.001309849,,-0.0005709,-0.001309849
5,3,3.58,9,1,0,5_3,1.0005639,0.001289949,,-0.0005639,-0.001289949
5,3,3.6,9,1,0,5_3,1.0005572,0.001269616,,-0.0005572,-0.001269616
5,3,3.62,9,1,0,5_3,1.0005507,0.001248814,,-0.0005507,-0.001248814
5,3,3.64,9,1,0,5_3,1.0005445,0.001227543,,-0.0005445,-0.001227543
5,3,3.66,9,1,0,5_3,1.0005388,0.001205929,,-0.0005388,-0.001205929
5,3,3.68,9,1,0,5_3,1.0005335,0.001183957,,-0.0005335,-0.001183957
5,3,3.7,9,1,0,5_3,1.0005283,0.001161605,,-0.0005283,-0.001161605
5,3,3.72,9,1,0,5_3,1.0005238,0.001138903,,-0.0005238,-0.001138903
5,3,3.74,9,1,0,5_3,1.0005195,0.001115903,,-0.0005195,-0.001115903
5,3,3.76,9,1,0,5_3,1.0005156,0.001092613,,-0.0005156,-0.001092613
5,3,3.78,9,1,0,5_3,1.0005122,0.001069114,,-0.0005122,-0.001069114
5,3,3.8,9,1,0,5_3,1.0005093,0.001045302,,-0.0005093,-0.001045302
5,3,3.82,9,1,0,5_3,1.0005068,0.001021326,,-0.0005068,-0.001021326
5,3,3.84,9,1,0,5_3,1.0005047,0.000997074,,-0.0005047,-0.000997074
5,3,3.86,9,1,0,5_3,1.0005032,0.000972666,,-0.0005032,-0.000972666
5,3,3.88,9,1,0,5_3,1.0005021,0.000948124,,-0.0005021,-0.000948124
5,3,3.9,9,1,0,5_3,1.0005016,0.000923306,,-0.0005016,-0.000923306
5,3,3.92,9,1,0,5_3,1.0005016,0.000898503,,-0.0005016,-0.000898503
5,3,3.94,9,1,0,5_3,1.0005021,0.000873514,,-0.0005021,-0.000873514
5,3,3.96,9,1,0,5_3,1.0005033,0.000848368,,-0.0005033,-0.000848368
5,3,3.98,9,1,0,5_3,1.000505,0.000823185,,-0.000505,-0.000823185
5,3,4,9,1,0,5_3,1.0005074,0.000797942,,-0.0005074,-0.000797942
5,3,4.02,9,1,0,5_3,1.0005102,0.000772595,,-0.0005102,-0.000772595
5,3,4.04,9,0.99999,0,5_3,1.0005136,0.000747263,,-0.0005236,-0.000747263
5,3,4.06,9,0.99999,0,5_3,1.0005177,0.000721827,,-0.0005277,-0.000721827
5,3,4.08,9,0.99999,0,5_3,1.0005225,0.000696413,,-0.0005325,-0.000696413
5,3,4.1,9,0.99999,0,5_3,1.0005279,0.000670984,,-0.0005379,-0.000670984
5,3,4.12,9,0.99999,0,5_3,1.0005339,0.000645533,,-0.0005439,-0.000645533
5,3,4.14,9,0.99999,0,5_3,1.0005406,0.000620119,,-0.0005506,-0.000620119
5,3,4.16,9,0.99999,0,5_3,1.0005479,0.000594728,,-0.0005579,-0.000594728
5,3,4.18,9,0.99999,0,5_3,1.000556,0.000569396,,-0.000566,-0.000569396
5,3,4.2,9,0.99999,0,5_3,1.0005647,0.000544079,,-0.0005747,-0.000544079
5,3,4.22,9,0.99999,0,5_3,1.0005742,0.000518777,,-0.0005842,-0.000518777
5,3,4.24,9,0.99999,0,5_3,1.0005844,0.000493608,,-0.0005944,-0.000493608
5,3,4.26,9,0.99999,0,5_3,1.0005952,0.000468463,,-0.0006052,-0.000468463
5,3,4.28,9,0.99999,0,5_3,1.0006069,0.000443421,,-0.0006169,-0.000443421
5,3,4.3,9,0.99998,0,5_3,1.0006192,0.000418454,,-0.0006392,-0.000418454
5,3,4.32,9,0.99998,0,5_3,1.0006324,0.000393569,,-0.0006524,-0.000393569
5,3,4.34,9,0.99998,0,5_3,1.0006462,0.000368878,,-0.0006662,-0.000368878
5,3,4.36,9,0.99998,0,5_3,1.0006608,0.000344209,,-0.0006808,-0.000344209
5,3,4.38001,9,0.99998,0,5_3,1.0006763,0.000319637,,-0.0006963,-0.000319637
5,3,4.40001,9,0.99998,0,5_3,1.0006925,0.000295199,,-0.0007125,-0.000295199
5,3,4.42001,9,0.99998,0,5_3,1.0007095,0.000270925,,-0.0007295,-0.000270925
5,3,4.44001,9,0.99998,0,5_3,1.0007273,0.000246719,,-0.0007473,-0.000246719
5,3,4.46001,9,0.99998,0,5_3,1.0007458,0.00022269,,-0.0007658,-0.00022269
5,3,4.48001,9,0.99998,0,5_3,1.0007653,0.000198819,,-0.0007853,-0.000198819
5,3,4.50001,9,0.99998,0,5_3,1.0007856,0.000175036,,-0.0008056,-0.000175036
5,3,4.52001,9,0.99998,0,5_3,1.0008066,0.000151411,,-0.0008266,-0.000151411
5,3,4.54001,9,0.99998,0,5_3,1.0008285,0.000127949,,-0.0008485,-0.000127949
5,3,4.56001,9,0.99998,0,5_3,1.0008513,0.000104681,,-0.0008713,-0.000104681
5,3,4.58001,9,0.99998,0,5_3,1.0008749,8.15E-05,,-0.0008949,-8.15168E-05
5,3,4.60001,9,0.99998,0,5_3,1.0008993,5.85E-05,,-0.0009193,-5.84573E-05
5,3,4.62001,9,0.99998,0,5_3,1.0009248,3.56E-05,,-0.0009448,-3.55914E-05
5,3,4.64001,9,0.99999,0,5_3,1.000951,1.29E-05,,-0.000961,-1.29193E-05
5,3,4.66001,9,0.99999,0,5_3,1.0009781,-9.65E-06,,-0.0009881,9.6485E-06
5,3,4.68001,9,0.99999,0,5_3,1.0010061,-3.21E-05,,-0.0010161,3.20524E-05
5,3,4.70001,9,0.99999,0,5_3,1.0010351,-5.42E-05,,-0.0010451,5.42402E-05
5,3,4.72001,9,0.99999,0,5_3,1.001065,-7.63E-05,,-0.001075,7.62939E-05
5,3,4.74001,9,0.99999,0,5_3,1.0010958,-9.82E-05,,-0.0011058,9.82359E-05
5,3,4.76001,9,0.99999,0,5_3,1.0011275,-0.000119992,,-0.0011375,0.000119992
5,3,4.78001,9,0.99999,0,5_3,1.0011601,-0.000141613,,-0.0011701,0.000141613
5,3,4.80001,9,0.99999,0,5_3,1.0011939,-0.000163041,,-0.0012039,0.000163041
5,3,4.82002,9,0.99999,0,5_3,1.0012285,-0.000184335,,-0.0012385,0.000184335
5,3,4.84002,9,0.99999,0,5_3,1.0012641,-0.00020548,,-0.0012741,0.00020548
5,3,4.86002,9,0.99999,0,5_3,1.0013007,-0.00022646,,-0.0013107,0.00022646
5,3,4.88002,9,0.99999,0,5_3,1.0013382,-0.0002473,,-0.0013482,0.0002473
5,3,4.90002,9,1,0,5_3,1.0013769,-0.00026793,,-0.0013769,0.00026793
5,3,4.92002,9,1,0,5_3,1.0014164,-0.000288434,,-0.0014164,0.000288434
5,3,4.94002,9,1,0,5_3,1.0014571,-0.000308819,,-0.0014571,0.000308819
5,3,4.96002,9,1,0,5_3,1.0014988,-0.000329085,,-0.0014988,0.000329085
5,3,4.98002,9,1,0,5_3,1.0015416,-0.000349164,,-0.0015416,0.000349164
5,3,5.00002,9,1,0,5_3,1.0015856,-0.000369132,,-0.0015856,0.000369132
10,0,0,10,0.0949,1,10_0,0.089628935,1.0006913,,0.005271065,-0.0006913
10,0,0.02,10,0.08446,0.99025,10_0,0.09480047,0.99385536,,-0.01034047,-0.00360536
10,0,0.04,10,0.16194,0.97701,10_0,0.15073109,0.9778222,,0.01120891,-0.0008122
10,0,0.06,10,0.233,0.9601,10_0,0.22772491,0.9577837,,0.00527509,0.0023163
10,0,0.08,10,0.29815,0.94013,10_0,0.29938966,0.9364289,,-0.00123966,0.0037011
10,0,0.1,10,0.35789,0.91762,10_0,0.35984313,0.91326606,,-0.00195313,0.00435394
10,0,0.12,10,0.41264,0.89303,10_0,0.4122476,0.8882159,,0.0003924,0.0048141
10,0,0.14,10,0.46281,0.86674,10_0,0.45979315,0.8616234,,0.00301685,0.0051166
10,0,0.16,10,0.50879,0.8391,10_0,0.5040921,0.83380294,,0.0046979,0.00529706
10,0,0.18,10,0.5509,0.8104,10_0,0.54573256,0.8049991,,0.00516744,0.0054009
10,0,0.2,10,0.58947,0.78091,10_0,0.5848409,0.7754326,,0.0046291,0.0054774
10,0,0.22,10,0.62479,0.75084,10_0,0.62137854,0.74531496,,0.00341146,0.00552504
10,0,0.24,10,0.65713,0.72041,10_0,0.6552783,0.71485496,,0.0018517,0.00555504
10,0,0.26,10,0.68674,0.68979,10_0,0.68649733,0.68425643,,0.00024267,0.00553357
10,0,0.28,10,0.71383,0.65915,10_0,0.71504194,0.6537143,,-0.00121194,0.0054357
10,0,0.3,10,0.73863,0.62862,10_0,0.7409708,0.62340915,,-0.0023408,0.00521085
10,0,0.32,10,0.76131,0.59834,10_0,0.76439464,0.5934998,,-0.00308464,0.0048402
10,0,0.34,10,0.78207,0.56842,10_0,0.78546715,0.56411827,,-0.00339715,0.00430173
10,0,0.36,10,0.80105,0.53896,10_0,0.80437636,0.53536296,,-0.00332636,0.00359704
10,0,0.38,10,0.8184,0.51006,10_0,0.8213314,0.5073003,,-0.0029314,0.0027597
10,0,0.4,10,0.83427,0.48178,10_0,0.83655304,0.47996268,,-0.00228304,0.00181732
10,0,0.42,10,0.84878,0.45421,10_0,0.85025764,0.45336014,,-0.00147764,0.00084986
10,0,0.44,10,0.86204,0.4274,10_0,0.86265206,0.42748404,,-0.00061206,-8.404E-05
10,0,0.46,10,0.87416,0.40141,10_0,0.8739224,0.4023193,,0.0002376,-0.0009093
10,0,0.48,10,0.88523,0.37627,10_0,0.88423157,0.37785244,,0.00099843,-0.00158244
10,0,0.5,10,0.89535,0.35204,10_0,0.89371544,0.3540792,,0.00163456,-0.0020392
10,0,0.52,10,0.90459,0.32873,10_0,0.9024836,0.33100858,,0.0021064,-0.00227858
10,0,0.54,10,0.91302,0.30638,10_0,0.9106219,0.30866387,,0.0023981,-0.00228387
10,0,0.56,10,0.92073,0.28499,10_0,0.9181944,0.28708103,,0.0025356,-0.00209103
10,0,0.58,10,0.92776,0.26458,10_0,0.9252497,0.26630476,,0.0025103,-0.00172476
10,0,0.6,10,0.93418,0.24515,10_0,0.9318225,0.24638416,,0.0023575,-0.00123416
10,0,0.62,10,0.94004,0.2267,10_0,0.93793875,0.22736748,,0.00210125,-0.00066748
10,0,0.64,10,0.94539,0.20922,10_0,0.9436194,0.20929703,,0.0017706,-7.703E-05
10,0,0.66,10,0.95027,0.19271,10_0,0.9488816,0.19220614,,0.0013884,0.00050386
10,0,0.68,10,0.95472,0.17715,10_0,0.9537418,0.17611684,,0.0009782,0.00103316
10,0,0.7,10,0.95878,0.16252,10_0,0.9582159,0.16103834,,0.0005641,0.00148166
10,0,0.72,10,0.96248,0.14879,10_0,0.962321,0.14696707,,0.000159,0.00182293
10,0,0.74,10,0.96585,0.13595,10_0,0.96607494,0.13388787,,-0.00022494,0.00206213
10,0,0.76,10,0.96893,0.12397,10_0,0.96949655,0.1217749,,-0.00056655,0.0021951
10,0,0.78,10,0.97173,0.11281,10_0,0.9726055,0.110593975,,-0.0008755,0.002216025
10,0,0.8,10,0.97428,0.10245,10_0,0.9754217,0.100303724,,-0.0011417,0.002146276
10,0,0.82,10,0.97661,0.09284,10_0,0.9779656,0.09085824,,-0.0013556,0.00198176
10,0,0.84,10,0.97873,0.08397,10_0,0.9802571,0.08220812,,-0.0015271,0.00176188
10,0,0.86,10,0.98066,0.07578,10_0,0.9823158,0.07430232,,-0.0016558,0.00147768
10,0,0.88,10,0.98242,0.06825,10_0,0.9841606,0.067089446,,-0.0017406,0.001160554
10,0,0.9,10,0.98403,0.06134,10_0,0.9858098,0.06051838,,-0.0017798,0.00082162
10,0,0.92,10,0.98548,0.05501,10_0,0.98728067,0.05453968,,-0.00180067,0.00047032
10,0,0.94,10,0.98681,0.04923,10_0,0.98858935,0.049105663,,-0.00177935,0.000124337
10,0,0.96,10,0.98802,0.04397,10_0,0.9897509,0.044171203,,-0.0017309,-0.000201203
10,0,0.98,10,0.98912,0.03919,10_0,0.9907798,0.039693452,,-0.0016598,-0.000503452
10,0,1,10,0.99012,0.03485,10_0,0.9916891,0.03563266,,-0.0015691,-0.00078266
10,0,1.02,10,0.99103,0.03092,10_0,0.9924907,0.031951856,,-0.0014607,-0.001031856
10,0,1.04,10,0.99186,0.02738,10_0,0.993196,0.028616622,,-0.001336,-0.001236622
10,0,1.06,10,0.99261,0.0242,10_0,0.9938152,0.025595605,,-0.0012052,-0.001395605
10,0,1.08,10,0.99329,0.02133,10_0,0.99435765,0.022859767,,-0.00106765,-0.001529767
10,0,1.1,10,0.99391,0.01877,10_0,0.9948318,0.020382851,,-0.0009218,-0.001612851
10,0,1.12,10,0.99448,0.01648,10_0,0.9952455,0.018140689,,-0.0007655,-0.001660689
10,0,1.14,10,0.99499,0.01443,10_0,0.99560577,0.016111374,,-0.00061577,-0.001681374
10,0,1.16,10,0.99546,0.01262,10_0,0.995919,0.014274903,,-0.000459,-0.001654903
10,0,1.18,10,0.99588,0.011,10_0,0.99619085,0.012613289,,-0.00031085,-0.001613289
10,0,1.2,10,0.99626,0.00958,10_0,0.99642646,0.011110112,,-0.00016646,-0.001530112
10,0,1.22,10,0.99661,0.00831,10_0,0.99663067,0.009750582,,-2.067E-05,-0.001440582
10,0,1.24,10,0.99693,0.0072,10_0,0.9968075,0.008521177,,0.0001225,-0.001321177
10,0,1.26,10,0.99722,0.00623,10_0,0.9969605,0.007409878,,0.0002595,-0.001179878
10,0,1.28,10,0.99748,0.00537,10_0,0.99709326,0.006405599,,0.00038674,-0.001035599
10,0,1.3,10,0.99772,0.00462,10_0,0.99720854,0.005498424,,0.00051146,-0.000878424
10,0,1.32,10,0.99793,0.00397,10_0,0.9973089,0.00467936,,0.0006211,-0.00070936
10,0,1.34,10,0.99813,0.0034,10_0,0.9973965,0.003940299,,0.0007335,-0.000540299
10,0,1.36,10,0.99831,0.00291,10_0,0.99747366,0.00327383,,0.00083634,-0.00036383
10,0,1.38,10,0.99847,0.00248,10_0,0.9975419,0.002673373,,0.0009281,-0.000193373
10,0,1.4,10,0.99861,0.00211,10_0,0.99760276,0.002132841,,0.00100724,-2.28405E-05
10,0,1.42,10,0.99875,0.00179,10_0,0.9976576,0.001646765,,0.0010924,0.000143235
10,0,1.44,10,0.99887,0.00152,10_0,0.9977076,0.001210272,,0.0011624,0.000309728
10,0,1.46,10,0.99898,0.00129,10_0,0.99775374,0.000818759,,0.00122626,0.000471241
10,0,1.48,10,0.99908,0.00108,10_0,0.9977968,0.000468291,,0.0012832,0.000611709
10,0,1.5,10,0.99916,0.00091,10_0,0.99783754,0.000155039,,0.00132246,0.000754961
10,0,1.52,10,0.99925,0.00077,10_0,0.9978766,-0.000124291,,0.0013734,0.000894291
10,0,1.54,10,0.99932,0.00064,10_0,0.99791443,-0.000372708,,0.00140557,0.001012708
10,0,1.56,10,0.99939,0.00054,10_0,0.99795145,-0.000592984,,0.00143855,0.001132984
10,0,1.58,10,0.99945,0.00045,10_0,0.9979881,-0.000787653,,0.0014619,0.001237653
10,0,1.6,10,0.9995,0.00037,10_0,0.9980246,-0.000959106,,0.0014754,0.001329106
10,0,1.62,10,0.99955,0.00031,10_0,0.9980612,-0.001109302,,0.0014888,0.001419302
10,0,1.64,10,0.99959,0.00026,10_0,0.9980981,-0.001240231,,0.0014919,0.001500231
10,0,1.66,10,0.99963,0.00021,10_0,0.99813527,-0.001353569,,0.00149473,0.001563569
10,0,1.68,10,0.99967,0.00017,10_0,0.998173,-0.001450978,,0.001497,0.001620978
10,0,1.7,10,0.9997,0.00014,10_0,0.99821126,-0.001533784,,0.00148874,0.001673784
10,0,1.72,10,0.99973,0.00012,10_0,0.9982501,-0.001603395,,0.0014799,0.001723395
10,0,1.74,10,0.99976,0.0001,10_0,0.99828964,-0.001661047,,0.00147036,0.001761047
10,0,1.76,10,0.99978,8.00E-05,10_0,0.99832976,-0.001707807,,0.00145024,0.001787807
10,0,1.78,10,0.9998,6.00E-05,10_0,0.99837035,-0.001744613,,0.00142965,0.001804613
10,0,1.8,10,0.99982,5.00E-05,10_0,0.99841166,-0.00177253,,0.00140834,0.00182253
10,0,1.82,10,0.99984,4.00E-05,10_0,0.99845344,-0.001792267,,0.00138656,0.001832267
10,0,1.84,10,0.99986,3.00E-05,10_0,0.9984957,-0.001804717,,0.0013643,0.001834717
10,0,1.86,10,0.99987,3.00E-05,10_0,0.9985384,-0.001810484,,0.0013316,0.001840484
10,0,1.88,10,0.99988,2.00E-05,10_0,0.99858135,-0.001810335,,0.00129865,0.001830335
10,0,1.9,10,0.9999,2.00E-05,10_0,0.9986246,-0.001804769,,0.0012754,0.001824769
10,0,1.92,10,0.99991,1.00E-05,10_0,0.99866813,-0.001794368,,0.00124187,0.001804368
10,0,1.94,10,0.99992,1.00E-05,10_0,0.99871176,-0.001779601,,0.00120824,0.001789601
10,0,1.96,10,0.99993,1.00E-05,10_0,0.9987555,-0.001761042,,0.0011745,0.001771042
10,0,1.98,10,0.99993,1.00E-05,10_0,0.9987992,-0.001738884,,0.0011308,0.001748884
10,0,2,10,0.99994,1.00E-05,10_0,0.99884295,-0.001713768,,0.00109705,0.001723768
10,0,2.02,10,0.99995,0,10_0,0.99888647,-0.001685865,,0.00106353,0.001685865
10,0,2.04,10,0.99995,0,10_0,0.9989298,-0.001655661,,0.0010202,0.001655661
10,0,2.06,10,0.99996,0,10_0,0.99897283,-0.001623362,,0.00098717,0.001623362
10,0,2.08,10,0.99996,0,10_0,0.9990156,-0.001589164,,0.0009444,0.001589164
10,0,2.1,10,0.99996,0,10_0,0.999058,-0.001553468,,0.000902,0.001553468
10,0,2.12,10,0.99997,0,10_0,0.9990999,-0.001516417,,0.0008701,0.001516417
10,0,2.14,10,0.99997,0,10_0,0.99914134,-0.001478262,,0.00082866,0.001478262
10,0,2.16,10,0.99997,0,10_0,0.9991822,-0.001439139,,0.0007878,0.001439139
10,0,2.18,10,0.99997,0,10_0,0.9992225,-0.001399264,,0.0007475,0.001399264
10,0,2.2,10,0.99998,0,10_0,0.99926215,-0.001358785,,0.00071785,0.001358785
10,0,2.22,10,0.99998,0,10_0,0.9993011,-0.001317821,,0.0006789,0.001317821
10,0,2.24,10,0.99998,0,10_0,0.99933934,-0.00127659,,0.00064066,0.00127659
10,0,2.26,10,0.99998,0,10_0,0.9993768,-0.001235195,,0.0006032,0.001235195
10,0,2.28,10,0.99998,0,10_0,0.99941343,-0.00119368,,0.00056657,0.00119368
10,0,2.3,10,0.99999,0,10_0,0.99944925,-0.001152203,,0.00054075,0.001152203
10,0,2.32,10,0.99999,0,10_0,0.99948424,-0.001110844,,0.00050576,0.001110844
10,0,2.34,10,0.99999,0,10_0,0.9995184,-0.001069635,,0.0004716,0.001069635
10,0,2.36,10,0.99999,0,10_0,0.9995516,-0.001028746,,0.0004384,0.001028746
10,0,2.38,10,0.99999,0,10_0,0.9995838,-0.0009882,,0.0004062,0.0009882
10,0,2.4,10,0.99999,0,10_0,0.99961513,-0.000947967,,0.00037487,0.000947967
10,0,2.42,10,0.99999,0,10_0,0.9996455,-0.000908308,,0.0003445,0.000908308
10,0,2.44,10,0.99999,0,10_0,0.99967486,-0.000869095,,0.00031514,0.000869095
10,0,2.46,10,0.99999,0,10_0,0.9997033,-0.000830472,,0.0002867,0.000830472
10,0,2.48,10,0.99999,0,10_0,0.9997307,-0.000792354,,0.0002593,0.000792354
10,0,2.5,10,0.99999,0,10_0,0.9997571,-0.000754938,,0.0002329,0.000754938
10,0,2.52,10,0.99999,0,10_0,0.9997825,-0.000718154,,0.0002075,0.000718154
10,0,2.54,10,0.99999,0,10_0,0.9998069,-0.000681996,,0.0001831,0.000681996
10,0,2.56,10,0.99999,0,10_0,0.99983025,-0.000646591,,0.00015975,0.000646591
10,0,2.58,10,0.99999,0,10_0,0.9998527,-0.000611924,,0.0001373,0.000611924
10,0,2.6,10,0.99999,0,10_0,0.9998741,-0.000577934,,0.0001159,0.000577934
10,0,2.62,10,0.99999,0,10_0,0.9998945,-0.000544816,,9.55E-05,0.000544816
10,0,2.64,10,0.99999,0,10_0,0.9999139,-0.000512332,,7.61E-05,0.000512332
10,0,2.66,10,0.99999,0,10_0,0.9999323,-0.000480734,,5.77E-05,0.000480734
10,0,2.68,10,0.99999,0,10_0,0.99994975,-0.000449806,,4.025E-05,0.000449806
10,0,2.7,10,0.99999,0,10_0,0.99996626,-0.000419803,,2.374E-05,0.000419803
10,0,2.72,10,0.99999,0,10_0,0.9999817,-0.000390477,,8.3E-06,0.000390477
10,0,2.74,10,0.99999,0,10_0,0.9999963,-0.000361964,,-6.3E-06,0.000361964
10,0,2.76,10,0.99999,0,10_0,1.00001,-0.000334233,,-2E-05,0.000334233
10,0,2.78,10,0.99999,0,10_0,1.0000228,-0.000307329,,-3.28E-05,0.000307329
10,0,2.8,10,0.99999,0,10_0,1.0000346,-0.000281192,,-4.46E-05,0.000281192
10,0,2.82,10,0.99999,0,10_0,1.0000457,-0.000255831,,-5.57E-05,0.000255831
10,0,2.84,10,0.99999,0,10_0,1.0000557,-0.000231303,,-6.57E-05,0.000231303
10,0,2.86,10,0.99999,0,10_0,1.000065,-0.000207484,,-7.5E-05,0.000207484
10,0,2.88,10,0.99999,0,10_0,1.0000734,-0.000184447,,-8.34E-05,0.000184447
10,0,2.9,10,0.99999,0,10_0,1.0000811,-0.000162147,,-9.11E-05,0.000162147
10,0,2.92,10,0.99999,0,10_0,1.000088,-0.0001406,,-9.8E-05,0.0001406
10,0,2.94,10,0.99999,0,10_0,1.0000942,-0.000119828,,-0.0001042,0.000119828
10,0,2.96,10,0.99999,0,10_0,1.0000995,-9.98E-05,,-0.0001095,9.97856E-05
10,0,2.98,10,0.99999,0,10_0,1.0001042,-8.05E-05,,-0.0001142,8.04663E-05
10,0,3,10,0.99999,0,10_0,1.0001081,-6.18E-05,,-0.0001181,6.17728E-05
10,0,3.02,10,0.99999,0,10_0,1.0001115,-4.38E-05,,-0.0001215,4.38392E-05
10,0,3.04,10,0.99999,0,10_0,1.0001141,-2.66E-05,,-0.0001241,2.6606E-05
10,0,3.06,10,0.99999,0,10_0,1.0001162,-1.00E-05,,-0.0001262,1.00285E-05
10,0,3.08,10,0.99999,0,10_0,1.0001177,5.89E-06,,-0.0001277,-5.88596E-06
10,0,3.1,10,0.99999,0,10_0,1.0001185,2.11E-05,,-0.0001285,-2.11373E-05
10,0,3.12,10,0.99999,0,10_0,1.0001189,3.58E-05,,-0.0001289,-3.57851E-05
10,0,3.14,10,0.99999,0,10_0,1.0001187,4.97E-05,,-0.0001287,-4.97326E-05
10,0,3.16,10,0.99999,0,10_0,1.000118,6.32E-05,,-0.000128,-6.31586E-05
10,0,3.18,10,0.99999,0,10_0,1.000117,7.59E-05,,-0.000127,-7.59065E-05
10,0,3.2,10,0.99999,0,10_0,1.0001154,8.81E-05,,-0.0001254,-8.80957E-05
10,0,3.22,10,0.99999,0,10_0,1.0001134,9.97E-05,,-0.0001234,-9.96888E-05
10,0,3.24,10,0.99999,0,10_0,1.000111,0.000110708,,-0.000121,-0.000110708
10,0,3.26,10,0.99999,0,10_0,1.0001084,0.000121258,,-0.0001184,-0.000121258
10,0,3.28,10,0.99999,0,10_0,1.0001053,0.00013116,,-0.0001153,-0.00013116
10,0,3.3,10,0.99999,0,10_0,1.0001019,0.00014057,,-0.0001119,-0.00014057
10,0,3.32,10,0.99999,0,10_0,1.0000983,0.000149511,,-0.0001083,-0.000149511
10,0,3.34,10,0.99999,0,10_0,1.0000943,0.00015787,,-0.0001043,-0.00015787
10,0,3.36,10,0.99999,0,10_0,1.0000902,0.000165768,,-0.0001002,-0.000165768
10,0,3.38,10,0.99999,0,10_0,1.000086,0.000173263,,-9.6E-05,-0.000173263
10,0,3.4,10,0.99999,0,10_0,1.0000815,0.000180185,,-9.15E-05,-0.000180185
10,0,3.42,10,0.99999,0,10_0,1.0000769,0.000186712,,-8.69E-05,-0.000186712
10,0,3.44,10,0.99999,0,10_0,1.0000721,0.000192769,,-8.21E-05,-0.000192769
10,0,3.46,10,0.99999,0,10_0,1.0000672,0.000198387,,-7.72E-05,-0.000198387
10,0,3.48,10,0.99999,0,10_0,1.0000623,0.000203617,,-7.23E-05,-0.000203617
10,0,3.5,10,0.99999,0,10_0,1.0000573,0.000208467,,-6.73E-05,-0.000208467
10,0,3.52,10,0.99999,0,10_0,1.0000525,0.000212856,,-6.25E-05,-0.000212856
10,0,3.54,10,0.99999,0,10_0,1.0000474,0.000216894,,-5.74E-05,-0.000216894
10,0,3.56,10,0.99999,0,10_0,1.0000424,0.000220545,,-5.24E-05,-0.000220545
10,0,3.58,10,0.99999,0,10_0,1.0000377,0.000223838,,-4.77E-05,-0.000223838
10,0,3.6,10,0.99999,0,10_0,1.0000329,0.000226751,,-4.29E-05,-0.000226751
10,0,3.62,10,0.99999,0,10_0,1.0000281,0.000229329,,-3.81E-05,-0.000229329
10,0,3.64,10,0.99999,0,10_0,1.0000236,0.000231601,,-3.36E-05,-0.000231601
10,0,3.66,10,0.99999,0,10_0,1.0000193,0.000233538,,-2.93E-05,-0.000233538
10,0,3.68,10,0.99999,0,10_0,1.000015,0.000235178,,-2.5E-05,-0.000235178
10,0,3.7,10,0.99999,0,10_0,1.0000111,0.000236452,,-2.11E-05,-0.000236452
10,0,3.72,10,0.99999,0,10_0,1.0000073,0.000237525,,-1.73E-05,-0.000237525
10,0,3.74,10,0.99999,0,10_0,1.0000038,0.00023824,,-1.38E-05,-0.00023824
10,0,3.76,10,0.99999,0,10_0,1.0000006,0.000238702,,-1.06E-05,-0.000238702
10,0,3.78,10,1,0,10_0,0.99999756,0.00023894,,2.44E-06,-0.00023894
10,0,3.8,10,1,0,10_0,0.999995,0.000238866,,5E-06,-0.000238866
10,0,3.82,10,1,0,10_0,0.99999267,0.000238538,,7.33E-06,-0.000238538
10,0,3.84,10,1,0,10_0,0.99999076,0.000237994,,9.24E-06,-0.000237994
10,0,3.86,10,1,0,10_0,0.9999893,0.000237264,,1.07E-05,-0.000237264
10,0,3.88,10,1,0,10_0,0.9999881,0.000236206,,1.19E-05,-0.000236206
10,0,3.9,10,1,0,10_0,0.9999874,0.000234999,,1.26E-05,-0.000234999
10,0,3.92,10,1,0,10_0,0.9999871,0.000233568,,1.29E-05,-0.000233568
10,0,3.94,10,1,0,10_0,0.9999873,0.000231937,,1.27E-05,-0.000231937
10,0,3.96,10,1,0,10_0,0.999988,0.000230141,,1.2E-05,-0.000230141
10,0,3.98,10,1,0,10_0,0.9999892,0.000228137,,1.08E-05,-0.000228137
10,0,4,10,1,0,10_0,0.99999094,0.000225909,,9.06E-06,-0.000225909
10,0,4.02,10,1,0,10_0,0.99999315,0.000223607,,6.85E-06,-0.000223607
10,0,4.04,10,1,0,10_0,0.999996,0.000221089,,4E-06,-0.000221089
10,0,4.06,10,1,0,10_0,0.9999994,0.000218406,,6E-07,-0.000218406
10,0,4.08,10,1,0,10_0,1.0000035,0.00021556,,-3.5E-06,-0.00021556
10,0,4.1,10,1,0,10_0,1.000008,0.00021258,,-8E-06,-0.00021258
10,0,4.12,10,0.99999,0,10_0,1.0000132,0.000209466,,-2.32E-05,-0.000209466
10,0,4.14,10,0.99999,0,10_0,1.0000191,0.000206247,,-2.91E-05,-0.000206247
10,0,4.16,10,0.99999,0,10_0,1.0000256,0.000202902,,-3.56E-05,-0.000202902
10,0,4.18,10,0.99999,0,10_0,1.0000329,0.000199363,,-4.29E-05,-0.000199363
10,0,4.2,10,0.99998,0,10_0,1.0000408,0.000195801,,-6.08E-05,-0.000195801
10,0,4.22,10,0.99998,0,10_0,1.0000495,0.000192113,,-6.95E-05,-0.000192113
10,0,4.24,10,0.99998,0,10_0,1.0000588,0.000188299,,-7.88E-05,-0.000188299
10,0,4.26,10,0.99998,0,10_0,1.0000689,0.00018438,,-8.89E-05,-0.00018438
10,0,4.28,10,0.99997,0,10_0,1.0000796,0.000180423,,-0.0001096,-0.000180423
10,0,4.3,10,0.99997,0,10_0,1.0000913,0.000176311,,-0.0001213,-0.000176311
10,0,4.32,10,0.99997,0,10_0,1.0001037,0.000172146,,-0.0001337,-0.000172146
10,0,4.34,10,0.99997,0,10_0,1.0001168,0.000167936,,-0.0001468,-0.000167936
10,0,4.36,10,0.99997,0,10_0,1.0001308,0.000163615,,-0.0001608,-0.000163615
10,0,4.38001,10,0.99997,0,10_0,1.0001457,0.000159211,,-0.0001757,-0.000159211
10,0,4.40001,10,0.99997,0,10_0,1.0001613,0.000154793,,-0.0001913,-0.000154793
10,0,4.42001,10,0.99997,0,10_0,1.0001777,0.000150323,,-0.0002077,-0.000150323
10,0,4.44001,10,0.99997,0,10_0,1.000195,0.0001458,,-0.000225,-0.0001458
10,0,4.46001,10,0.99997,0,10_0,1.0002133,0.000141196,,-0.0002433,-0.000141196
10,0,4.48001,10,0.99997,0,10_0,1.0002323,0.000136577,,-0.0002623,-0.000136577
10,0,4.50001,10,0.99997,0,10_0,1.0002522,0.000131905,,-0.0002822,-0.000131905
10,0,4.52001,10,0.99997,0,10_0,1.0002731,0.000127189,,-0.0003031,-0.000127189
10,0,4.54001,10,0.99997,0,10_0,1.0002949,0.000122502,,-0.0003249,-0.000122502
10,0,4.56001,10,0.99997,0,10_0,1.0003176,0.000117712,,-0.0003476,-0.000117712
10,0,4.58001,10,0.99997,0,10_0,1.0003412,0.000112966,,-0.0003712,-0.000112966
10,0,4.60001,10,0.99998,0,10_0,1.0003657,0.000108145,,-0.0003857,-0.000108145
10,0,4.62001,10,0.99998,0,10_0,1.0003911,0.000103325,,-0.0004111,-0.000103325
10,0,4.64001,10,0.99998,0,10_0,1.0004176,9.86E-05,,-0.0004376,-9.85563E-05
10,0,4.66001,10,0.99998,0,10_0,1.000445,9.37E-05,,-0.000465,-9.37209E-05
10,0,4.68001,10,0.99998,0,10_0,1.0004733,8.89E-05,,-0.0004933,-8.89078E-05
10,0,4.70001,10,0.99998,0,10_0,1.0005027,8.41E-05,,-0.0005227,-8.40873E-05
10,0,4.72001,10,0.99998,0,10_0,1.000533,7.93E-05,,-0.000553,-7.92891E-05
10,0,4.74001,10,0.99999,0,10_0,1.0005642,7.45E-05,,-0.0005742,-7.44537E-05
10,0,4.76001,10,0.99999,0,10_0,1.0005966,6.97E-05,,-0.0006066,-6.97002E-05
10,0,4.78001,10,0.99999,0,10_0,1.0006299,6.49E-05,,-0.0006399,-6.49095E-05
10,0,4.80001,10,0.99999,0,10_0,1.0006642,6.01E-05,,-0.0006742,-6.01485E-05
10,0,4.82002,10,0.99999,0,10_0,1.0006995,5.54E-05,,-0.0007095,-5.54398E-05
10,0,4.84002,10,0.99999,0,10_0,1.0007359,5.08E-05,,-0.0007459,-5.07683E-05
10,0,4.86002,10,0.99999,0,10_0,1.0007732,4.61E-05,,-0.0007832,-4.6052E-05
10,0,4.88002,10,0.99999,0,10_0,1.0008117,4.14E-05,,-0.0008217,-4.14327E-05
10,0,4.90002,10,0.99999,0,10_0,1.000851,3.68E-05,,-0.000861,-3.68133E-05
10,0,4.92002,10,1,0,10_0,1.0008916,3.23E-05,,-0.0008916,-3.2261E-05
10,0,4.94002,10,1,0,10_0,1.0009332,2.77E-05,,-0.0009332,-2.77385E-05
10,0,4.96002,10,1,0,10_0,1.0009757,2.33E-05,,-0.0009757,-2.32682E-05
10,0,4.98002,10,1,0,10_0,1.0010194,1.88E-05,,-0.0010194,-1.885E-05
10,0,5.00002,10,1,0,10_0,1.0010641,1.45E-05,,-0.0010641,-1.44765E-05
10,1,0,11,0.0949,1,10_1,0.09392184,0.99387527,,0.00097816,0.00612473
10,1,0.02,11,0.11286,0.99303,10_1,0.11470389,0.9909514,,-0.00184389,0.0020786
10,1,0.04,11,0.21539,0.98068,10_1,0.20629245,0.9790726,,0.00909755,0.0016074
10,1,0.06,11,0.30837,0.96325,10_1,0.30974096,0.96344924,,-0.00137096,-0.00019924
10,1,0.08,11,0.39254,0.94173,10_1,0.39700574,0.9431642,,-0.00446574,-0.0014342
10,1,0.1,11,0.46859,0.91695,10_1,0.47064483,0.9184277,,-0.00205483,-0.0014777
10,1,0.12,11,0.53719,0.88961,10_1,0.53608465,0.89060795,,0.00110535,-0.00099795
10,1,0.14,11,0.59893,0.86029,10_1,0.5957593,0.8606715,,0.0031707,-0.0003815
10,1,0.16,11,0.65439,0.82949,10_1,0.6504482,0.8292582,,0.0039418,0.0002318
10,1,0.18,11,0.70408,0.79762,10_1,0.7003918,0.7968501,,0.0036882,0.0007699
10,1,0.2,11,0.74851,0.76502,10_1,0.7457048,0.7638447,,0.0028052,0.0011753
10,1,0.22,11,0.78813,0.73201,10_1,0.786502,0.73057854,,0.001628,0.00143146
10,1,0.24,11,0.82336,0.69882,10_1,0.8229368,0.69733894,,0.0004232,0.00148106
10,1,0.26,11,0.85459,0.66568,10_1,0.85521066,0.66436493,,-0.00062066,0.00131507
10,1,0.28,11,0.88218,0.63277,10_1,0.8835746,0.63184726,,-0.0013946,0.00092274
10,1,0.3,11,0.90648,0.60024,10_1,0.9083216,0.5999272,,-0.0018416,0.0003128
10,1,0.32,11,0.92778,0.56822,10_1,0.92977566,0.5686948,,-0.00199566,-0.0004748
10,1,0.34,11,0.94638,0.53685,10_1,0.9482742,0.53819835,,-0.0018942,-0.00134835
10,1,0.36,11,0.96253,0.5062,10_1,0.96415365,0.50845265,,-0.00162365,-0.00225265
10,1,0.38,11,0.97649,0.47636,10_1,0.9777337,0.47945318,,-0.0012437,-0.00309318
10,1,0.4,11,0.98847,0.4474,10_1,0.9893076,0.45118764,,-0.0008376,-0.00378764
10,1,0.42,11,0.99868,0.41939,10_1,0.99913436,0.4236519,,-0.00045436,-0.0042619
10,1,0.44,11,1.0073,0.39236,10_1,1.0074391,0.39685372,,-0.0001391,-0.00449372
10,1,0.46,11,1.01451,0.36635,10_1,1.0144126,0.37081853,,9.74E-05,-0.00446853
10,1,0.48,11,1.02046,0.3414,10_1,1.0202156,0.3455898,,0.0002444,-0.0041898
10,1,0.5,11,1.02531,0.31753,10_1,1.0249853,0.32122186,,0.0003247,-0.00369186
10,1,0.52,11,1.02917,0.29473,10_1,1.0288388,0.2977788,,0.0003312,-0.0030488
10,1,0.54,11,1.03217,0.27304,10_1,1.0318778,0.27532476,,0.0002922,-0.00228476
10,1,0.56,11,1.03441,0.25243,10_1,1.0341929,0.25391892,,0.0002171,-0.00148892
10,1,0.58,11,1.036,0.23291,10_1,1.0358671,0.23361099,,0.0001329,-0.00070099
10,1,0.6,11,1.03702,0.21447,10_1,1.0369763,0.21443655,,4.37E-05,3.345E-05
10,1,0.62,11,1.03756,0.19709,10_1,1.0375912,0.1964165,,-3.12E-05,0.0006735
10,1,0.64,11,1.03767,0.18075,10_1,1.0377775,0.17955634,,-0.0001075,0.00119366
10,1,0.66,11,1.03744,0.16543,10_1,1.0375967,0.16384588,,-0.0001567,0.00158412
10,1,0.68,11,1.03691,0.15109,10_1,1.0371051,0.14926273,,-0.0001951,0.00182727
10,1,0.7,11,1.03613,0.13771,10_1,1.0363549,0.13577215,,-0.0002249,0.00193785
10,1,0.72,11,1.03516,0.12525,10_1,1.035393,0.12333096,,-0.000233,0.00191904
10,1,0.74,11,1.03403,0.11369,10_1,1.034262,0.111888744,,-0.000232,0.001801256
10,1,0.76,11,1.03278,0.10297,10_1,1.0329993,0.10139082,,-0.0002193,0.00157918
10,1,0.78,11,1.03144,0.09307,10_1,1.0316381,0.091779575,,-0.0001981,0.001290425
10,1,0.8,11,1.03003,0.08394,10_1,1.030207,0.08299591,,-0.000177,0.00094409
10,1,0.82,11,1.02858,0.07555,10_1,1.0287311,0.07498128,,-0.0001511,0.00056872
10,1,0.84,11,1.02711,0.06785,10_1,1.027231,0.06767795,,-0.000121,0.00017205
10,1,0.86,11,1.02563,0.06081,10_1,1.0257245,0.061030243,,-9.45E-05,-0.000220243
10,1,0.88,11,1.02417,0.05438,10_1,1.0242264,0.054985024,,-5.64E-05,-0.000605024
10,1,0.9,11,1.02272,0.04852,10_1,1.0227487,0.04949181,,-2.87E-05,-0.00097181
10,1,0.92,11,1.02131,0.0432,10_1,1.021301,0.04450347,,9E-06,-0.00130347
10,1,0.94,11,1.01994,0.03838,10_1,1.0198913,0.039975855,,4.87E-05,-0.001595855
10,1,0.96,11,1.01861,0.03403,10_1,1.0185252,0.035868272,,8.48E-05,-0.001838272
10,1,0.98,11,1.01733,0.0301,10_1,1.0172079,0.032142792,,0.0001221,-0.002042792
10,1,1,11,1.01611,0.02657,10_1,1.0159421,0.028764866,,0.0001679,-0.002194866
10,1,1.02,11,1.01495,0.0234,10_1,1.0147306,0.025702655,,0.0002194,-0.002302655
10,1,1.04,11,1.01384,0.02056,10_1,1.0135745,0.022927187,,0.0002655,-0.002367187
10,1,1.06,11,1.01279,0.01803,10_1,1.0124745,0.020411983,,0.0003155,-0.002381983
10,1,1.08,11,1.01181,0.01577,10_1,1.0114311,0.01813288,,0.0003789,-0.00236288
10,1,1.1,11,1.01088,0.01377,10_1,1.0104437,0.016068034,,0.0004363,-0.002298034
10,1,1.12,11,1.01001,0.01199,10_1,1.0095115,0.014197536,,0.0004985,-0.002207536
10,1,1.14,11,1.00919,0.01042,10_1,1.0086334,0.0125034,,0.0005566,-0.0020834
10,1,1.16,11,1.00843,0.00904,10_1,1.0078082,0.010969199,,0.0006218,-0.001929199
10,1,1.18,11,1.00772,0.00782,10_1,1.0070343,0.009580158,,0.0006857,-0.001760158
10,1,1.2,11,1.00706,0.00675,10_1,1.0063102,0.008322798,,0.0007498,-0.001572798
10,1,1.22,11,1.00645,0.00581,10_1,1.005634,0.007185131,,0.000816,-0.001375131
10,1,1.24,11,1.00589,0.00499,10_1,1.0050037,0.006156072,,0.0008863,-0.001166072
10,1,1.26,11,1.00537,0.00428,10_1,1.0044174,0.005225651,,0.0009526,-0.000945651
10,1,1.28,11,1.00489,0.00366,10_1,1.0038735,0.004384913,,0.0010165,-0.000724913
10,1,1.3,11,1.00445,0.00313,10_1,1.0033697,0.003625587,,0.0010803,-0.000495587
10,1,1.32,11,1.00404,0.00266,10_1,1.0029043,0.002940364,,0.0011357,-0.000280364
10,1,1.34,11,1.00367,0.00226,10_1,1.0024753,0.002322547,,0.0011947,-6.25471E-05
10,1,1.36,11,1.00333,0.00192,10_1,1.0020806,0.001765952,,0.0012494,0.000154049
10,1,1.38,11,1.00302,0.00162,10_1,1.0017186,0.001265228,,0.0013014,0.000354772
10,1,1.4,11,1.00273,0.00137,10_1,1.0013875,0.00081525,,0.0013425,0.00055475
10,1,1.42,11,1.00247,0.00115,10_1,1.0010854,0.000411466,,0.0013846,0.000738534
10,1,1.44,11,1.00223,0.00097,10_1,1.0008106,4.99E-05,,0.0014194,0.000920126
10,1,1.46,11,1.00202,0.00081,10_1,1.0005617,-0.000273384,,0.0014583,0.001083384
10,1,1.48,11,1.00182,0.00068,10_1,1.0003368,-0.000561722,,0.0014832,0.001241722
10,1,1.5,11,1.00164,0.00057,10_1,1.0001345,-0.000818267,,0.0015055,0.001388267
10,1,1.52,11,1.00148,0.00047,10_1,0.9999534,-0.001045786,,0.0015266,0.001515786
10,1,1.54,11,1.00133,0.00039,10_1,0.9997921,-0.001246914,,0.0015379,0.001636914
10,1,1.56,11,1.0012,0.00032,10_1,0.9996492,-0.00142397,,0.0015508,0.00174397
10,1,1.58,11,1.00108,0.00027,10_1,0.9995235,-0.001579069,,0.0015565,0.001849069
10,1,1.6,11,1.00097,0.00022,10_1,0.99941385,-0.001714177,,0.00155615,0.001934177
10,1,1.62,11,1.00087,0.00018,10_1,0.99931896,-0.001831114,,0.00155104,0.002011114
10,1,1.64,11,1.00078,0.00015,10_1,0.99923784,-0.001931533,,0.00154216,0.002081533
10,1,1.66,11,1.0007,0.00012,10_1,0.9991694,-0.002016872,,0.0015306,0.002136872
10,1,1.68,11,1.00063,0.0001,10_1,0.9991128,-0.002088524,,0.0015172,0.002188524
10,1,1.7,11,1.00056,8.00E-05,10_1,0.99906695,-0.002147719,,0.00149305,0.002227719
10,1,1.72,11,1.0005,7.00E-05,10_1,0.99903107,-0.002195619,,0.00146893,0.002265619
10,1,1.74,11,1.00045,5.00E-05,10_1,0.99900436,-0.002233267,,0.00144564,0.002283267
10,1,1.76,11,1.0004,4.00E-05,10_1,0.99898607,-0.002261631,,0.00141393,0.002301631
10,1,1.78,11,1.00036,3.00E-05,10_1,0.9989754,-0.002281606,,0.0013846,0.002311606
10,1,1.8,11,1.00032,3.00E-05,10_1,0.9989717,-0.002293892,,0.0013483,0.002323892
10,1,1.82,11,1.00029,2.00E-05,10_1,0.9989744,-0.002299406,,0.0013156,0.002319406
10,1,1.84,11,1.00026,2.00E-05,10_1,0.99898285,-0.002298676,,0.00127715,0.002318676
10,1,1.86,11,1.00023,1.00E-05,10_1,0.9989964,-0.002292417,,0.0012336,0.002302417
10,1,1.88,11,1.00021,1.00E-05,10_1,0.9990146,-0.002281137,,0.0011954,0.002291137
10,1,1.9,11,1.00019,1.00E-05,10_1,0.99903715,-0.002265327,,0.00115285,0.002275327
10,1,1.92,11,1.00017,1.00E-05,10_1,0.99906325,-0.002245575,,0.00110675,0.002255575
10,1,1.94,11,1.00015,1.00E-05,10_1,0.9990927,-0.002222307,,0.0010573,0.002232307
10,1,1.96,11,1.00013,0,10_1,0.999125,-0.002195828,,0.001005,0.002195828
10,1,1.98,11,1.00012,0,10_1,0.9991598,-0.002166636,,0.0009602,0.002166636
10,1,2,11,1.00011,0,10_1,0.9991968,-0.002134949,,0.0009132,0.002134949
10,1,2.02,11,1.00009,0,10_1,0.99923563,-0.00210119,,0.00085437,0.00210119
10,1,2.04,11,1.00008,0,10_1,0.99927604,-0.002065584,,0.00080396,0.002065584
10,1,2.06,11,1.00008,0,10_1,0.99931765,-0.002028413,,0.00076235,0.002028413
10,1,2.08,11,1.00007,0,10_1,0.9993603,-0.001989886,,0.0007097,0.001989886
10,1,2.1,11,1.00006,0,10_1,0.9994037,-0.001950279,,0.0006563,0.001950279
10,1,2.12,11,1.00006,0,10_1,0.99944776,-0.001909725,,0.00061224,0.001909725
10,1,2.14,11,1.00005,0,10_1,0.99949205,-0.001868479,,0.00055795,0.001868479
10,1,2.16,11,1.00005,0,10_1,0.9995366,-0.001826711,,0.0005134,0.001826711
10,1,2.18,11,1.00004,0,10_1,0.999581,-0.001784451,,0.000459,0.001784451
10,1,2.2,11,1.00004,0,10_1,0.99962527,-0.00174205,,0.00041473,0.00174205
10,1,2.22,11,1.00003,0,10_1,0.99966925,-0.00169944,,0.00036075,0.00169944
10,1,2.24,11,1.00003,0,10_1,0.99971277,-0.001656875,,0.00031723,0.001656875
10,1,2.26,11,1.00002,0,10_1,0.99975574,-0.00161434,,0.00026426,0.00161434
10,1,2.28,11,1.00002,0,10_1,0.999798,-0.00157208,,0.000222,0.00157208
10,1,2.3,11,1.00002,0,10_1,0.9998394,-0.001530036,,0.0001806,0.001530036
10,1,2.32,11,1.00001,0,10_1,0.9998801,-0.00148835,,0.0001299,0.00148835
10,1,2.34,11,1.00001,0,10_1,0.9999197,-0.001447134,,9.03E-05,0.001447134
10,1,2.36,11,1.00001,0,10_1,0.99995834,-0.001406357,,5.166E-05,0.001406357
10,1,2.38,11,1.00001,0,10_1,0.9999958,-0.001366213,,1.42E-05,0.001366213
10,1,2.4,11,1,0,10_1,1.0000322,-0.001326628,,-3.22E-05,0.001326628
10,1,2.42,11,1,0,10_1,1.0000675,-0.001287729,,-6.75E-05,0.001287729
10,1,2.44,11,1,0,10_1,1.0001013,-0.001249448,,-0.0001013,0.001249448
10,1,2.46,11,1,0,10_1,1.000134,-0.001211934,,-0.000134,0.001211934
10,1,2.48,11,1,0,10_1,1.0001653,-0.001175188,,-0.0001653,0.001175188
10,1,2.5,11,1,0,10_1,1.0001953,-0.001139224,,-0.0001953,0.001139224
10,1,2.52,11,1,0,10_1,1.0002239,-0.00110402,,-0.0002239,0.00110402
10,1,2.54,11,1,0,10_1,1.0002512,-0.001069717,,-0.0002512,0.001069717
10,1,2.56,11,1,0,10_1,1.000277,-0.001036264,,-0.000277,0.001036264
10,1,2.58,11,1,0,10_1,1.0003015,-0.001003586,,-0.0003015,0.001003586
10,1,2.6,11,1,0,10_1,1.0003245,-0.000971824,,-0.0003245,0.000971824
10,1,2.62,11,1,0,10_1,1.0003462,-0.000940926,,-0.0003462,0.000940926
10,1,2.64,11,1,0,10_1,1.0003663,-0.000910878,,-0.0003663,0.000910878
10,1,2.66,11,1.00001,0,10_1,1.0003852,-0.000881784,,-0.0003752,0.000881784
10,1,2.68,11,1.00001,0,10_1,1.0004026,-0.000853583,,-0.0003926,0.000853583
10,1,2.7,11,1.00001,0,10_1,1.0004185,-0.000826277,,-0.0004085,0.000826277
10,1,2.72,11,1.00001,0,10_1,1.0004332,-0.00079982,,-0.0004232,0.00079982
10,1,2.74,11,1.00001,0,10_1,1.0004466,-0.000774227,,-0.0004366,0.000774227
10,1,2.76,11,1.00002,0,10_1,1.0004585,-0.000749603,,-0.0004385,0.000749603
10,1,2.78,11,1.00002,0,10_1,1.0004691,-0.000725806,,-0.0004491,0.000725806
10,1,2.8,11,1.00002,0,10_1,1.0004784,-0.000702873,,-0.0004584,0.000702873
10,1,2.82,11,1.00002,0,10_1,1.0004865,-0.000680789,,-0.0004665,0.000680789
10,1,2.84,11,1.00002,0,10_1,1.0004933,-0.000659592,,-0.0004733,0.000659592
10,1,2.86,11,1.00002,0,10_1,1.0004988,-0.00063923,,-0.0004788,0.00063923
10,1,2.88,11,1.00002,0,10_1,1.0005032,-0.000619724,,-0.0004832,0.000619724
10,1,2.9,11,1.00002,0,10_1,1.0005063,-0.000601023,,-0.0004863,0.000601023
10,1,2.92,11,1.00001,0,10_1,1.0005084,-0.000583112,,-0.0004984,0.000583112
10,1,2.94,11,1.00001,0,10_1,1.0005093,-0.000566006,,-0.0004993,0.000566006
10,1,2.96,11,1.00001,0,10_1,1.0005091,-0.000549734,,-0.0004991,0.000549734
10,1,2.98,11,1.00001,0,10_1,1.000508,-0.000534236,,-0.000498,0.000534236
10,1,3,11,1.00001,0,10_1,1.0005057,-0.000519432,,-0.0004957,0.000519432
10,1,3.02,11,1.00001,0,10_1,1.0005025,-0.000505455,,-0.0004925,0.000505455
10,1,3.04,11,1.00001,0,10_1,1.0004983,-0.000492163,,-0.0004883,0.000492163
10,1,3.06,11,1,0,10_1,1.0004933,-0.000479639,,-0.0004933,0.000479639
10,1,3.08,11,1,0,10_1,1.0004872,-0.00046777,,-0.0004872,0.00046777
10,1,3.1,11,1,0,10_1,1.0004804,-0.000456661,,-0.0004804,0.000456661
10,1,3.12,11,1,0,10_1,1.0004728,-0.000446178,,-0.0004728,0.000446178
10,1,3.14,11,1,0,10_1,1.0004643,-0.000436373,,-0.0004643,0.000436373
10,1,3.16,11,0.99999,0,10_1,1.0004551,-0.000427187,,-0.0004651,0.000427187
10,1,3.18,11,0.99999,0,10_1,1.0004454,-0.000418708,,-0.0004554,0.000418708
10,1,3.2,11,0.99999,0,10_1,1.0004348,-0.000410825,,-0.0004448,0.000410825
10,1,3.22,11,0.99999,0,10_1,1.0004236,-0.000403479,,-0.0004336,0.000403479
10,1,3.24,11,0.99999,0,10_1,1.0004117,-0.000396751,,-0.0004217,0.000396751
10,1,3.26,11,0.99999,0,10_1,1.0003994,-0.000390612,,-0.0004094,0.000390612
10,1,3.28,11,0.99999,0,10_1,1.0003865,-0.000385113,,-0.0003965,0.000385113
10,1,3.3,11,0.99999,0,10_1,1.000373,-0.000380076,,-0.000383,0.000380076
10,1,3.32,11,0.99999,0,10_1,1.0003592,-0.000375606,,-0.0003692,0.000375606
10,1,3.34,11,0.99999,0,10_1,1.000345,-0.00037165,,-0.000355,0.00037165
10,1,3.36,11,0.99999,0,10_1,1.0003303,-0.000368208,,-0.0003403,0.000368208
10,1,3.38,11,0.99999,0,10_1,1.0003153,-0.000365227,,-0.0003253,0.000365227
10,1,3.4,11,0.99999,0,10_1,1.0002999,-0.000362709,,-0.0003099,0.000362709
10,1,3.42,11,0.99999,0,10_1,1.0002842,-0.000360757,,-0.0002942,0.000360757
10,1,3.44,11,0.99999,0,10_1,1.0002683,-0.0003592,,-0.0002783,0.0003592
10,1,3.46,11,0.99998,0,10_1,1.0002522,-0.000358075,,-0.0002722,0.000358075
10,1,3.48,11,0.99998,0,10_1,1.0002359,-0.000357345,,-0.0002559,0.000357345
10,1,3.5,11,0.99998,0,10_1,1.0002195,-0.000357084,,-0.0002395,0.000357084
10,1,3.52,11,0.99998,0,10_1,1.0002029,-0.000357181,,-0.0002229,0.000357181
10,1,3.54,11,0.99998,0,10_1,1.0001863,-0.000357747,,-0.0002063,0.000357747
10,1,3.56,11,0.99998,0,10_1,1.0001695,-0.000358567,,-0.0001895,0.000358567
10,1,3.58,11,0.99998,0,10_1,1.0001528,-0.000359826,,-0.0001728,0.000359826
10,1,3.6,11,0.99998,0,10_1,1.000136,-0.000361383,,-0.000156,0.000361383
10,1,3.62,11,0.99998,0,10_1,1.0001193,-0.00036332,,-0.0001393,0.00036332
10,1,3.64,11,0.99998,0,10_1,1.0001026,-0.000365593,,-0.0001226,0.000365593
10,1,3.66,11,0.99998,0,10_1,1.0000862,-0.000368156,,-0.0001062,0.000368156
10,1,3.68,11,0.99998,0,10_1,1.0000696,-0.000371002,,-8.96E-05,0.000371002
10,1,3.7,11,0.99998,0,10_1,1.0000534,-0.000374138,,-7.34E-05,0.000374138
10,1,3.72,11,0.99998,0,10_1,1.0000373,-0.00037761,,-5.73E-05,0.00037761
10,1,3.74,11,0.99998,0,10_1,1.0000215,-0.000381306,,-4.15E-05,0.000381306
10,1,3.76,11,0.99998,0,10_1,1.0000057,-0.000385314,,-2.57E-05,0.000385314
10,1,3.78,11,0.99997,0,10_1,0.99999034,-0.000389554,,-2.034E-05,0.000389554
10,1,3.8,11,0.99997,0,10_1,0.9999752,-0.000394002,,-5.2E-06,0.000394002
10,1,3.82,11,0.99997,0,10_1,0.9999604,-0.000398688,,9.6E-06,0.000398688
10,1,3.84,11,0.99997,0,10_1,0.999946,-0.000403613,,2.4E-05,0.000403613
10,1,3.86,11,0.99997,0,10_1,0.9999319,-0.000408739,,3.81E-05,0.000408739
10,1,3.88,11,0.99997,0,10_1,0.99991816,-0.000414044,,5.184E-05,0.000414044
10,1,3.9,11,0.99997,0,10_1,0.9999049,-0.000419572,,6.51E-05,0.000419572
10,1,3.92,11,0.99997,0,10_1,0.99989206,-0.000425234,,7.794E-05,0.000425234
10,1,3.94,11,0.99997,0,10_1,0.9998796,-0.000431158,,9.04E-05,0.000431158
10,1,3.96,11,0.99998,0,10_1,0.99986774,-0.000437185,,0.00011226,0.000437185
10,1,3.98,11,0.99998,0,10_1,0.99985635,-0.000443362,,0.00012365,0.000443362
10,1,4,11,0.99998,0,10_1,0.99984545,-0.000449702,,0.00013455,0.000449702
10,1,4.02,11,0.99998,0,10_1,0.99983513,-0.000456177,,0.00014487,0.000456177
10,1,4.04,11,0.99998,0,10_1,0.99982536,-0.0004628,,0.00015464,0.0004628
10,1,4.06,11,0.99998,0,10_1,0.9998162,-0.000469506,,0.0001638,0.000469506
10,1,4.08,11,0.99998,0,10_1,0.9998076,-0.000476331,,0.0001724,0.000476331
10,1,4.1,11,0.99998,0,10_1,0.9997996,-0.000483349,,0.0001804,0.000483349
10,1,4.12,11,0.99998,0,10_1,0.99979234,-0.000490367,,0.00018766,0.000490367
10,1,4.14,11,0.99998,0,10_1,0.99978566,-0.000497542,,0.00019434,0.000497542
10,1,4.16,11,0.99998,0,10_1,0.99977964,-0.000504747,,0.00020036,0.000504747
10,1,4.18,11,0.99998,0,10_1,0.9997744,-0.000512049,,0.0002056,0.000512049
10,1,4.2,11,0.99998,0,10_1,0.9997698,-0.00051941,,0.0002102,0.00051941
10,1,4.22,11,0.99998,0,10_1,0.999766,-0.000526883,,0.000214,0.000526883
10,1,4.24,11,0.99998,0,10_1,0.9997629,-0.000534378,,0.0002171,0.000534378
10,1,4.26,11,0.99998,0,10_1,0.99976057,-0.000541933,,0.00021943,0.000541933
10,1,4.28,11,0.99999,0,10_1,0.999759,-0.000549547,,0.000231,0.000549547
10,1,4.3,11,0.99999,0,10_1,0.99975824,-0.000557169,,0.00023176,0.000557169
10,1,4.32,11,0.99999,0,10_1,0.9997583,-0.000564769,,0.0002317,0.000564769
10,1,4.34,11,0.99999,0,10_1,0.99975914,-0.000572465,,0.00023086,0.000572465
10,1,4.36,11,0.99999,0,10_1,0.9997608,-0.000580184,,0.0002292,0.000580184
10,1,4.38001,11,0.99999,0,10_1,0.99976337,-0.000587933,,0.00022663,0.000587933
10,1,4.40001,11,0.99999,0,10_1,0.9997667,-0.000595644,,0.0002233,0.000595644
10,1,4.42001,11,0.99999,0,10_1,0.999771,-0.000603363,,0.000219,0.000603363
10,1,4.44001,11,0.99999,0,10_1,0.99977607,-0.000611112,,0.00021393,0.000611112
10,1,4.46001,11,0.99999,0,10_1,0.9997821,-0.00061886,,0.0002079,0.00061886
10,1,4.48001,11,0.99999,0,10_1,0.99978906,-0.000626497,,0.00020094,0.000626497
10,1,4.50001,11,0.99999,0,10_1,0.99979687,-0.000634193,,0.00019313,0.000634193
10,1,4.52001,11,1,0,10_1,0.99980557,-0.000641875,,0.00019443,0.000641875
10,1,4.54001,11,1,0,10_1,0.9998153,-0.000649489,,0.0001847,0.000649489
10,1,4.56001,11,1,0,10_1,0.99982584,-0.000657089,,0.00017416,0.000657089
10,1,4.58001,11,1,0,10_1,0.9998374,-0.000664629,,0.0001626,0.000664629
10,1,4.60001,11,1,0,10_1,0.9998499,-0.000672124,,0.0001501,0.000672124
10,1,4.62001,11,1,0,10_1,0.99986345,-0.000679657,,0.00013655,0.000679657
10,1,4.64001,11,1.00001,0,10_1,0.9998779,-0.000687048,,0.0001321,0.000687048
10,1,4.66001,11,1.00001,0,10_1,0.9998933,-0.000694394,,0.0001167,0.000694394
10,1,4.68001,11,1.00001,0,10_1,0.99990976,-0.000701681,,0.00010024,0.000701681
10,1,4.70001,11,1.00001,0,10_1,0.9999271,-0.000708856,,8.29E-05,0.000708856
10,1,4.72001,11,1,0,10_1,0.99994546,-0.000716068,,5.454E-05,0.000716068
10,1,4.74001,11,1,0,10_1,0.99996495,-0.000723138,,3.505E-05,0.000723138
10,1,4.76001,11,1,0,10_1,0.99998534,-0.000730082,,1.466E-05,0.000730082
10,1,4.78001,11,1,0,10_1,1.0000068,-0.000737101,,-6.8E-06,0.000737101
10,1,4.80001,11,1,0,10_1,1.0000292,-0.000743918,,-2.92E-05,0.000743918
10,1,4.82002,11,1,0,10_1,1.0000527,-0.000750691,,-5.27E-05,0.000750691
10,1,4.84002,11,1,0,10_1,1.0000772,-0.000757322,,-7.72E-05,0.000757322
10,1,4.86002,11,1,0,10_1,1.0001028,-0.000763893,,-0.0001028,0.000763893
10,1,4.88002,11,1,0,10_1,1.0001295,-0.000770345,,-0.0001295,0.000770345
10,1,4.90002,11,1,0,10_1,1.000157,-0.000776723,,-0.000157,0.000776723
10,1,4.92002,11,1,0,10_1,1.0001857,-0.000783011,,-0.0001857,0.000783011
10,1,4.94002,11,1,0,10_1,1.0002155,-0.000789128,,-0.0002155,0.000789128
10,1,4.96002,11,1,0,10_1,1.0002463,-0.000795171,,-0.0002463,0.000795171
10,1,4.98002,11,1,0,10_1,1.0002781,-0.000801131,,-0.0002781,0.000801131
10,1,5.00002,11,1,0,10_1,1.000311,-0.000806928,,-0.000311,0.000806928
10,3,0,12,0.0949,1,10_3,0.09248477,0.99127233,,0.00241523,0.00872767
10,3,0.02,12,0.14145,0.99946,10_3,0.14790028,0.99289155,,-0.00645028,0.00656845
10,3,0.04,12,0.26917,0.99107,10_3,0.26819336,0.9879674,,0.00097664,0.0031026
10,3,0.06,12,0.38414,0.97571,10_3,0.3887831,0.97754717,,-0.0046431,-0.00183717
10,3,0.08,12,0.48731,0.95487,10_3,0.49142152,0.9597478,,-0.00411152,-0.0048778
10,3,0.1,12,0.57959,0.92976,10_3,0.58047795,0.93582046,,-0.00088795,-0.00606046
10,3,0.12,12,0.66184,0.90137,10_3,0.66014767,0.9074178,,0.00169233,-0.0060478
10,3,0.14,12,0.73488,0.87053,10_3,0.73207295,0.8757249,,0.00280705,-0.0051949
10,3,0.16,12,0.79947,0.8379,10_3,0.79676986,0.8416966,,0.00270014,-0.0037966
10,3,0.18,12,0.85634,0.80405,10_3,0.85446966,0.80617094,,0.00187034,-0.00212094
10,3,0.2,12,0.90617,0.76942,10_3,0.9053969,0.7698785,,0.0007731,-0.0004585
10,3,0.22,12,0.94958,0.73439,10_3,0.94985056,0.7334181,,-0.00027056,0.0009719
10,3,0.24,12,0.98718,0.69927,10_3,0.9882165,0.697248,,-0.0010365,0.002022
10,3,0.26,12,1.01949,0.66429,10_3,1.0209575,0.6616849,,-0.0014675,0.0026051
10,3,0.28,12,1.04704,0.62969,10_3,1.0485886,0.6269232,,-0.0015486,0.0027668
10,3,0.3,12,1.0703,0.59561,10_3,1.0716488,0.59305954,,-0.0013488,0.00255046
10,3,0.32,12,1.08969,0.56221,10_3,1.0906719,0.5601217,,-0.0009819,0.0020883
10,3,0.34,12,1.10563,0.52961,10_3,1.1061605,0.5280986,,-0.0005305,0.0015114
10,3,0.36,12,1.11848,0.49789,10_3,1.1185699,0.49696663,,-8.99E-05,0.00092337
10,3,0.38,12,1.12859,0.46713,10_3,1.1283009,0.46670985,,0.0002891,0.00042015
10,3,0.4,12,1.13627,0.4374,10_3,1.1356999,0.4373269,,0.0005701,7.31E-05
10,3,0.42,12,1.1418,0.40875,10_3,1.1410627,0.4088403,,0.0007373,-9.03E-05
10,3,0.44,12,1.14545,0.38122,10_3,1.144644,0.38129044,,0.000806,-7.044E-05
10,3,0.46,12,1.14745,0.35483,10_3,1.146665,0.3547309,,0.000785,9.91E-05
10,3,0.48,12,1.14804,0.3296,10_3,1.1473205,0.32922345,,0.0007195,0.00037655
10,3,0.5,12,1.1474,0.30555,10_3,1.1467855,0.30482823,,0.0006145,0.00072177
10,3,0.52,12,1.14572,0.28268,10_3,1.1452196,0.28159934,,0.0005004,0.00108066
10,3,0.54,12,1.14315,0.26099,10_3,1.1427704,0.2595805,,0.0003796,0.0014095
10,3,0.56,12,1.13985,0.24046,10_3,1.1395746,0.23879936,,0.0002754,0.00166064
10,3,0.58,12,1.13595,0.22109,10_3,1.1357588,0.2192701,,0.0001912,0.0018199
10,3,0.6,12,1.13156,0.20286,10_3,1.1314403,0.2009908,,0.0001197,0.0018692
10,3,0.62,12,1.1268,0.18574,10_3,1.126727,0.18394497,,7.3E-05,0.00179503
10,3,0.64,12,1.12174,0.16971,10_3,1.1217164,0.16810396,,2.36E-05,0.00160604
10,3,0.66,12,1.11648,0.15473,10_3,1.1164966,0.15342778,,-1.66E-05,0.00130222
10,3,0.68,12,1.11109,0.14077,10_3,1.1111451,0.139869,,-5.51E-05,0.000901
10,3,0.7,12,1.10563,0.1278,10_3,1.10573,0.12737344,,-0.0001,0.00042656
10,3,0.72,12,1.10015,0.11577,10_3,1.1003102,0.1158829,,-0.0001602,-0.0001129
10,3,0.74,12,1.0947,0.10465,10_3,1.0949348,0.10533651,,-0.0002348,-0.00068651
10,3,0.76,12,1.08932,0.09439,10_3,1.0896453,0.09567274,,-0.0003253,-0.00128274
10,3,0.78,12,1.08405,0.08494,10_3,1.0844754,0.08683032,,-0.0004254,-0.00189032
10,3,0.8,12,1.07891,0.07628,10_3,1.0794518,0.07874901,,-0.0005418,-0.00246901
10,3,0.82,12,1.07393,0.06835,10_3,1.0745951,0.07137115,,-0.0006651,-0.00302115
10,3,0.84,12,1.06911,0.06111,10_3,1.0699209,0.06464107,,-0.0008109,-0.00353107
10,3,0.86,12,1.06449,0.05451,10_3,1.0654397,0.058506325,,-0.0009497,-0.003996325
10,3,0.88,12,1.06006,0.04852,10_3,1.0611584,0.05291758,,-0.0010984,-0.00439758
10,3,0.9,12,1.05583,0.04309,10_3,1.0570806,0.047828507,,-0.0012506,-0.004738507
10,3,0.92,12,1.05181,0.03818,10_3,1.0532073,0.043196384,,-0.0013973,-0.005016384
10,3,0.94,12,1.048,0.03375,10_3,1.0495367,0.03898147,,-0.0015367,-0.00523147
10,3,0.96,12,1.0444,0.02977,10_3,1.0460659,0.035147272,,-0.0016659,-0.005377272
10,3,0.98,12,1.041,0.0262,10_3,1.0427905,0.03166003,,-0.0017905,-0.00546003
10,3,1,12,1.03781,0.02301,10_3,1.0397047,0.028488971,,-0.0018947,-0.005478971
10,3,1.02,12,1.03481,0.02016,10_3,1.036802,0.02560588,,-0.001992,-0.00544588
10,3,1.04,12,1.03201,0.01762,10_3,1.0340757,0.022985078,,-0.0020657,-0.005365078
10,3,1.06,12,1.0294,0.01537,10_3,1.0315182,0.020602956,,-0.0021182,-0.005232956
10,3,1.08,12,1.02697,0.01338,10_3,1.029122,0.018438287,,-0.002152,-0.005058287
10,3,1.1,12,1.0247,0.01161,10_3,1.0268794,0.016471475,,-0.0021794,-0.004861475
10,3,1.12,12,1.0226,0.01006,10_3,1.0247828,0.014684893,,-0.0021828,-0.004624893
10,3,1.14,12,1.02066,0.00869,10_3,1.0228246,0.013062365,,-0.0021646,-0.004372365
10,3,1.16,12,1.01886,0.0075,10_3,1.0209974,0.011589333,,-0.0021374,-0.004089333
10,3,1.18,12,1.0172,0.00645,10_3,1.0192938,0.01025252,,-0.0020938,-0.00380252
10,3,1.2,12,1.01567,0.00553,10_3,1.0177071,0.00903976,,-0.0020371,-0.00350976
10,3,1.22,12,1.01426,0.00474,10_3,1.0162302,0.007940084,,-0.0019702,-0.003200084
10,3,1.24,12,1.01297,0.00405,10_3,1.0148568,0.006943546,,-0.0018868,-0.002893546
10,3,1.26,12,1.01178,0.00345,10_3,1.0135808,0.006041057,,-0.0018008,-0.002591057
10,3,1.28,12,1.01069,0.00294,10_3,1.0123962,0.005224295,,-0.0017062,-0.002284295
10,3,1.3,12,1.0097,0.00249,10_3,1.0112972,0.004485913,,-0.0015972,-0.001995913
10,3,1.32,12,1.00879,0.00211,10_3,1.0102786,0.003818877,,-0.0014886,-0.001708877
10,3,1.34,12,1.00796,0.00178,10_3,1.0093354,0.003217101,,-0.0013754,-0.001437101
10,3,1.36,12,1.0072,0.0015,10_3,1.0084627,0.002674833,,-0.0012627,-0.001174833
10,3,1.38,12,1.00651,0.00126,10_3,1.0076559,0.002186999,,-0.0011459,-0.000926999
10,3,1.4,12,1.00588,0.00106,10_3,1.0069107,0.001748763,,-0.0010307,-0.000688763
10,3,1.42,12,1.00531,0.00089,10_3,1.0062232,0.001355849,,-0.0009132,-0.000465849
10,3,1.44,12,1.00479,0.00074,10_3,1.0055895,0.00100442,,-0.0007995,-0.00026442
10,3,1.46,12,1.00432,0.00062,10_3,1.005006,0.000690803,,-0.000686,-7.08029E-05
10,3,1.48,12,1.00389,0.00051,10_3,1.0044693,0.000411697,,-0.0005793,9.83033E-05
10,3,1.5,12,1.00351,0.00042,10_3,1.0039762,0.000164174,,-0.0004662,0.000255826
10,3,1.52,12,1.00316,0.00035,10_3,1.003524,-5.45E-05,,-0.000364,0.000404523
10,3,1.54,12,1.00284,0.00029,10_3,1.0031095,-0.000246972,,-0.0002695,0.000536972
10,3,1.56,12,1.00256,0.00024,10_3,1.0027303,-0.000415429,,-0.0001703,0.000655429
10,3,1.58,12,1.0023,0.0002,10_3,1.0023838,-0.000561968,,-8.38E-05,0.000761968
10,3,1.6,12,1.00206,0.00016,10_3,1.0020679,-0.00068862,,-7.9E-06,0.00084862
10,3,1.62,12,1.00185,0.00013,10_3,1.0017803,-0.000796936,,6.97E-05,0.000926936
10,3,1.64,12,1.00167,0.00011,10_3,1.0015188,-0.000888824,,0.0001512,0.000998824
10,3,1.66,12,1.00149,9.00E-05,10_3,1.0012819,-0.000965662,,0.0002081,0.001055662
10,3,1.68,12,1.00134,7.00E-05,10_3,1.0010674,-0.001028687,,0.0002726,0.001098687
10,3,1.7,12,1.0012,6.00E-05,10_3,1.0008738,-0.001079381,,0.0003262,0.001139381
10,3,1.72,12,1.00108,5.00E-05,10_3,1.0006996,-0.001118727,,0.0003804,0.001168727
10,3,1.74,12,1.00097,4.00E-05,10_3,1.0005434,-0.001147822,,0.0004266,0.001187822
10,3,1.76,12,1.00086,3.00E-05,10_3,1.0004038,-0.001167737,,0.0004562,0.001197737
10,3,1.78,12,1.00077,2.00E-05,10_3,1.0002792,-0.001179278,,0.0004908,0.001199278
10,3,1.8,12,1.00069,2.00E-05,10_3,1.0001689,-0.001183286,,0.0005211,0.001203286
10,3,1.82,12,1.00062,2.00E-05,10_3,1.0000715,-0.001180574,,0.0005485,0.001200574
10,3,1.84,12,1.00055,1.00E-05,10_3,0.99998605,-0.001171716,,0.00056395,0.001181716
10,3,1.86,12,1.0005,1.00E-05,10_3,0.99991155,-0.00115744,,0.00058845,0.00116744
10,3,1.88,12,1.00044,1.00E-05,10_3,0.9998471,-0.001138397,,0.0005929,0.001148397
10,3,1.9,12,1.0004,1.00E-05,10_3,0.9997919,-0.00111495,,0.0006081,0.00112495
10,3,1.92,12,1.00035,0,10_3,0.9997452,-0.001087762,,0.0006048,0.001087762
10,3,1.94,12,1.00031,0,10_3,0.99970615,-0.00105723,,0.00060385,0.00105723
10,3,1.96,12,1.00028,0,10_3,0.99967414,-0.001023747,,0.00060586,0.001023747
10,3,1.98,12,1.00025,0,10_3,0.9996485,-0.000987716,,0.0006015,0.000987716
10,3,2,12,1.00022,0,10_3,0.9996287,-0.000949591,,0.0005913,0.000949591
10,3,2.02,12,1.0002,0,10_3,0.9996142,-0.000909552,,0.0005858,0.000909552
10,3,2.04,12,1.00017,0,10_3,0.99960434,-0.000867911,,0.00056566,0.000867911
10,3,2.06,12,1.00015,0,10_3,0.99959886,-0.00082507,,0.00055114,0.00082507
10,3,2.08,12,1.00014,0,10_3,0.99959713,-0.000781126,,0.00054287,0.000781126
10,3,2.1,12,1.00012,0,10_3,0.99959886,-0.000736408,,0.00052114,0.000736408
10,3,2.12,12,1.00011,0,10_3,0.99960357,-0.000691138,,0.00050643,0.000691138
10,3,2.14,12,1.00009,0,10_3,0.9996111,-0.000645407,,0.0004789,0.000645407
10,3,2.16,12,1.00008,0,10_3,0.999621,-0.000599518,,0.000459,0.000599518
10,3,2.18,12,1.00007,0,10_3,0.99963284,-0.000553474,,0.00043716,0.000553474
10,3,2.2,12,1.00006,0,10_3,0.9996465,-0.000507571,,0.0004135,0.000507571
10,3,2.22,12,1.00005,0,10_3,0.9996617,-0.000461809,,0.0003883,0.000461809
10,3,2.24,12,1.00005,0,10_3,0.9996783,-0.000416495,,0.0003717,0.000416495
10,3,2.26,12,1.00004,0,10_3,0.99969584,-0.000371516,,0.00034416,0.000371516
10,3,2.28,12,1.00003,0,10_3,0.9997143,-0.00032711,,0.0003157,0.00032711
10,3,2.3,12,1.00003,0,10_3,0.99973345,-0.000283301,,0.00029655,0.000283301
10,3,2.32,12,1.00002,0,10_3,0.9997532,-0.000240281,,0.0002668,0.000240281
10,3,2.34,12,1.00002,0,10_3,0.99977314,-0.000197947,,0.00024686,0.000197947
10,3,2.36,12,1.00001,0,10_3,0.9997934,-0.000156462,,0.0002166,0.000156462
10,3,2.38,12,1.00001,0,10_3,0.99981374,-0.000115886,,0.00019626,0.000115886
10,3,2.4,12,1.00001,0,10_3,0.999834,-7.62E-05,,0.000176,7.6212E-05
10,3,2.42,12,1,0,10_3,0.9998542,-3.76E-05,,0.0001458,3.75509E-05
10,3,2.44,12,1,0,10_3,0.99987406,1.19E-07,,0.00012594,-1.19209E-07
10,3,2.46,12,1,0,10_3,0.9998937,3.67E-05,,0.0001063,-3.67016E-05
10,3,2.48,12,1,0,10_3,0.9999129,7.23E-05,,8.71E-05,-7.22855E-05
10,3,2.5,12,1,0,10_3,0.9999316,0.00010667,,6.84E-05,-0.00010667
10,3,2.52,12,0.99999,0,10_3,0.9999498,0.000139974,,4.02E-05,-0.000139974
10,3,2.54,12,0.99999,0,10_3,0.99996734,0.000172228,,2.266E-05,-0.000172228
10,3,2.56,12,0.99999,0,10_3,0.9999843,0.000203237,,5.7E-06,-0.000203237
10,3,2.58,12,0.99999,0,10_3,1.0000005,0.000233144,,-1.05E-05,-0.000233144
10,3,2.6,12,0.99999,0,10_3,1.000016,0.000261933,,-2.6E-05,-0.000261933
10,3,2.62,12,0.99999,0,10_3,1.0000308,0.0002895,,-4.08E-05,-0.0002895
10,3,2.64,12,0.99999,0,10_3,1.0000447,0.000315934,,-5.47E-05,-0.000315934
10,3,2.66,12,0.99999,0,10_3,1.0000579,0.000341229,,-6.79E-05,-0.000341229
10,3,2.68,12,0.99999,0,10_3,1.0000703,0.000365406,,-8.03E-05,-0.000365406
10,3,2.7,12,0.99999,0,10_3,1.0000818,0.000388421,,-9.18E-05,-0.000388421
10,3,2.72,12,0.99999,0,10_3,1.0000925,0.000410244,,-0.0001025,-0.000410244
10,3,2.74,12,0.99999,0,10_3,1.0001022,0.000431024,,-0.0001122,-0.000431024
10,3,2.76,12,0.99999,0,10_3,1.0001112,0.000450663,,-0.0001212,-0.000450663
10,3,2.78,12,1,0,10_3,1.0001192,0.000469275,,-0.0001192,-0.000469275
10,3,2.8,12,1,0,10_3,1.0001265,0.000486709,,-0.0001265,-0.000486709
10,3,2.82,12,1,0,10_3,1.0001329,0.000503086,,-0.0001329,-0.000503086
10,3,2.84,12,1,0,10_3,1.0001384,0.000518419,,-0.0001384,-0.000518419
10,3,2.86,12,1,0,10_3,1.0001432,0.000532754,,-0.0001432,-0.000532754
10,3,2.88,12,1,0,10_3,1.000147,0.000546053,,-0.000147,-0.000546053
10,3,2.9,12,1,0,10_3,1.0001501,0.000558324,,-0.0001501,-0.000558324
10,3,2.92,12,1,0,10_3,1.0001525,0.000569627,,-0.0001525,-0.000569627
10,3,2.94,12,1,0,10_3,1.0001539,0.000579998,,-0.0001539,-0.000579998
10,3,2.96,12,1,0,10_3,1.0001547,0.000589445,,-0.0001547,-0.000589445
10,3,2.98,12,1,0,10_3,1.0001549,0.000597924,,-0.0001549,-0.000597924
10,3,3,12,1,0,10_3,1.0001541,0.000605494,,-0.0001541,-0.000605494
10,3,3.02,12,1,0,10_3,1.0001528,0.000612214,,-0.0001528,-0.000612214
10,3,3.04,12,1,0,10_3,1.0001508,0.000618063,,-0.0001508,-0.000618063
10,3,3.06,12,1,0,10_3,1.0001482,0.0006231,,-0.0001482,-0.0006231
10,3,3.08,12,0.99999,0,10_3,1.000145,0.000627287,,-0.000155,-0.000627287
10,3,3.1,12,0.99999,0,10_3,1.0001411,0.000630692,,-0.0001511,-0.000630692
10,3,3.12,12,1,0,10_3,1.0001367,0.000633292,,-0.0001367,-0.000633292
10,3,3.14,12,1,0,10_3,1.0001318,0.000635162,,-0.0001318,-0.000635162
10,3,3.16,12,0.99999,0,10_3,1.0001264,0.000636324,,-0.0001364,-0.000636324
10,3,3.18,12,0.99999,0,10_3,1.0001205,0.00063666,,-0.0001305,-0.00063666
10,3,3.2,12,0.99999,0,10_3,1.0001141,0.000636488,,-0.0001241,-0.000636488
10,3,3.22,12,0.99999,0,10_3,1.0001074,0.000635535,,-0.0001174,-0.000635535
10,3,3.24,12,0.99999,0,10_3,1.0001003,0.00063397,,-0.0001103,-0.00063397
10,3,3.26,12,0.99999,0,10_3,1.0000927,0.00063172,,-0.0001027,-0.00063172
10,3,3.28,12,0.99999,0,10_3,1.0000849,0.000628889,,-9.49E-05,-0.000628889
10,3,3.3,12,0.99999,0,10_3,1.0000768,0.000625484,,-8.68E-05,-0.000625484
10,3,3.32,12,1,0,10_3,1.0000683,0.000621535,,-6.83E-05,-0.000621535
10,3,3.34,12,1,0,10_3,1.0000596,0.000616998,,-5.96E-05,-0.000616998
10,3,3.36,12,1,0,10_3,1.0000507,0.000611916,,-5.07E-05,-0.000611916
10,3,3.38,12,1,0,10_3,1.0000416,0.000606403,,-4.16E-05,-0.000606403
10,3,3.4,12,1,0,10_3,1.0000324,0.000600345,,-3.24E-05,-0.000600345
10,3,3.42,12,1.00001,0,10_3,1.000023,0.000593789,,-1.3E-05,-0.000593789
10,3,3.44,12,1.00001,0,10_3,1.0000136,0.000586852,,-3.6E-06,-0.000586852
10,3,3.46,12,1.00001,0,10_3,1.000004,0.000579417,,6E-06,-0.000579417
10,3,3.48,12,1.00001,0,10_3,0.99999446,0.000571616,,1.554E-05,-0.000571616
10,3,3.5,12,1.00001,0,10_3,0.99998486,0.000563368,,2.514E-05,-0.000563368
10,3,3.52,12,1.00001,0,10_3,0.9999753,0.00055474,,3.47E-05,-0.00055474
10,3,3.54,12,1.00001,0,10_3,0.9999658,0.000545807,,4.42E-05,-0.000545807
10,3,3.56,12,1.00001,0,10_3,0.9999563,0.000536464,,5.37E-05,-0.000536464
10,3,3.58,12,1.00001,0,10_3,0.99994695,0.000526845,,6.305E-05,-0.000526845
10,3,3.6,12,1.00002,0,10_3,0.99993765,0.000516824,,8.235E-05,-0.000516824
10,3,3.62,12,1.00002,0,10_3,0.9999286,0.000506662,,9.14E-05,-0.000506662
10,3,3.64,12,1.00002,0,10_3,0.99991965,0.000496112,,0.00010035,-0.000496112
10,3,3.66,12,1.00002,0,10_3,0.9999109,0.000485286,,0.0001091,-0.000485286
10,3,3.68,12,1.00002,0,10_3,0.99990237,0.000474237,,0.00011763,-0.000474237
10,3,3.7,12,1.00002,0,10_3,0.9998941,0.000462964,,0.0001259,-0.000462964
10,3,3.72,12,1.00002,0,10_3,0.9998861,0.00045146,,0.0001339,-0.00045146
10,3,3.74,12,1.00002,0,10_3,0.9998784,0.000439748,,0.0001416,-0.000439748
10,3,3.76,12,1.00002,0,10_3,0.99987096,0.000427842,,0.00014904,-0.000427842
10,3,3.78,12,1.00002,0,10_3,0.9998639,0.00041572,,0.0001561,-0.00041572
10,3,3.8,12,1.00002,0,10_3,0.9998573,0.000403442,,0.0001627,-0.000403442
10,3,3.82,12,1.00002,0,10_3,0.9998509,0.000391074,,0.0001691,-0.000391074
10,3,3.84,12,1.00002,0,10_3,0.999845,0.000378549,,0.000175,-0.000378549
10,3,3.86,12,1.00002,0,10_3,0.99983954,0.000365838,,0.00018046,-0.000365838
10,3,3.88,12,1.00002,0,10_3,0.9998345,0.000353105,,0.0001855,-0.000353105
10,3,3.9,12,1.00002,0,10_3,0.99982995,0.000340186,,0.00019005,-0.000340186
10,3,3.92,12,1.00002,0,10_3,0.99982584,0.000327237,,0.00019416,-0.000327237
10,3,3.94,12,1.00002,0,10_3,0.9998223,0.000314146,,0.0001977,-0.000314146
10,3,3.96,12,1.00002,0,10_3,0.9998193,0.000301041,,0.0002007,-0.000301041
10,3,3.98,12,1.00002,0,10_3,0.9998167,0.000287816,,0.0002033,-0.000287816
10,3,4,12,1.00002,0,10_3,0.9998148,0.000274599,,0.0002052,-0.000274599
10,3,4.02,12,1.00002,0,10_3,0.99981344,0.000261351,,0.00020656,-0.000261351
10,3,4.04,12,1.00002,0,10_3,0.99981266,0.000248075,,0.00020734,-0.000248075
10,3,4.06,12,1.00002,0,10_3,0.9998125,0.000234731,,0.0002075,-0.000234731
10,3,4.08,12,1.00002,0,10_3,0.99981296,0.000221416,,0.00020704,-0.000221416
10,3,4.1,12,1.00002,0,10_3,0.99981403,0.00020811,,0.00020597,-0.00020811
10,3,4.12,12,1.00002,0,10_3,0.99981576,0.000194781,,0.00020424,-0.000194781
10,3,4.14,12,1.00002,0,10_3,0.9998182,0.000181526,,0.0002018,-0.000181526
10,3,4.16,12,1.00002,0,10_3,0.99982136,0.000168264,,0.00019864,-0.000168264
10,3,4.18,12,1.00002,0,10_3,0.9998251,0.000155069,,0.0001949,-0.000155069
10,3,4.2,12,1.00002,0,10_3,0.99982965,0.000141874,,0.00019035,-0.000141874
10,3,4.22,12,1.00002,0,10_3,0.9998349,0.000128731,,0.0001851,-0.000128731
10,3,4.24,12,1.00002,0,10_3,0.99984086,0.000115648,,0.00017914,-0.000115648
10,3,4.26,12,1.00002,0,10_3,0.9998476,0.000102647,,0.0001724,-0.000102647
10,3,4.28,12,1.00002,0,10_3,0.99985504,8.97E-05,,0.00016496,-8.97199E-05
10,3,4.3,12,1.00001,0,10_3,0.99986327,7.68E-05,,0.00014673,-7.68304E-05
10,3,4.32,12,1.00001,0,10_3,0.9998724,6.41E-05,,0.0001376,-6.40973E-05
10,3,4.34,12,1.00001,0,10_3,0.9998822,5.14E-05,,0.0001278,-5.13867E-05
10,3,4.36,12,1.00001,0,10_3,0.9998928,3.88E-05,,0.0001172,-3.88175E-05
10,3,4.38001,12,1.00001,0,10_3,0.9999043,2.63E-05,,0.0001057,-2.63304E-05
10,3,4.40001,12,1.00001,0,10_3,0.99991643,1.40E-05,,9.357E-05,-1.39773E-05
10,3,4.42001,12,1.00001,0,10_3,0.99992955,1.70E-06,,8.045E-05,-1.69873E-06
10,3,4.44001,12,1.00001,0,10_3,0.9999434,-1.05E-05,,6.66E-05,1.04606E-05
10,3,4.46001,12,1.00001,0,10_3,0.9999582,-2.25E-05,,5.18E-05,2.24933E-05
10,3,4.48001,12,1.00001,0,10_3,0.9999738,-3.44E-05,,3.62E-05,3.44142E-05
10,3,4.50001,12,1,0,10_3,0.9999903,-4.62E-05,,9.7E-06,4.61563E-05
10,3,4.52001,12,1,0,10_3,1.0000076,-5.78E-05,,-7.6E-06,5.78463E-05
10,3,4.54001,12,1,0,10_3,1.0000257,-6.94E-05,,-2.57E-05,6.93575E-05
10,3,4.56001,12,1,0,10_3,1.0000448,-8.08E-05,,-4.48E-05,8.07643E-05
10,3,4.58001,12,1,0,10_3,1.0000648,-9.20E-05,,-6.48E-05,9.19551E-05
10,3,4.60001,12,1,0,10_3,1.0000857,-0.000103086,,-8.57E-05,0.000103086
10,3,4.62001,12,0.99999,0,10_3,1.0001074,-0.000113979,,-0.0001174,0.000113979
10,3,4.64001,12,0.99999,0,10_3,1.00013,-0.00012482,,-0.00014,0.00012482
10,3,4.66001,12,0.99999,0,10_3,1.0001535,-0.000135466,,-0.0001635,0.000135466
10,3,4.68001,12,0.99999,0,10_3,1.0001781,-0.000145972,,-0.0001881,0.000145972
10,3,4.70001,12,0.99999,0,10_3,1.0002034,-0.000156298,,-0.0002134,0.000156298
10,3,4.72001,12,0.99999,0,10_3,1.0002297,-0.000166565,,-0.0002397,0.000166565
10,3,4.74001,12,0.99999,0,10_3,1.0002569,-0.000176571,,-0.0002669,0.000176571
10,3,4.76001,12,0.99999,0,10_3,1.000285,-0.000186503,,-0.000295,0.000186503
10,3,4.78001,12,0.99999,0,10_3,1.0003141,-0.000196189,,-0.0003241,0.000196189
10,3,4.80001,12,0.99999,0,10_3,1.0003442,-0.000205755,,-0.0003542,0.000205755
10,3,4.82002,12,0.99999,0,10_3,1.0003752,-0.00021521,,-0.0003852,0.00021521
10,3,4.84002,12,0.99999,0,10_3,1.000407,-0.000224486,,-0.000417,0.000224486
10,3,4.86002,12,0.99999,0,10_3,1.0004399,-0.000233606,,-0.0004499,0.000233606
10,3,4.88002,12,0.99999,0,10_3,1.0004737,-0.000242554,,-0.0004837,0.000242554
10,3,4.90002,12,1,0,10_3,1.0005084,-0.000251375,,-0.0005084,0.000251375
10,3,4.92002,12,1,0,10_3,1.0005442,-0.000260018,,-0.0005442,0.000260018
10,3,4.94002,12,1,0,10_3,1.0005809,-0.000268564,,-0.0005809,0.000268564
10,3,4.96002,12,1,0,10_3,1.0006185,-0.000276908,,-0.0006185,0.000276908
10,3,4.98002,12,1,0,10_3,1.0006572,-0.000285134,,-0.0006572,0.000285134
10,3,5.00002,12,1,0,10_3,1.0006968,-0.000293165,,-0.0006968,0.000293165
